page,type,raw,translation,note
-7,术语,quant trader,量化交易员,依靠数学模型和计算机程序系统化下单的交易员，与依赖人工判断的主观交易员相对
-7,多义,exploiting market inefficiencies,利用市场低效获利,exploit 本句义：利用（机会）获利；常见义：剥削；inefficiency 指市场定价失灵带来的可赚钱机会
-7,词组,get them up to speed,让他们尽快进入状态,up to speed 达到应有水平；get sb up to speed 帮某人快速掌握所需知识
-7,生词,the myriad of disciplines,纷繁众多的学科领域,myriad 无数、极多；discipline 此处指学科/专业领域，非纪律
-7,词组,first-hand,亲身地；亲眼,与 secondhand（二手的、间接的）相对，指直接经历所得
-7,术语,allocator to smaller quant funds,面向小型量化基金的资金配置者,allocator 指把资金分配给各基金管理人的机构或个人投资者，即出资方（LP）视角
-7,生词,dispassionately,冷静客观地,dis- 否定前缀 + passionate；指不带感情倾向、不偏不倚地（陈述）
-7,难句,"Few people have figured out how to do that, and those of us who have are understandably reluctant to share our secrets.",很少有人真正弄明白了怎么做到这一点，而我们这些弄明白了的人不愿分享自己的秘诀，也是可以理解的。,those of us who have 中 have 是助动词，承前省略 figured out how to do that；understandably reluctant＝不情愿得情有可原
-5,词组,in the wake of,紧随…之后；在…之后,原义为船驶过留下的尾流，引申为紧跟在（重大事件）之后
-5,术语,the August 2007 quant meltdown,2007年8月量化崩盘,指2007年8月初多家量化股票基金数日内同步巨亏又部分反弹的事件；meltdown 原指核反应堆熔毁，引申为市场崩溃
-5,生词,unfathomable,难以理解的；深不可测的,fathom 原为测水深单位，动词引申为弄懂；un-…-able 即无法理解的
-5,生词,retorted,反驳道；回嘴道,指立刻用机智或尖锐的话回应，比 reply 带对抗色彩
-5,难句,"All it took was a brief hesitation in response, and Steve had already punched out an email to Wiley Finance, publisher of his legendary Inside the House of Money, on his Blackberry, insisting that they publish my then-nonexistent (and not-yet-conceived) book.",我只不过回应时略一迟疑，Steve 就已经在他的黑莓手机上敲出一封邮件，发给出版过他那本传奇之作《Inside the House of Money》的 Wiley Finance 出版社，坚持要他们出版我这本当时还不存在（甚至还没构思出来）的书。,All it took was…＝所需要的只是…；and 后半句用过去完成时表动作抢先完成；publisher of… 是 Wiley Finance 的同位语插入；insisting 分词伴随；then-nonexistent＝当时尚不存在的
-5,生词,contentious,争议激烈的,contend（争夺）的形容词，指引发激烈争吵对立的；易与 continuous 形近混淆
-5,生词,a plethora of natural disasters,大量的自然灾害,plethora 正式书面语：过多、大量，相当于 a large number of，原带过剩意味
-5,文化,"FOMO, YOLO, and HODL",FOMO（怕错过）、YOLO（人生只有一次）、HODL（死拿不卖）,散户投机文化三个流行缩略语：Fear Of Missing Out；You Only Live Once；HODL 源自比特币论坛把 hold 拼错的帖子，后指坚决持有不卖
-5,生词,an extant problem,一个现存的问题,extant 正式书面语：现存的、尚存的；易与 extent（程度）形近混淆
-5,生词,ameliorate,改善；缓解,正式书面语，相当于 improve，常用于缓解疾病、问题等
-5,多义,the advent of Large Language Models,大语言模型的问世,advent 本句义：（重大新事物的）出现、到来；宗教中大写 Advent 指基督降临节
-4,生词,eventful,多事的；大事频出的,event + -ful，指一段时间内发生了许多重要事件；与 uneventful（平淡无事）相对
-4,多义,fringe,边缘的；非主流的,本句义：处于行业边缘、少数人使用的；常见义：流苏、（头发）刘海、外缘
-4,生词,ubiquitous,无处不在的,正式书面语，指同时出现在各处、随处可见，近义 omnipresent
-4,术语,Alternative datasets,另类数据（集）,指行情和财报以外的非传统数据源（如卫星图像、刷卡消费、网络爬虫数据），用于挖掘投资信号
-4,生词,an explication of,对…的详细阐释,explicate 比 explain 正式，强调逐点展开说明
-4,多义,far more topical,应时得多；更贴近当时热点,topical 本句义：与当下热点相关的；另一常见义（医药）：外用的、局部的
-4,词组,sniff out,嗅出；发掘,原指猎犬凭嗅觉找出目标，引申为敏锐地发现隐藏的（机会、问题）
-4,术语,utility functions,效用函数,经济学概念：把参与者偏好和满足感数量化的函数；参与者效用函数各异导致行为差异，从而产生可利用的定价偏差
-4,生词,suboptimal,次优的,sub-（低于）+ optimal（最优的），指未达到最优水平的
-4,词组,gain prominence,声名鹊起；日益受到瞩目,prominence 突出地位；gain/rise to prominence 指影响力和知名度不断上升
-4,难句,"Quants continue to have only modestly-better-than-random odds of success on any given forecast or position and continue to rely on diversification of bets (either across many positions at once, or by taking many bets over time, or both).",量化交易者在任何单笔预测或头寸上的成功率仍然只比随机猜测略高，因而继续依靠押注的分散化——要么同时持有许多头寸，要么随时间做许多次押注，要么两者兼有。,modestly-better-than-random 连字符复合形容词修饰 odds；and 并列两个 continue to；括号内 either…or…or both 三选结构说明分散化的途径
-3,词组,on the back of Steve’s say-so,全凭 Steve 的一句担保,on the back of 依靠、凭借；say-so 口头保证、一句话（无需书面依据）
-3,生词,deftly,灵巧娴熟地,deft 手巧的、利落的；形容技巧熟练又轻松的做事方式
-3,词组,sounding board,倾诉与检验想法的对象；参谋,原指乐器或讲坛上的共鸣板，引申为帮你检验想法、给出反馈的人
-3,多义,a much bigger lift,一件费力得多的大工程,lift 本句义：费力的任务、工作量（heavy lift）；常见义：举起、电梯、搭便车
3,多义,trading desks,交易台；交易部门,desk 此处指投行或基金内按业务划分的交易团队，非字面桌子
3,多义,capitalize on his quantitative background,利用（自己的量化背景）,capitalize on 本句义：趁势利用…获益；常见义：资本化、把…大写
3,多义,the Street,华尔街,Wall Street 的简称，泛指美国证券业；首字母大写以区别普通 street
3,多义,equity volume,股票成交量,equity 此处指股票（而非净资产、权益）；volume 指成交量
3,词组,More relevant to his investors,对他的投资人来说更要紧的是,relevant to 与…切身相关；句首形容词短语作状语引出更重要的信息
3,多义,long this stock or short that one,做多这只股票或做空那只,long/short 此处表持有多头/空头头寸；常见义：长的/短的
3,多义,universe of thousands of stocks,数千只股票的股票池,universe 本句义：策略覆盖的全部可交易标的范围；常见义：宇宙
3,词组,for the most part,大体上；多数情况下,插入语，相当于 mostly、in general
3,多义,the health of his strategy,策略的健康状况,health 引申义：运行状态是否良好，非身体健康
3,词组,on an ongoing basis,持续不断地,on a … basis 表以…方式/频率；ongoing 进行中的、持续的
3,难句,"Despite trading billions of dollars of stock every day, there is no shouting at John’s hedge fund, no orders being given over the phone, and no drama in the air; in fact, the only sign that there is any trading going on at all is the large flat-screen television in John’s office that shows the strategy’s performance throughout the day and its trading volume.",尽管每天交易数十亿美元的股票，John 的对冲基金里却没有人喊单、没有人打电话下指令、也没有任何紧张戏剧性的气氛；事实上，唯一能看出这里在交易的迹象，是 John 办公室里那台全天显示策略业绩和成交量的大平板电视。,Despite + 动名词作让步状语；no shouting、no orders、no drama 三个并列否定；分号后主语是 the only sign（带 that 同位语从句），表语 television 又带 that 定语从句
4,多义,loftier,更高远的；更宏大的,lofty 本句义：（目标）高远的；常见义：高耸的；也可贬义指高傲的
4,生词,replicate,复制；复现,指按同样方法重现（结果、成功），科研语境高频词
4,多义,accommodate large investments,容纳（大额资金）,accommodate 本句义：（策略）容纳得下资金规模；常见义：为…提供住处、迁就
4,多义,fleeting,转瞬即逝的,形容机会、时光短暂；与名词 fleet（舰队）同形异源
4,生词,endeavor,事业；尝试,正式书面语，指需要投入努力的事业或尝试；动词义为努力做
4,词组,here to stay,将长期存在；已站稳脚跟,习语：指新事物已被普遍接受、不会消失
4,生词,widely panned,广受抨击,pan 此处为口语动词：严厉批评、贬得一文不值（影评常用），非平底锅义
4,语法,nearly (but for the intervention of Federal Reserve banking officials and a consortium of Wall Street banks) brought the financial world to its knees,若非美联储官员和华尔街银行团出手干预，（LTCM）几乎让整个金融世界崩溃,but for＝若非、要不是（虚拟条件）；括号插入语打断 nearly brought；bring…to its knees 使…屈膝、崩溃
4,生词,consortium,财团；银行团,多家机构为共同目的临时组成的联合体，复数 consortia
4,生词,debacle,惨败；崩盘,法语借词，指溃败式的灾难性失败
4,难句,"The firm, which averaged 30 percent returns after fees for four years, lost nearly 100 percent of its capital in the debacle of August–October 1998 and left many investors both skeptical and afraid of quant traders.",这家公司此前连续四年费后年均回报30%，却在1998年8–10月的崩盘中亏掉了几乎全部资本，让许多投资人从此对量化交易员既怀疑又恐惧。,which 非限定性定语从句插入主谓之间；lost 与 left 并列谓语；leave sb + 形容词补语（both skeptical and afraid）
4,语法,"Never mind that it is debatable whether this was a quant trading failure or a failure of human judgment in risk management, nor that it’s questionable whether LTCM was even a quant trading firm at all.",且不说这究竟是量化交易的失败还是人为风险管理判断的失败本身就有争议，LTCM 到底算不算一家量化交易公司也同样存疑。,"Never mind that…, nor that…＝且不说…，也别提…；两个 that 从句内各嵌一个 whether 从句；at all 加强质疑语气"
4,生词,debatable,有争议的,debate + -able，指尚无定论、可以两说的；近义 questionable（存疑的）
4,词组,staffed by PhDs,人员由博士们组成,staff 作动词：为…配备人员；be staffed by/with 表人员构成
4,词组,guilty by association,连坐；因关联被视为有罪,习语：并非自身有过错，而是因与出事者同类或有关联而被牵连指责
4,生词,the eponymous quant liquidation of 2007,以量化为名的2007年清算事件,eponymous 指名称由某人某物而来的；此处指这场清算直接以 quant 命名（即量化大清算）
5,多义,posting a 6 percent loss,录得（6%的亏损）,post 本句义：公布、录得（业绩数字）；常见义：邮寄、张贴
5,多义,was down an estimated 40 percent,下跌了约40%,down 表下跌幅度；estimated 前置表示估计约为
5,生词,rebounded,反弹,re-（回）+ bound（弹跳）；指价格或业绩回升
5,词组,for the remainder of the month,在当月余下的时间里,remainder 剩余部分，比 rest 正式
5,词组,came to a head,（危机）总爆发；到达顶点,习语：原指脓疮出头，引申为矛盾积累到爆发点
5,词组,gaps in his logic large enough to drive an 18-wheeler through,他逻辑上的漏洞大得能开进一辆18轮大卡车,夸张习语：drive a truck through the gaps 形容漏洞极大；18-wheeler 指美式长途重型半挂卡车
5,词组,came into the public consciousness,进入公众视野,consciousness 意识；come into public consciousness 指开始被大众普遍知晓
5,术语,Flash Crash,闪电崩盘（2010年5月10日）,美股盘中约15分钟暴跌近7%、约1万亿美元市值蒸发后又迅速收复大半的事件；量化与高频交易因此广受指责
5,词组,various corners of the investment and trading world,投资界与交易界的各方人士,corner 引申义：领域中的圈子、角落，指来自四面八方的群体
5,词组,the claims leveled against it,对它提出的种种指控,level 作动词：把（指控、批评）对准某对象，常与 against/at 连用
5,多义,many other evils,许多其他恶行,evil 作可数名词指具体的恶行、弊病，非抽象的邪恶
5,词组,left the near-total obscurity they enjoyed,告别了他们曾享有的近乎无人知晓的状态,obscurity 默默无闻；enjoy 此处指享有（某种状态），含反讽——无人关注反而自在
5,词组,on a regular basis,经常；定期,相当于 regularly；on a … basis 句型的高频搭配
5,术语,front-running,抢跑交易,指利用他人订单信息抢先下单、待对方订单推动价格后获利的行为，属市场操纵指控之一
5,术语,Commodity Trading Advisor,商品交易顾问；实指管理期货基金,以代客交易期货为特征的机构注册类别（简称 CTA），该类别本身并不要求系统化交易
5,难句,"While they correctly categorize Cayler as a Commodity Trading Advisor (CTA, for short, and a type of institution that is distinguished only by its trading of futures on behalf of clients—not by being systematic in so doing), they lump his firm in with trend followers.",虽然他们正确地把 Cayler 归类为商品交易顾问（简称 CTA，这类机构的特征仅在于代客交易期货，而不在于以系统化方式交易），却把他的公司与趋势跟随者混为一谈。,While 让步从句；括号内长插入语解释 CTA，内含 that 定语从句和 only by…not by… 对比；lump…in with… 把…不加区分地归为一类
5,生词,vis-à-vis oil prices,就油价而言,vis-à-vis 法语借词，正式书面语：相对于、关于
6,词组,Leaving aside,撇开…不谈,分词短语作状语，相当于 setting aside、apart from
6,多义,all the ills,所有弊病,ill 作可数名词：弊病、祸害；非形容词生病的
6,术语,algorithmic execution,算法执行,用计算机程序把买卖订单拆分并自动送入电子市场完成的执行方式
6,多义,can be worked using execution algorithms,（订单）被拆单执行,work 本句义：处理、运作（订单），指拆成小单逐步执行；常见义：工作
6,术语,discretionary macro trader,主观宏观交易员,discretionary 主观决策型（依赖人的判断，与系统化相对）；macro 指基于宏观经济判断跨资产类别交易
6,多义,the exclusive domain of,…的专属领地,domain 本句义：专属范围、领域；常见义：域名、领土
6,多义,one footprint of quant strategies,量化策略的一个足迹,footprint 引申义：某事物存在留下的印记、痕迹，非字面脚印
6,多义,algorithmic trading engines,算法交易系统,engine 引申义：软件系统的核心引擎，非发动机
6,词组,A mere five such quant traders,仅仅五家这样的量化交易机构,mere 强调数量之少；a + 数词把数量视为一个整体
6,词组,in aggregate,合计；总共,aggregate 总量；相当于 in total，正式书面语
6,词组,It is worth noting that,值得注意的是,worth + 动名词句型；书面写作常用来引出补充要点
6,多义,after all the press surrounding high-frequency trading,尽管高频交易被媒体大量报道之后,press 本句义：媒体报道（不可数）；常见义：印刷机、按压；surrounding 围绕…的
6,难句,"As of 2017, algorithmic trading—which to be clear, represents only the execution of trades, not whether the determinant of that investment decision came via a human utilizing a trading algorithm or a systematic investing strategy utilizing potentially the same kind of algorithm—accounted for about 70 percent of equity trading, 50 percent of futures trading, 40 percent of options trading, 25 percent of foreign exchange trading, and almost 10 percent of fixed income trading.",截至2017年，算法交易——需要说明，它仅指交易的执行方式，而不论投资决策出自使用交易算法的人，还是出自可能使用同类算法的系统化投资策略——约占股票交易的70%、期货交易的50%、期权交易的40%、外汇交易的25%，以及固定收益交易的近10%。,As of 截至；双破折号间超长插入语，内含 not whether A or B 选择结构；主干是 algorithmic trading accounted for…（account for 占比）；五个百分比并列
6,术语,private investment pools,私募资金池,pool 指汇集多方资金的集合体；对冲基金即面向合格投资者的私募集合投资工具
6,多义,"sophisticated, wealthy individual or institutional clients",经验老到的富裕个人或机构客户,sophisticated 本句义：（投资者）成熟老练、有专业经验；常见义：复杂精密的
6,词组,any investment mandate one can dream up,任何你能想出来的投资授权范围,mandate 授权、委托范围；dream up 凭空想出
6,词组,one of several arenas,几个领域之一,arena 原指竞技场，引申为活动展开的舞台、领域
6,术语,Proprietary trading desks,自营交易部门,proprietary 自有的；指用银行自有资金（而非客户资金）交易的部门
6,术语,multi-strategy,多策略对冲基金,指同一基金内并行运行多种相互独立的策略并统一配置资金的业务模式
6,多义,boutique,小型精品公司,本句义：小而专的精品机构；常见义：时装精品店
6,词组,take their share of headlines,免不了常上头条,take one's share of 承受属于自己的那一份；headlines 指新闻头条报道
6,词组,cast an enormous shadow over,给…投下巨大的影子,cast a shadow over 习语：原指投下阴影，此处指量化的存在感和影响力笼罩整个市场
7,多义,markedly negative,明显地（负面）,markedly 显著地（marked 显著的之副词）；易误认作与 market 相关
7,生词,hallmark,标志；典型特征,原指金银制品的纯度印记，引申为某事物的典型标志
7,词组,regardless of their style,无论其风格如何,regardless of 不论、不顾，后接名词
7,术语,liquidity,流动性,资产能以接近市价快速成交的程度；做市与算法交易被认为提升市场流动性
7,词组,went on to reference,接着又引用了,go on to do 接着做（另一件事）；reference 作动词：引用、提及
7,生词,causal relationship,因果关系,causal 由 cause 派生，易与 casual（随意的）形近混淆
7,多义,slice their orders into many small pieces,把订单切成许多小单,slice 切片；大单拆小以降低对价格的冲击和执行成本
7,术语,inefficiencies,（市场）低效；定价失灵,指价格偏离应有水平形成的可获利机会，源自有效市场概念的反面
7,术语,efficient markets,有效市场,金融经济学概念：价格已充分反映一切可得信息、无法系统性获得超额收益的市场
7,多义,the weighted basket of the constituents,成分股的加权组合,basket 引申义：一篮子资产组合；constituents 此处指指数成分股（常见义：选民、成分）
7,术语,"riskless profit, or arbitrage",套利 / 无风险利润,arbitrage 指利用同一资产不同定价间的差异锁定无风险收益
7,生词,unassailable,无懈可击的,assail 攻击 + -able，un- 否定：无法攻破、驳倒的
7,生词,probabilistic,概率性的,probability 的形容词，指结果只在概率意义上成立、并非每次必然
7,难句,"The main inefficiencies quants eliminate (and, thereby, profit from) are not absolute and unassailable, but rather are probabilistic and require risk-taking.",量化消除（并因此获利于）的那些主要低效并非绝对、稳赚不赔的，而是概率性的，需要承担风险。,quants eliminate 是省略 that 的定语从句；括号内 thereby 插入语；not…but rather… 对比结构
7,术语,statistical arbitrage,统计套利（stat arb）,基于统计规律在大量相关标的间做多空对冲、赚取概率性价差回归收益的策略
7,术语,pairs trade,配对交易,在两只高度相似的股票间一多一空、押注两者价差收敛的经典统计套利形式
7,术语,market capitalizations,市值,股价乘以总股本，衡量公司规模；本书以市值大小区分 large cap 与 small cap
7,词组,For whatever reason,不管出于什么原因,whatever 引导让步性短语，表示原因不重要
7,多义,index funds are tracking,指数基金正在跟踪（的指数）,track 本句义：跟踪复制（指数表现）；常见义：追踪足迹
7,术语,outperform,跑赢；表现优于,out- 前缀表超过，指回报高于比较对象；反义 underperform
7,多义,compelled to buy,不得不买入,compel 强迫；指数基金因须复制指数而被动买入，非主动选择
7,词组,in turn,进而；转而,表示因果链条中的下一环
7,术语,P/E multiple,市盈率倍数,multiple 此处指估值倍数；P/E＝股价除以每股盈利
7,多义,step in to sell,介入卖出,step in 本句义：（第三方）出面介入；常见义：走进来
7,术语,preventing the divergence,防止背离（价差拉大）,divergence 背离＝相似资产价差拉大偏离常态；反义 convergence 收敛＝价差回归，两者是配对交易的两个阶段
8,词组,getting out of hand,失控,out of hand 习语：脱离掌控；get 表渐变过程
8,词组,Let us not be naïve,我们可别天真,否定祈使句 let us not；naïve 天真的（法语借词，带分音符）
8,生词,altruism,利他主义,与 egoism（利己主义）相对；形容词 altruistic
8,多义,the only players,唯一的参与者,player 本句义：市场参与者、玩家；常见义：运动员、演奏者
8,术语,alpha-oriented trader,以阿尔法（超额收益）为目标的交易者,alpha 指独立于市场涨跌的超额收益；-oriented 以…为导向的
8,多义,dislocations,价格错位；定价失衡,本句义：市场定价脱离正常关系；常见义：（关节）脱臼
8,多义,more neglected stocks,更少人关注的股票,neglect 忽视；指分析师覆盖少、流动性差的冷门股
8,术语,efficient price discovery,有效的价格发现,价格发现指市场通过买卖交易不断形成并更新资产合理价格的过程
8,多义,The advantage scientists bring into the game,科学家们给这一行带来的优势,game 引申义：这一行当、竞技场，非字面游戏；bring into 带入
8,语法,less their mathematical or computational skills than their ability to think scientifically,与其说是他们的数学或计算技能，不如说是他们科学思考的能力,less A than B 结构＝与其说 A 不如说 B，语义重心落在 B；A、B 为并列名词短语
8,词组,taken for granted,被想当然；被习以为常,take sth for granted 习语：认为理所当然而不加审视
8,词组,on the part of the developer,就开发者一方而言,on the part of sb＝来自某人一方的（努力、行为）
8,生词,decile,十分位,把样本按大小均分为十组后的每一组；bottom decile 即最低的10%
9,词组,by virtue of the fact that,凭借/由于…这一事实,by virtue of 正式书面语＝借助、因为；后接 that 同位语从句
9,词组,fill in any of these blanks,填补这些空白,fill in the blanks 习语：补全缺失部分；此处指计算机不会替人补上未定义的细节
9,生词,self-evident,不言自明的,evident 明显的；self- 前缀：自身即可证明，无需论证
9,词组,divide and conquer,分而治之,原为军事政治策略，借指把大问题拆成小问题逐个解决
9,多义,benefits largely accrue from thoroughness,好处主要源自（做事）彻底,accrue 本句义：（利益）逐渐产生并累积；金融常见义：应计（利息）
9,多义,generally held to be a key ingredient,被普遍认为是关键要素,hold 本句义：认为、持有（观点）；ingredient 引申义：成功要素，非食材
9,词组,in an ad hoc manner,以临时随意的方式,ad hoc 拉丁语：为当下目的临时安排的、无系统性的
9,难句,"I have been in countless meetings with discretionary traders who, when I asked them how they decided on the sizes of their positions, responded with variations on the theme of, “Whatever seemed reasonable.”",我参加过无数次与主观交易员的会议，当我问他们如何决定仓位大小时，他们的回答五花八门，但主题都是“看着差不多就行”。,who 定语从句内嵌 when 时间状语从句作插入；variations on the theme of… 音乐比喻：同一主题的不同变奏，指答案措辞各异实质相同
9,生词,damnation,谴责；诅咒,damn 的名词；此处指对某种风格的全盘否定，宗教义为罚入地狱
9,词组,by no means,绝不是,否定强调语，相当于 not at all
9,词组,bigger-picture aspects,更宏观层面的方面,big picture 习语：全局；连字符复合词作定语
9,生词,predisposed toward,天生倾向于,pre-（预先）+ disposed（有…倾向的）；指先天或习惯上偏好某行为
9,术语,risk exposure,风险敞口,指组合暴露于某一风险因素的程度，即该因素变动对组合损益的影响幅度
9,词组,On the plus side,好的一面是,plus side 加分面；与 on the other hand 配合引出利弊对照
9,生词,intentionality,有意为之；自觉性,intentional 的名词化：行为出于明确意图而非偶然
9,生词,well-conceived,构思周密的,conceive 构想；与 ill-conceived（欠考虑的）相对
9,多义,exactly what his edge is,他的优势（赚钱本事）究竟是什么,edge 本句义：相对他人的竞争优势；常见义：边缘、刀刃
9,词组,root out these risks,揪出/根除这些风险,root out 习语：连根拔起，引申为找出并清除
9,术语,net dollar or beta exposure,净美元敞口 / 贝塔敞口,净美元敞口＝多头市值减空头市值；贝塔敞口＝组合对大盘涨跌的敏感度
9,词组,trivially small,小到微不足道,trivial 微不足道的；副词修饰 small 强调数量级几乎为零
9,词组,balancing their long portfolios against their short portfolios,用多头组合对冲空头组合,balance A against B 使 A 与 B 相互平衡抵消
9,术语,false precision,虚假精确,指把本不精确的估计表述得貌似精确、从而误导决策的现象
9,多义,plague attempts to measure risk,困扰风险计量工作,plague 本句义：动词困扰、折磨；常见义：名词瘟疫
10,术语,blowups,爆仓；崩盘,blow up 爆炸的名词化；指基金因巨亏而急速垮台的事件
10,词组,stem in one way or another from,都或多或少源于,stem from 源于（stem 原义茎干）；in one way or another 以这样或那样的方式
10,语法,a country of Russia’s importance,一个像俄罗斯这样重要的国家,of + 所有格 + 抽象名词结构作后置定语，相当于 a country as important as Russia
10,术语,defaulted on its debt,债务违约,default on 未能履行（债务、合约）；指1998年俄罗斯国债违约
10,多义,sending the world’s markets into a frenzy,让全球市场陷入疯狂/恐慌,send…into 使进入（某状态）；frenzy 狂乱
10,多义,rendering useless any measurement of risk,使一切风险计量手段全部失效,render + 宾语 + 形容词＝使…变得…；此处形容词提前、宾语后置
10,难句,"But for a rescue orchestrated by the U.S. government and agreed on by most of the powerhouse banks on Wall Street, we would have seen a very different path unfold for the capital markets and all aspects of financial life.",若非美国政府牵头组织、华尔街多数巨头银行同意的那场救助，资本市场乃至整个金融生活都会走上一条截然不同的道路。,But for + 名词＝若非（虚拟条件），主句 would have seen 虚拟完成式；orchestrated 与 agreed on 两个过去分词并列修饰 rescue；see…unfold 看着…展开
10,多义,orchestrated,精心策划/协调的,本句义：像指挥乐队一样统筹安排；orchestra（管弦乐队）的动词引申
10,生词,powerhouse,巨头（银行）,原义发电站，引申为实力雄厚的机构
10,多义,overwhelm markets,席卷/压垮市场,overwhelm 本句义：以压倒之势吞没；也常指（情绪）使人不知所措
10,多义,capture the risks correctly,正确刻画风险,capture 本句义：（模型）捕捉、刻画（现实特征）；常见义：捕获
10,生词,knowingly,明知故犯地,knowing 的副词：清楚后果仍然去做
10,生词,outsized short-term profits,超额的（短期利润）,outsized 超出正常尺寸、规模的
10,多义,mitigated,被缓解,mitigate 减轻（损失、影响），正式书面语
10,难句,"Just as one cannot justifiably blame weather-forecasting models for the way that New Orleans was impacted by Hurricane Katrina in 2005, it would not make sense to blame quantitative risk models for the failures of those who created and use them.",正如你不能因为2005年新奥尔良遭卡特里娜飓风重创而合理地去怪罪天气预报模型，把量化风险模型的使用者和创造者的失败归咎于模型本身也说不通。,"Just as…, it would not make sense to… 类比结构；blame A for B（因B责怪A）出现两次；those who created and use them 定语从句"
10,词组,so long as,只要,条件连词，相当于 as long as
10,多义,seduced into taking ill-advised actions,被诱使采取不明智的行动,seduce 本句义：诱使（做错事）；常见义：勾引；ill-advised 欠考虑的
10,多义,the discipline inherent to their approach,他们方法中内在的纪律性,discipline 本句义：自律、纪律；常见义：学科；inherent to 内在固有的
11,多义,subscribe to the old adage,信奉那句古老的格言,subscribe to 本句义：赞同、信奉；常见义：订阅；adage 格言、谚语
11,词组,Cut losers and ride winners,砍掉亏损头寸，让盈利头寸奔跑,交易格言：losers/winners 指亏损、盈利的头寸；ride 骑乘引申为顺势持有
11,多义,realize losses,兑现亏损,realize 本句义：（卖出）使账面盈亏变现；常见义：意识到；后文 realize gains 即兑现盈利
11,术语,disposition effect,处置效应,行为金融学概念：投资者倾向于过早卖出盈利头寸、迟迟不肯卖出亏损头寸
11,术语,behavioral bias,行为偏差,指人类决策中系统性偏离理性的心理倾向，行为金融学研究对象
11,词组,in accordance with it,依照它（格言）行事,in accordance with 正式书面语＝按照、遵循
11,难句,"This is not because the systematic trader is somehow a better person than the discretionary trader, but rather because the systematic trader is able to make this “rational” decision at a time when there is no pressure, thereby obviating the need to exercise discipline at a time when most people would find it extraordinarily challenging.",这并不是因为系统化交易者比主观交易者人品更好，而是因为他能在毫无压力的时候（提前）做出这个“理性”决定，从而免去了在多数人极难自控的时刻去临场克制的必要。,not because…but rather because… 对比因果；两个 at a time when 定语从句；thereby + 现在分词表结果；obviate the need to do 使…不再必要
11,词组,make it their business,以此为业；把这当作分内事,make it one's business 习语：把某事当作自己的本职、责任
11,多义,traffic in multiple asset classes,从事多个资产类别的交易,traffic 本句义：动词，从事…买卖（traffic in）；常见义：交通
11,多义,this niche,这个细分领域,niche 本句义：专门细分市场；原义壁龛（放雕像的墙洞）
11,多义,any curious investor,任何爱刨根问底的投资者,curious 本句义：求知欲强的；另一常见义：古怪的
11,词组,would be well served to,不妨；最好,be well served to do＝这样做对自己有利，委婉建议句式
11,生词,proclivity to measure risk,衡量风险的癖好/倾向,proclivity 正式书面语：（行为上的）癖性、倾向，常接 to/for
11,多义,undergone with great care,（这项活动须）谨慎为之,undergo 本句义：进行、开展（活动）；常见义：经历（手术、变化）
11,生词,exemplifies,是…的典范；集中体现,example 的动词化：作为典型例子体现某特质
13,多义,conjures up images of,让人联想到…的画面,conjure up 本句义：在脑海中唤起；原义变魔术凭空变出
13,文化,Rube Goldberg device,鲁布·戈德堡机械,美国漫画家 Rube Goldberg 笔下用极繁琐迂回的连锁装置完成极简单任务的机器，喻把简单事情复杂化
13,生词,wherein,在其中,正式书面语关系副词＝in which，引导定语从句
13,多义,some simple input is rigorously tortured,简单的输入被“严刑拷打”一番,torture 此处拟人比喻：数据被反复折腾加工；rigorously 严格彻底地
13,生词,roundabout means,迂回的手段,roundabout 绕弯子的、不直接的；英式英语中另指环岛
13,生词,verbiage,措辞；冗词,正式书面语：说法、用语，常含冗长啰嗦的贬义
13,多义,Didn’t Add Up,公式“对不上账”了,add up 本句义：（数字、道理）合得拢、说得通；常见义：加总
13,术语,anomalies,（市场）异象；异常规律,anomaly 指偏离理论预期、可供获利的统计规律，学术金融高频词
13,词组,Perhaps most revealing,或许最能说明问题的是,revealing 有揭示性的；形容词短语作句首评注语
13,生词,renowned,著名的,renown（名望）的形容词，比 famous 正式
13,术语,endowment fund,（大学）捐赠基金,高校等机构以受赠资金设立的永续投资基金，耶鲁捐赠基金为著名案例
14,生词,moniker,名称；绰号,非正式书面语：某人或某物的名号
14,生词,a sci-fi serial,一部科幻连续剧,serial 名词：连载、连续剧；易与 series（系列）及 cereal（麦片）混淆
14,多义,The program was about,这部节目讲的是,program 本句义：电视、广播节目；常见义：程序、计划
14,生词,connotation of opaqueness,不透明的联想义,connotation 内涵义、联想义（与 denotation 字面义相对）；opaque 不透明的
14,词组,persists today,延续至今,persist 持续存在；指这一含义沿用至今
14,词组,inner workings,内部运作机制,workings 复数名词：运转方式；黑箱定义的核心表述
14,生词,secretive,神秘兮兮的；讳莫如深的,指刻意隐瞒不肯透露的作风；与 secret（秘密的）区别：secretive 形容人或机构
14,生词,the caprice inherent to most human decision making,多数人类决策中固有的反复无常,caprice 突发奇想、任性无常；形容词 capricious
14,生词,esoteric-sounding,听起来高深莫测的,esoteric 只有内行才懂的、深奥的；-sounding 复合：听上去…的
14,多义,similar instruments,相似的金融工具/标的,instrument 本句义：金融工具（股票、期货等）；常见义：仪器、乐器
14,词组,over the short run,在短期内,run 引申义：一段时期；与 over the long run 相对
14,多义,warrant a divergence in prices,足以让价格背离显得合理,warrant 本句义：动词，使…有正当理由；常见义：搜查令、权证
14,生词,premise,前提,逻辑推理的前提假设；易与 premises（房屋场地）混淆
14,词组,It also happens to be,它恰好也是,happen to do 碰巧；指该策略碰巧也被主观交易者使用
14,生词,coherent framework,自洽的框架,coherent 连贯一致、逻辑自洽的；与 consistent（前后一致）近义并列
14,多义,what constitutes a divergence,什么才算构成一次背离,constitute 本句义：构成、算作；常见义：组成（成分）
14,多义,can address in great detail,能够详细解答,address 本句义：处理、解答（问题）；常见义：地址、演讲
14,术语,alpha-seeking,追求阿尔法（超额收益）的,seek alpha 指以获取独立于市场方向的超额收益为目标
14,词组,exhaustive research,详尽彻底的研究,exhaustive 穷尽式的（exhaust 用尽）；易与 exhausting（令人疲惫的）混淆
15,多义,to structure exotic products,设计/构建复杂衍生品,structure 作动词：设计（金融产品）结构；exotic 本句义：非标准的复杂（衍生品），常见义：异国情调的
15,术语,asset-backed securities,资产支持证券（ABS）,以贷款、应收账款等资产池的现金流为偿付来源的证券化产品
15,术语,credit default swaps,信用违约互换（CDS）,买方定期付费、卖方在标的债务违约时赔付的信用衍生品
15,多义,goes live,（系统）上线,live 本句义：投入实盘运行；常见义：活的、现场直播的
15,多义,human discretion,人的自主判断,discretion 本句义：自行决断权；另一常见义：谨慎、分寸
15,词组,should not be understated,不应被轻描淡写,understate 淡化表述、说轻了；与 overstate（夸大）相对
15,多义,separates the best quants from the mediocre,把顶尖量化和平庸之辈区分开来,separate A from B 区分；the mediocre 形容词加 the 指代一类人：平庸者
15,生词,carefully curate,精心挑选打理,curate 原指策展（curator 策展人），引申为精心筛选、组织（数据、内容）
15,生词,transformations thereof,其（数据）的各种变换,thereof 正式书面语＝of that/of it，指代前文提到之物
15,词组,above all else,最重要的是,all else 其他一切；表示凌驾于所有因素之上
15,难句,"As such, good and bad judgments are multiplied over and over through time as the computer faithfully implements exactly what it was told to do.",因此，随着计算机忠实执行人给它的指令，好的和坏的判断都会随时间被一遍遍放大。,as such 因此、照此；被动语态 are multiplied；as 引导伴随状语从句；what it was told to do 名词性从句作 implements 的宾语
15,词组,the frontiers of the systematic approach,系统化方法的边界,frontier 前沿、边界，此处指系统化方法适用范围的尽头
15,多义,caused Merrill’s price to skyrocket,导致美林股价飙升,skyrocket 动词：像火箭般蹿升；cause sth to do 使…发生
15,难句,might have led a naïve quant strategy to draw the conclusion that Merrill had suddenly become drastically overpriced relative to other banks and was therefore an attractive candidate to be sold short,（这次并购）可能会让一个“天真的”量化策略得出结论：美林相对其他银行突然被严重高估，因此是个诱人的做空对象。,might have led 对过去的虚拟推测；lead sb to draw the conclusion that… 结论同位语从句；从句内 had become 与 was 并列；candidate to be sold short 待做空的候选标的
16,词组,"garbage in, garbage out",垃圾进，垃圾出,计算机领域格言：输入数据是垃圾，输出结果必然是垃圾
16,术语,override the system,人工推翻/干预系统,override 凌驾于（自动决策）之上强行改变；量化语境指人工干预模型
16,生词,preemptively,先发制人地；预防性地,preempt 抢先行动使（问题）不发生；副词后缀 -ively
16,多义,pulling names off the list of tradable securities,把一些股票从可交易名单中撤下,name 本句义：名单上的标的、个股；pull off 撤下
16,词组,at the first sign of credible rumors,一有可信传闻的苗头就…,at the first sign of 一出现…的最初迹象；credible 可信的（易与 credulous 轻信的混淆）
16,词组,reserve the right to,保留…的权利,法律及正式用语：声明自己有权在需要时做某事
16,生词,unknowable repercussions,无法预知的连锁后果,repercussion 原指回响，引申为事件的连锁影响；unknowable 不可知的
16,术语,fully discretionary strategies and fully systematic,全主观 vs 全系统化,主观＝人做决策；系统化＝规则和模型做决策；两者构成一条光谱的两端
16,多义,the selection and sizing of portfolio positions,持仓标的的选择与仓位大小的确定,sizing 本句义：确定规模（size 动词化）；position 头寸
16,语法,"If both the question of what positions to own and how much of each to own are usually answered systematically, that’s a quant.",如果“持有什么头寸”和“每个持有多少”这两个问题通常都由系统回答，那就是量化。,主语是 both the question of A and B，A、B 分别为 what/how much 疑问词+不定式结构；that's a quant 用指示代词收束定义
16,生词,quasi-quant,准量化；类量化,quasi- 拉丁前缀：类似而非完全；指部分环节量化、部分靠人的交易者
16,多义,automated systems to screen for potential investment opportunities,用自动化系统筛选潜在投资机会,screen 本句义：动词筛选；常见义：屏幕；screen for 按条件过滤
16,生词,winnowing,筛减,winnow 原指扬谷去糠，引申为从大量候选中筛出少数
16,词组,human discretion kicks in,人的判断开始介入,kick in 习语：开始起作用、生效
16,多义,leave the sourcing and selection of trades entirely up to humans,把交易机会的发掘与挑选完全交给人,sourcing 本句义：寻找来源、发掘（source 动词化）；leave…up to sb 交由某人负责
16,词组,allocate among these trades,在这些交易之间分配（资金）,allocate 配置、分配；among 表三者以上之间
17,多义,a subset of the tools in a proper quant’s toolbox,正牌量化工具箱里工具的一个子集,subset 数学用语：子集；proper 本句义：真正意义上的、名副其实的（前置定语）
17,生词,a schematic of a typical quantitative trading system,典型量化交易系统的示意图,schematic 名词：结构简图、原理图；形容词义为图式化的
17,生词,This diagram portrays,这张图描绘/呈现,portray 描绘、刻画，与 portrait（肖像）同源
17,多义,"live, “production” trading strategy",实盘运行的“生产”策略,production 本句义：软件工程术语，生产环境（实盘），与研发、测试环境相对；live 实盘运行的
17,词组,create the strategy in the first place,当初创建这个策略,in the first place 习语：一开始、最初
17,术语,alpha model,阿尔法模型,量化系统中负责预测标的未来走势、产生盈利信号的模块
17,术语,portfolio construction model,组合构建模型,在收益、风险、成本三者间权衡并决定目标持仓的模块
17,术语,execution model,执行模型,负责以低成本高效率把目标交易送入市场成交的模块
17,术语,transaction cost model,交易成本模型,估算完成调仓所需交易费用（佣金、滑点、冲击成本）的模块
17,术语,the trend follower,趋势跟踪者,采用趋势跟踪策略（顺着近期价格方向押注）的交易者
17,难句,"Risk models, by contrast, are designed to help limit the amount of exposure the quant has to those factors that are unlikely to generate returns but could drive losses.",相比之下，风险模型旨在帮助限制量化交易者暴露于那些不太可能带来收益、却可能造成亏损的因素的敞口大小。,exposure 后是省略 that 的定语从句，have exposure to 被拆开；factors 后接 that 定语从句，内含 unlikely to…but could… 对比
18,词组,line up in the same direction,（多个信号）方向趋同；排成一线,line up 排队对齐，引申为多个预测同向叠加导致风险集中
18,多义,migrate from the current portfolio,从当前组合迁移（调仓）,migrate 本句义：持仓状态的迁移、调仓；常见义：（候鸟）迁徙
18,难句,"The transaction cost model, which is shown in the box to the right of the risk model in Exhibit 2.1, is used to help determine the cost of whatever trades are needed to migrate from the current portfolio to whatever new portfolio is desirable to the portfolio construction model.",交易成本模型（图2.1中位于风险模型右侧的方框）用于估算这样一批交易的成本：即从当前组合迁移到组合构建模型认为理想的任何新组合所需的交易。,which 非限定性定语从句插入；两个 whatever 引导名词性从句：whatever trades are needed 与 whatever new portfolio is desirable
18,难句,"The alpha, risk, and transaction cost models then feed into a portfolio construction model, which balances the tradeoffs presented by the pursuit of profits, the limiting of risk, and the costs associated with trading, thereby determining the best portfolio to hold.",阿尔法、风险、交易成本三个模型随后汇入组合构建模型，由它在追逐利润、限制风险与交易成本三者之间做权衡，从而确定最优持仓组合。,feed into 汇入；which 定语从句；presented by 后接三个并列名词短语；thereby + 现在分词表结果
18,语法,"Having made this determination, the system can compare the current portfolio to the new target portfolio",做出这一决定之后，系统就可以将当前组合与新目标组合进行比较,完成式分词短语 Having done 作时间状语，表示先于主句动作完成；compare A to B 将A与B比较
18,术语,the new target portfolio weights,新目标组合的权重,weight 指每个标的在组合中所占比例
18,术语,Buy to Cover 5%,买入平空仓5%,buy to cover 指买回借入卖出的股票以了结空头头寸，与开新多仓的 buy 相区别
18,多义,the dynamics of the liquidity in the markets,市场流动性的动态变化规律,dynamics 本句义：随时间的变化规律与相互作用；常见义：动力学
19,多义,whatever risk requirements and constraints,任何风险要求与约束条件,constraint 约束条件（优化术语）；whatever＝any…that
19,生词,recursive connections,递归的；相互回馈的连接,recursive 指输出又反馈回输入、自我循环调用
19,多义,the various discrete functions,各自独立的功能模块,discrete 分立的、离散的；易与 discreet（谨慎的）同音混淆
19,生词,inert,无生命的；不会动的,原指化学惰性（inert gas 惰性气体），引申为毫无活力、无法自行运作
19,词组,the lifeblood of a quant,量化交易者的命脉,lifeblood 赖以生存的血液，喻不可或缺之物（此处指数据）
19,生词,ascertain,查明；确定,正式书面语：通过调查核实弄清楚，比 find out 正式
20,难句,"They tend to start with ideas that any reasonable observer of the markets might also have, but rather than using anecdotal, experiential evidence—or worse, simply assuming that their ideas are true—quants use market data to feed a research process to determine whether their ideas in fact hold true over time.",他们起步时的想法往往任何理智的市场观察者都可能有，但量化交易者不是靠道听途说的经验证据——或者更糟、干脆假定想法为真——而是用市场数据驱动一套研究流程，检验这些想法是否真的长期成立。,that 定语从句修饰 ideas；rather than + 动名词与破折号插入语 or worse… 并列排除两种做法；to determine whether… 目的状语内嵌宾语从句；hold true 成立
20,生词,"anecdotal, experiential evidence",传闻性的、经验性的证据,anecdotal 基于个别见闻轶事而非系统数据的；experiential 凭个人经验的
20,多义,arrived at a satisfactory strategy,得出满意的策略,arrive at 本句义：（经过研究）得出（结论、方案）；常见义：到达（地点）
20,词组,take the emotion out of investing,把情绪因素从投资中剔除,take A out of B 从B中去除A
20,多义,impose a disciplined implementation,强制推行纪律化的执行,impose 本句义：强制施加；常见义：把（税、义务）加于
20,词组,panic button,紧急干预按钮,原指紧急报警按钮，喻人工在极端行情下降低风险的最后干预权
20,多义,outside the scope of their models’ capabilities,超出其模型能力的范围,scope 本句义：（能力、讨论的）范围；models' 为复数所有格
20,多义,we contend that,我们主张/认为,contend 本句义：主张、坚称；常见义：竞争、争夺（contend for）
20,术语,turnover rate,换手率,组合在一定时期内买卖更替的频率，决定交易成本高低
20,词组,"From afar, we have begun to shed light on the black box",从远处，我们已开始照亮这个黑箱,from afar 从远处；shed light on 习语：照亮，引申为阐明、揭示
20,生词,dissect,解剖；逐一剖析,dis-（分开）+ sect（切）：解剖，引申为逐部分细致分析
20,词组,making our way methodically through the inside of the black box,有条不紊地穿行于黑箱内部,make one's way through 逐步穿过；methodically 按部就班地
23,文化,"Prediction is very difficult, especially about the future.",预测非常难，尤其是预测未来。,尼尔斯·玻尔名言，用作本章题词（epigraph）；difficult 后由 especially 短语补充强调
23,多义,surveyed it from the outside,纵览；考察,"survey 本句义""（从外部）审视考察一遍""，vs 常见义""问卷调查""；Having done 完成式分词作时间状语"
23,词组,the spelled-out version of the Greek letter α,希腊字母α的完整拼写形式,spell out 逐字母拼写出；spelled-out 由动词短语转成的复合形容词
23,术语,her respective benchmark is up 10 percent,业绩基准（指数）,benchmark 指衡量基金经理业绩的市场基准指数；respective（各自对应的）易与 respectable（可敬的）形近混淆
23,词组,a quick back-of-the-envelope analysis,粗略估算,"back-of-the-envelope 字面""在信封背面算""，指不求精确的粗略心算"
23,生词,The flaw with this approach to computing alpha,缺陷；漏洞,"flaw 指方法内在的瑕疵，比 mistake（错误行为）更强调""先天缺陷"""
23,多义,making skill the dominant driver of the difference,主要驱动因素,"make + 宾语 + 宾补结构；driver 本句义""驱动因素""，vs 常见义""司机"""
23,多义,the return she delivers independently of the moves in the broader market,交出（业绩）；实现,"deliver 本句义""交出/实现（回报）""，vs 常见义""递送""；independently of 独立于…之外"
23,难句,"By conventional definition, alpha is the portion of the investor’s return not due to the market benchmark, or, in other words, the value added (or lost) solely because of the manager.",按传统定义，阿尔法是投资者收益中不归因于市场基准的那部分，换言之，是纯粹因基金经理个人而增加（或损失）的价值。,"主干 alpha is the portion…；not due to… 后置修饰 portion；or, in other words 插入语引出同位改写；solely because of 仅仅由于"
24,生词,holds as a core premise,把…作为核心前提,premise 前提；hold A as B 结构中宾语从句 that… 太长而后置，故 premise 紧跟在 as 之后
24,词组,worth owning in perpetuity,值得永久持有,in perpetuity 永久地；无限期地（法律/正式用语），=forever
24,术语,its valuation never improves for the investor,估值,"valuation（估值水平）不改善意味着""便宜""永远兑现不了收益；与 value（价值）区分"
24,词组,with the odds stacked in his favor,胜算明显在他一边,the odds are stacked in one's favor 习语；stack 原义堆叠（把牌洗得对某人有利）；反义 stacked against
24,术语,"“risk premia” or “smart beta,”",风险溢价 或 聪明贝塔,介于纯贝塔与真阿尔法之间、可被系统化收割的收益来源的两个流行叫法；premia 是 premium 的复数
24,文化,a rose by any other name,玫瑰换个名字（依旧芬芳）,语出莎士比亚《罗密欧与朱丽叶》，指名称不同而实质相同；作者反用：这不只是改名的问题
24,生词,alternative monikers,别称；诨名,"moniker 非正式词""名字/绰号""；alternative 此处义""替代的叫法"""
24,生词,a continuum of alpha,阿尔法的连续谱,continuum 连续体：两端之间程度渐变、无明确分界的谱系
24,生词,the inimitable Warren Buffett,无人能效仿的巴菲特,inimitable = in-（否定）+ imitate（模仿）+ -able，独一无二的；此处是带敬意的修饰语
24,词组,we directly run the risk of losing money,冒着…的风险,run the risk of doing 固定搭配；直接承担而非避开风险
24,难句,"All successful alpha models are designed to have some “edge,” which allows them to anticipate the future with enough accuracy that, after allowing for being wrong at least sometimes and for the cost of trading, they can still make money.","所有成功的阿尔法模型都被设计成具备某种""优势""，使其能以足够的准确度预判未来——即便扣除偶尔出错和交易成本之后，仍然能赚钱。",which 非限定从修饰 edge；enough accuracy that… 结果从句；after allowing for A and for B 插入状语（把…考虑在内）；edge 指相对市场的优势
25,词组,out of favor,失宠；不受市场青睐,与下文 in favor（受青睐）对举；指策略风格与当前市场环境合不合拍
25,文化,the dot-com bubble of the late 1990s,互联网泡沫（1990年代末）,1990年代末科技股狂热，2000年破裂；巴菲特因不碰科技股在此期间跑输市场
25,术语,TYPES OF ALPHA MODELS: THEORY-DRIVEN AND DATA-DRIVEN,理论驱动与数据驱动,量化阿尔法模型两大流派：理论驱动先有假说再用数据验证；数据驱动直接从数据中挖掘规律
25,术语,Pearson’s rho and Kendall’s tau,皮尔逊相关系数与肯德尔τ系数,两种衡量相关性的统计量：Pearson 衡量线性相关程度；Kendall 基于排序（秩相关），能捕捉非线性的单调关系
25,生词,scatterplot,散点图,scatter（散布）+ plot（图）；两变量各作一轴、逐点描出的统计图
25,术语,polynomial (order 2),多项式（二阶）,"此处指二次多项式趋势线；order 本句义""阶数""，即多项式的最高次数"
25,生词,a judgment that the practitioner makes,从业者；实践者,practitioner 实际从事某行的人，与 theorist（理论家）相对
25,难句,"The more the scatterplot of these two variables looks like a straight line (irrespective of the slope), the more indicative Pearson’s will be to describe their similarity.",这两个变量的散点图越接近一条直线（无论斜率如何），皮尔逊系数就越能有效刻画它们的相似度。,"the more…, the more… 双重比较结构；irrespective of 括号插入语""无论/不考虑""；indicative 有指示意义的"
26,多义,tackle another foundational aspect,着手处理（另一个基础性问题）,"tackle 本句义""着手解决/处理""，vs 橄榄球义""擒抱拦截""；foundational 基础性的"
26,生词,"by formula, embodied into code",以公式形式、落实成代码,embody 使具体化、把抽象概念体现为实在形式；括号插入语说明 specify 的方式
26,术语,theoretical and empirical,理论科学与实证科学,theoretical 先提假说解释现象；empirical 靠大量观察归纳规律；对应量化交易的两类流派
26,生词,hypothesizing why it is the way it is,提出假说,"hypothesize 动词""提出假说""；why it is the way it is——""事物为何是现在这个样子""的双重 is 结构"
26,生词,"viable, controllable, long-distance airplanes",可行的；能运作的,viable 可行的、能存活的（词根 vita 生命）；易与 visible（可见的）形近混淆
26,生词,theories of aerodynamics,空气动力学,aero-（空气）+ dynamics（动力学）；工程师应用其理论造出飞机，是理论科学的例子
26,难句,"If we want to ask such a poorly defined question, we either need to give the computer all the relevant features (and deciding what these are is up to the researcher) or give it the tools to figure out the relevant features itself (as in the case of generative AI).",如果我们想问这种定义不清的问题，要么得把所有相关特征都告诉计算机（哪些算相关由研究者决定），要么得给它自己找出相关特征的工具（就像生成式AI那样）。,either…or 并列 need to 后的两个动词短语；两处括号插入语分别补充；be up to sb 由某人决定；figure out 弄清
26,多义,rationalize the behavior,给出合理解释,"rationalize 本句义""为…给出理性解释""，vs 常见义""（为错误行为）找借口自我开脱"""
27,生词,germane to quantitative trading,与…密切相关的；切题的,"germane 正式书面语，比 relevant 更强调""直接相关、切题"""
27,语法,in that there are also these two kinds of quant traders,因为量化交易者也恰好分这两类,"in that + 从句 = ""在于/因为""，正式书面语，用于解释前述判断的着眼点"
27,多义,mapping human traits to the sequences of chemical base pairs,把A映射/对应到B,"map A to B 本句义""建立对应关系""，vs 常见义""地图""；trait 特征；base pair 碱基对"
27,文化,explained to friends at cocktail parties,鸡尾酒会,"美式社交场景，代指""跟外行闲聊也能讲得通""——形容理论直观易懂"
27,生词,obviate the need for theory,免除对理论的需要,obviate 使不必要、省去；常与 the need for 搭配；易与 obvious（明显的）形近混淆
27,生词,derisively,嘲讽地,deride（嘲笑）的副词形式；文中补充 just as a matter of fact——有时也只是客观陈述
27,术语,labeled data miners,数据挖掘（者）,data mining 此处含贬义：不问理论、只在数据里翻找规律；label 给…贴标签
27,术语,entirely spurious,虚假的；伪（相关）,spurious 统计学常用：看似成立实为巧合的关系（spurious correlation 伪相关）
27,难句,"Empiricists, however, are less sensitive to whether their human minds can synthesize a “story” to explain the data even if, in the process, they risk finding relationships or patterns in the data that are entirely spurious.","然而实证派并不太在意自己的头脑能否归纳出一个解释数据的""故事""，即便在此过程中，他们冒着找出的关系或模式完全是虚假的风险。",be sensitive to whether… 从句作介词宾语；even if 让步从句内含 in the process 插入语；synthesize 综合归纳出；that are entirely spurious 定语从句
28,生词,checkers or backgammon,跳棋或西洋双陆棋,checkers 美式说法（英式 draughts）；backgammon 掷骰走棋的古老双人棋
28,词组,you will come across,（偶然）遇到；碰到,"come across 偶遇；另一常见义""（意思）被理解/给人某印象"""
28,生词,economically feasible explanation,经济上说得通的解释,feasible 可行的、讲得通的；与 possible 区分——feasible 强调实际可操作
28,生词,"this turns out, almost always, to be a delusion",错觉；妄想,"delusion 自欺的错误信念，比 illusion（幻觉）更强调""执迷不悟""；turn out to be 结果证明是"
28,难句,"In fact—and in defiance of both the presumed need for secrecy and the claims that what quants do cannot be understood by those without doctorate degrees—most of what theory-driven quants do can be relatively easily fitted into one of eight classes of phenomena: trend, mean reversion, technical sentiment, value/yield, growth/sentiment, supply/demand, quality, and tactical/events.",事实上——尽管量化界自以为需要保密、外界又声称没有博士学位就看不懂量化——理论驱动型量化所做的事，绝大多数都能相当容易地归入八类现象：趋势、均值回归、技术情绪、价值/收益率、成长/情绪、供需、质量、战术/事件。,两个破折号之间为 in defiance of（与…相悖）引导的让步插入语；both A and B 并列；that 从句作 claims 的同位语；冒号后列举八类现象
28,词组,more than one type of alpha model in conjunction,结合使用；联用,"in conjunction（with）连同、配合使用；conjunction 另一常见义""连词"""
28,词组,we will first break them down individually,拆解；逐项分析,"break down 本句义""分解剖析""，vs 常见义""（机器）出故障/（人）崩溃"""
29,生词,A Taxonomy of Theory-Driven Alpha Models,分类体系；分类学,taxonomy 原为生物分类学，泛指系统化的分类框架
29,多义,exploiting one of two kinds of phenomena,利用（获利）,"exploit 本句义""利用（现象获利）""，vs 常见义""剥削""；phenomena 是 phenomenon 的复数"
29,术语,trend following or momentum,趋势跟踪（动量策略）,押注既有价格趋势将延续的策略；trend following 与 momentum 为同义叫法
29,术语,counter-trend or mean reversion,逆趋势（均值回归）,"押注价格将反转、回归其均值的策略；counter- 前缀""反/逆"""
29,生词,The economic rationale for the existence of trends,根本理由；理论依据,rationale 支撑某做法的一整套道理；与 rational（理性的）、rationalize（合理化）区分
29,生词,consensus-building among market participants,市场参与者间共识的逐步形成,consensus 共识；consensus-building 复合名词，强调共识形成的渐进过程
29,多义,The labor picture looks fine,（就业）形势；状况,"picture 本句义""形势/局面""，vs 常见义""图片""；labor 此处指就业市场"
29,词组,inflation is running rampant,失控蔓延；肆虐,"run rampant 固定搭配；rampant 猖獗的；run 此处系动词义""处于…状态"""
29,多义,trade deficits are blooming,膨胀；迅速扩大,"bloom 本句义""迅速膨胀""，vs 常见义""开花""；trade deficit 贸易逆差"
30,多义,the bears have it right,空头（看跌者）,"bears 空头、看跌者（与 bulls 多头相对），vs 常见义""熊""；have it right 判断对了"
30,词组,place their trades in accordance with it,依照它（判断）下单交易,in accordance with 依照（正式）；place a trade 下单
30,多义,adopts the same thesis,观点；投资判断,"thesis 本句义""论点/投资判断""，vs 常见义""学位论文""；adopt 采纳"
30,难句,"As more and more data come out to support their thesis and as a growing mass of market participants adopts the same thesis, the price of U.S. bonds may take a considerable amount of time to move to its new “equilibrium,” and this slow migration from one equilibrium to the next is the core opportunity that the trend follower looks to capture.","随着越来越多的数据支持他们的判断、越来越多的市场参与者接受同一观点，美国国债价格可能要花相当长时间才能移动到新的""均衡位""，而这种从一个均衡到下一个均衡的缓慢迁移，正是趋势跟随者想要捕捉的核心机会。",两个 as 引导的伴随状语从句并列；主句 may take…to move；and 后分句以 this slow migration 概括前文作主语；equilibrium 均衡价位
30,词组,It bears mentioning that,值得一提,"bear 此处义""值得/经得起""（bear doing），与上文 bears（空头）恰成一词两义的对照"
30,文化,affectionately known as the greater fools theory,博傻理论,"指买入只因相信总能以更高价卖给""更傻的人""，关键是别做最后一个傻瓜；affectionately 戏称地"
30,生词,which itself perpetuates the trend,使趋势自我延续,"perpetuate 使长存/使不断延续，与 perpetuity（永久）同根；itself 强调""这本身"""
30,术语,“whipsawing” action in markets,锯齿行情；双向打脸,价格快速上下反复，令趋势策略买在顶、卖在底两头受损；whipsaw 原义双人拉锯
30,难句,"If, in other words, you buy the S&P because it was up over the past three months (and, symmetrically, sell short the S&P every time it was down over the three months prior), you need the trend to keep going in the same direction after the three-month “observation” period.","换句话说，如果你因为标普指数过去三个月上涨而买入（并且对称地，每当它前三个月下跌就做空），你就需要趋势在三个月""观察期""之后继续朝同一方向走。",in other words 插入语；括号内给出对称的做空操作；need + 宾语 + to do 结构；prior 后置修饰 the three months
30,术语,“filtering” and “conditioning.”,过滤与条件化,"定义""何为显著变动""的两种手法：filtering 过滤噪声信号；conditioning 给信号附加成立条件"
30,术语,managed futures or commodities trading advisors (CTAs),管理期货；商品交易顾问（CTA）,以期货为主要标的的量化/趋势基金，监管注册名为 CTA
30,术语,a moving average crossover indicator,均线交叉指标,比较短期均线与长期均线的相对位置来判定趋势：短均线在上为正趋势，在下为负趋势
31,词组,"the oldest of all quant trading strategies, as far as I can tell",据我所知；据我判断,as far as I can tell 口语化限定语，弱化断言的确定性
31,文化,utilizing punch cards on an IBM mainframe in 1970,打孔卡片,早期计算机以打孔卡输入程序和数据；mainframe 大型主机
31,多义,mechanical trend-following strategy,机械式（按规则执行的）趋势跟踪策略,"mechanical 本句义""照规则机械执行、不掺人为判断的""，vs 常见义""机械（装置）的"""
31,术语,he annualized some 60 percent returns,年化,"annualize 动词""实现…的年化收益率""；some + 数字 义""大约"""
31,多义,a rock promoter,摇滚演出策划人,"promoter 本句义""演出承办人/推手""，vs 常见义""促进者""；后文写他经历枪击案后转行"
31,多义,decided a change of career was in order,是应当的；正合时宜,"in order 本句义""合时宜、应当的""，vs 常见义""井然有序/按顺序"""
31,术语,game theory could be used to trade the futures markets,博弈论,研究策略互动决策的数学分支；Hite 1972年论文主张用其指导期货量化交易
32,词组,north of 30 percent per year,超过；多于,"north of + 数字 口语化表达""高于""；反义 south of（低于）"
32,术语,net of fees,扣除费用后（的净口径）,net of 扣除…之后；对冲基金业绩惯用口径，与 gross（费前）相对
32,生词,under Hite’s stewardship,掌管；治理,steward 管家 → stewardship 管理职责/任期；under sb's stewardship 在某人执掌下
32,词组,in no small part by being on the right side of the crash that October,在很大程度上靠在那年十月股灾中站对了方向,in no small part 双重否定表强调（=在很大程度上）；on the right side of 押对了边
32,语法,Lest it seem like this is an overly rosy picture of trend following,以免这显得把趋势跟踪描绘得过于美好,lest（以免、唯恐）后接从句用虚拟语气（动词原形 seem）；rosy 玫瑰色的 → 过于乐观的
32,术语,downside risk delivered,下行风险,收益分布中亏损一侧的风险；文中指趋势策略每挣1个点收益需承受逾1个点的下行风险
32,生词,streaky and highly variable,时好时坏的；高度不稳定的,"streaky 一阵一阵的（streak 指连胜/连败的""一段""）；variable 多变的"
32,生词,not ever-present but rather are unstable and episodic,并非始终存在，而是不稳定且阵发的,ever-present 始终存在的；episodic 间歇性、一段一段的（episode 插曲）；not A but rather B 对举
32,多义,bought a controlling interest,股份；权益,"interest 本句义""股权/权益""（controlling interest 控股权），vs 常见义""兴趣/利息"""
32,术语,5 percent management fees and 20 percent incentive fees,管理费与业绩提成费,management fee 按管理规模年收；incentive fee 按利润比例提取（文中 Renaissance 后来高达44%）
32,词组,eye-popping,令人瞠目的,"字面""使眼珠都要瞪出来的""；同类构词 jaw-dropping（惊掉下巴的）"
32,词组,traders of all stripes,形形色色的交易者,of all stripes 各种类型的（stripe 原义条纹）；接下页 go about their business（各自做营生）
33,文化,the infamous tulip mania of the Dutch in the seventeenth century,臭名昭著的17世纪荷兰郁金香狂热,史上最早的投机泡沫之一（1630年代），郁金香球茎价格暴涨暴跌；infamous 声名狼藉的
33,多义,buy what’s been “hot” and sell what’s been “cold.”,买入近期强势的、卖出近期弱势的,"hot/cold 本句义""（行情）火热/遇冷""，vs 温度本义；what's been + 形容词 名词性从句"
33,多义,the prevailing trend,当前盛行的；占主导的,"prevailing 现行占主导的；prevail 另一常见义""获胜/占上风""；prevailing wind 盛行风同构"
33,词组,a center of gravity around which prices fluctuate,"价格围绕波动的""重心""","center of gravity 物理""重心""喻均衡价位；around which 介词前置的定语从句；fluctuate 波动"
33,术语,“over-bought” or “over-sold.”,超买/超卖,"短期买（卖）盘过度令价格偏高（偏低），预示回落（反弹）；over- 前缀""过度"""
33,生词,the excess demand from index buyers has subsided,消退；平息,subside 逐渐平息（洪水退去、骚乱平定）；excess demand 超额需求
33,难句,"Another rationale to explain the existence of mean-reverting behavior is that market participants are not all aware of each other’s views and actions, and as they each place orders that drive a price toward its new equilibrium level, the price can overshoot due to excess supply or demand at any given time.",解释均值回归行为存在的另一个理由是：市场参与者并不都了解彼此的观点和行动，当他们各自下单把价格推向新的均衡位时，任一时刻的超额供给或需求都可能使价格冲过头。,is that 表语从句；and 后分句中 as 引导伴随状语从句；that drive… 修饰 orders；at any given time 在任一时刻
33,术语,the price can overshoot,（价格）过冲；超调,价格越过目标均衡位继续多走一段，随后往回修正
33,多义,bucking current trends,逆势对抗,"buck 本句义动词""顶着/对抗""（buck the trend 逆势而行），vs 名词义""雄鹿/美元"""
33,术语,bear the risk of adverse selection,逆向选择,"逆动量接单时，愿与你成交的对手常掌握更多信息，接到的多是""坏单""；bear 承担"
33,词组,not necessarily at odds with each other,与…相抵触；相互矛盾,"at odds with 不一致、冲突；odds 另一常见义""赔率/胜算"""
33,生词,smaller oscillations around these trends,振荡；摆动,oscillate 来回摆动（如钟摆）；指长期趋势之上叠加的短期振荡
34,术语,they are typically known as contrarians,逆向投资者,contrarian 指有意与市场主流方向相反下注的人；此处指做均值回归的主观交易者。
34,多义,the convergence of the prices of similar stocks whose prices have diverged,价格已经背离的相似股票重新收敛,converge 本句义为价差收窄回归，diverge 为价差拉大；两词在此是一对反义的价格行为，而非常见的“汇合/分歧（意见）”。
34,词组,Stat arb ushered in an important change in world-view,统计套利开启了一次重要的世界观转变,usher in 意为引入、开启（新阶段），usher 本义是“引座员”；world-view 即看待市场的整体视角。
34,多义,would prove to have a lasting impact,后来证明产生了持久的影响,prove 本句义为“事后证明是、结果成为”（系动词用法，不接宾语），vs 常见义“证明（某事）”。
34,词组,simply cheap or expensive in itself,仅就其本身而言是便宜还是贵,in itself 意为“就其自身而言”，与 relative to（相对于另一标的）构成对照。
34,术语,the spread between these two companies oscillates rather consistently in a reasonably narrow range,这两家公司之间的价差相当稳定地在一个不算宽的区间内来回摆动,spread 指两个标的价格（或收益）之差；oscillate 指在区间内往复震荡，是均值回归可交易的前提。
34,术语,forecasts of relative attractiveness,相对吸引力预测,relative attractiveness 指某标的相对于同类标的的优劣排序，而非其绝对估值高低。
34,文化,Tartaglia’s team included scientists like Gerry Bamberger and David Shaw,塔塔利亚的团队里有 Gerry Bamberger、David Shaw 这样的科学家,David Shaw 后创立量化基金 D. E. Shaw；这支摩根士丹利的交易台被视为统计套利的发源地。
34,难句,"Stat arb ushered in an important change in world-view, one that focused on whether company A was over- or under-valued relative to company B rather than whether company A was simply cheap or expensive in itself.",统计套利带来了一次重要的世界观转变：关注的不再是A公司本身是便宜还是贵，而是A公司相对B公司是被高估还是低估。,one that... 是 change 的同位语，one 指代 an important change；over- or under-valued 中 over- 后的连字符表示与后面的 -valued 共用；rather than 连接两个并列的 whether 从句。
35,多义,the big pitfall of mean reversion strategies,均值回归策略的最大隐患,pitfall 本句义为“隐藏的陷阱、致命弱点”，与 fall（跌落）无直接语义关系。
35,词组,periods like March 2020 can knock you out entirely,像2020年3月那样的行情能把你彻底打出局,knock sb out 在交易语境里指亏损大到被迫平仓离场，而非拳击义“击倒”。
35,语法,"had not been observed before, nor since",此前没有出现过，此后也没有,nor since 是省略结构，完整为 nor have such spreads been observed since；nor 后接的分句需要倒装，此处因省略而只剩状语。
35,术语,work well in different regimes,在不同的市场状态下各自有效,regime 在金融语境指一段时间内市场统计特征相对稳定的“状态/机制”，如趋势市与震荡市。
35,生词,mean-reverting behavior was more prevalent,均值回归行为更为盛行,prevalent 意为普遍存在、占上风的，程度上强于 common。
35,术语,used as a conditioning variable,用作条件变量,conditioning variable 指本身不发出买卖信号、只用来决定另一信号是否生效的变量。
35,多义,the instrument is already overbought and therefore ready to decline,该标的已经超买，因而随时可能下跌,overbought 指买盘推动过度、价格偏离合理水平；ready to 本句义为“很可能即将”，vs 常见义“准备好”。
35,多义,the instrument has support to move higher,该标的有继续上涨的支撑,support 本句义为技术分析中的“支撑（力量/位）”，vs 常见义“支持、支撑物”。
35,术语,determine sentiment on the underlying,判断标的资产上的情绪,the underlying 名词化用法，指衍生品所对应的基础资产（如期权对应的股票）。
35,难句,It is obviously correct that both strategies can’t possibly be made to be exactly opposite while both making money at the same time.,显然，两种策略不可能被做成完全相反、却又能同时都赚钱。,It 是形式主语，真正主语是 that 从句；be made to be 是被动的使役结构；while both making money 为让步性伴随状语，主语与主句一致而省略。
36,术语,the volume of puts and calls,看跌期权与看涨期权的成交量,put 指看跌期权、call 指看涨期权；二者成交量之比常被当作情绪指标。
36,术语,a bullish sentiment indicator,看涨情绪指标,bullish 指看涨（源自 bull 牛市），反义为 bearish 看跌。
36,术语,the implied volatilities of puts versus calls,看跌期权与看涨期权的隐含波动率,implied volatility 指由期权市价反推出的市场对未来波动幅度的预期。
36,词组,This is partially in recognition of the habit of stocks to move down quickly and up slowly,这部分是出于对股票“跌得快、涨得慢”这一习性的认可,in recognition of 意为“考虑到、承认（某事实）”；habit 此处指资产价格的行为习性，不指人的习惯。
37,术语,equally far out-of-the-money (or in the case that they are both at the money),虚值程度相同（或两者都处于平值）,out-of-the-money 指行权价对持有人不利、内在价值为零的虚值期权；at the money 指行权价约等于现价的平值期权。
37,多义,"a proxy (e.g., credit default swaps, or CDS for short)",一个替代指标（例如信用违约互换，简称CDS）,proxy 本句义为“代理变量、替代观测量”，vs 常见义“代理人、委托书”；CDS 是为债务违约提供保护的互换合约，其价格反映信用风险。
37,术语,"trading volume, open interest, or other related type of inputs",成交量、未平仓合约量或其他相关输入,open interest 指尚未平仓的合约总量，反映资金留在市场中的规模，与当日成交量是两个不同概念。
37,术语,the limit order book,限价订单簿,limit order book 汇总各价位上等待成交的限价买卖单，是高频交易观察短期供需的主要数据。
37,术语,the size of bids or offers away from the mid-market relative to the size at the best bid/offer,远离中间价处买卖挂单的量相对于最优买卖价上挂单量的大小,bid 为买方报价、offer 为卖方报价；mid-market 是最优买价与最优卖价的中点。
37,多义,the turnover (trading versus float),换手率（成交量相对流通股本）,turnover 本句义为“换手率”，vs 常见义“营业额、人员流动率”；float 本句义为“在外流通股本”，vs 常见义“漂浮”。
37,词组,As I mentioned at the outset of this section,正如我在本节开头提到的,at the outset 意为在开头、一开始，比 at the beginning 更书面。
37,词组,remains open to debate,仍无定论；仍有争议,open to + 名词表示“有待、容许（某种对待）”，如 open to interpretation。
37,生词,part of the discretionary trader’s repertoire,主观交易者全套本领的一部分,repertoire 原指演员或乐团的常演曲目，引申为某人惯用的全部技能手段。
37,生词,coalesced,融合；汇集成一体,coalesce 指分散的部分合并为整体，此处指论文把十余年零散研究整合起来。
37,难句,"If one analyzes the historical ratio of put volatility and call volatility, there will likely be some natural ratio (greater than one, due to the phenomenon just described about upside and downside volatility), and divergences from this natural level might be treated as indicative of sentiment.",如果分析看跌期权波动率与看涨期权波动率的历史比值，很可能会存在某个自然比值（由于刚才描述的上下行波动率现象，该比值大于1），而偏离这一自然水平就可以被视为情绪的信号。,If 条件句后接两个并列主句（there will likely be... and divergences... might be treated...）；括号内 due to... 解释为何比值大于1；indicative of 意为“指示、表明”。
38,生词,a better determinant of future returns,对未来收益更好的决定因素,determinant 指起决定作用的因素，与动词 determine 同根。
38,术语,the book-to-price ratio,账面市值比（B/P）,book 指每股账面净资产，除以股价得账面市值比，是价值因子的经典度量。
38,多义,all information is already accurately and fully incorporated into the current market price,所有信息都已准确、完整地计入当前市价,incorporate 本句义为“纳入、计入（价格）”，vs 常见义“组建公司、合并”。
38,多义,"Quants tend to invert such ratios, keeping prices in the denominator",量化交易者倾向于把这类比率倒过来，让价格留在分母,invert 本句义为“取倒数”，vs 常见义“上下颠倒”；denominator 为分母，numerator 为分子。
38,术语,also known as earnings yield,又称盈利收益率（E/P）,earnings yield 是市盈率的倒数，把价格放在分母，便于处理负值与零值。
38,多义,the P/E ratio is simply undefined,市盈率根本无从定义,undefined 本句义为数学上“无定义”（分母为零），vs 常见义“未加界定的”。
38,生词,exhibit this sort of misbehavior,表现出这类反常行为,misbehavior 用于数学量时指取值不连续、跳变或无定义等“不听话”的性质，与描述人的“行为不端”是同一构词。
38,多义,the E/P ratio is well behaved,E/P 比率性质良好,well behaved 本句义指统计量取值连续、单调、处处有定义，vs 常见义“（人）表现规矩”。
38,难句,"It is somewhat ironic that quantitative investing owes so much to Eugene Fama, because Fama’s most famous work advanced the idea that markets are efficient.",颇具讽刺意味的是，量化投资竟如此归功于尤金·法马——因为法马最著名的成果恰恰是论证市场是有效的。,It 为形式主语，真主语是 that 从句；because 从句解释“讽刺”的原因；owe much to 表示归功于。
39,词组,does not lend itself well to analysis,不便于用来做分析,lend itself to 表示“（事物）适合于、便于”，主语是物不是人。
39,生词,These quantities predated the use of computers to trade,这些指标的出现早于用计算机做交易,predate 意为在时间上早于，pre- + date。
39,生词,arbitrary definitions and distributions,任意设定的定义与分布,arbitrary 指没有原理约束、凭习惯或方便而定，不等于“武断专横”。
39,多义,computed or quoted in ways that are not readily used,以不便直接使用的方式计算或表述出来,quote 本句义为“给出（数值的）表述方式、报出数值”，vs 常见义“引用”。
39,词组,But this strikes me as being too shallow a definition,但在我看来这个定义太肤浅了,strike sb as 表示“给某人以…的印象”；too shallow a definition 中 too/so/as/how + 形容词要把冠词后置。
39,多义,it can pay off to own the more risky asset,持有风险更高的资产可能是划算的,pay off 本句义为“见效、划得来”，vs 常见义“还清（债务）”。
39,词组,As it happens,碰巧；事实上,As it happens 引出一个与预期略有出入的事实，语气近似 in fact。
39,难句,The argument for this theory is that sometimes instruments have a higher yield than is justified by their fundamentals simply because the market is requiring a high yield for that kind of instrument at the moment.,该理论的依据是：有时一种资产的收益率之所以高于其基本面所能支撑的水平，仅仅是因为市场此刻就是要求这类资产提供高收益率。,than is justified by their fundamentals 是省略主语的比较从句（than 兼作从句主语）；simply because 引出唯一原因。
40,词组,the risk of standing in the way of momentum,挡在动量前进方向上的风险,stand in the way of 意为阻挡、逆着…而行；此处指价值买入本质上是在与下跌动量对着干。
40,多义,which echoes the idea,这印证了…的观点,echo 本句义为“呼应、印证（他人观点）”，vs 常见义“回声”。
40,生词,Yield-Surrogates,收益率的替代物,surrogate 指代替真品发挥同样作用的替身物，如 surrogate mother 代孕母亲。
40,术语,this strategy is also known as a carry trade,这一策略也称套息交易,carry trade 指买入高收益标的、同时卖出低收益标的融资，赚取二者利差。
40,术语,The spread between the yield received and the yield paid is the carry,所收收益率与所付收益率之差即为“carry”,carry 在此为名词，指持仓期间自然产生的净收益（正为正carry，负为负carry）。
40,多义,"use the proceeds to buy $1,000,000 of higher-yielding Mexican bonds",用（卖空所得的）款项买入100万美元收益率更高的墨西哥债券,proceeds 恒用复数，指出售或融资所得的款项，vs 动词 proceed（继续进行）。
40,文化,"Graham and Dodd, in their landmark book Security Analysis",格雷厄姆与多德在其里程碑式著作《证券分析》中,《证券分析》（1934）是价值投资的奠基之作；landmark 作定语意为具有里程碑意义的。
40,术语,value trading offers investors a margin of safety,价值交易为投资者提供安全边际,margin of safety 指买入价低于内在价值的那段缓冲，用以吸收判断误差。
40,术语,the Fed Funds rate,联邦基金利率,美国银行间隔夜拆借利率，由美联储设定目标区间，是美元短期利率的基准。
40,生词,until they imploded in 1998,直到他们在1998年轰然垮掉,implode 原指向内爆裂，喻指机构因内部问题迅速崩溃，与 explode（向外爆炸）相对。
40,生词,the juxtaposition of yields on government bonds,把国债收益率并列对比,juxtaposition 指把两者摆在一起以显出差异，动词为 juxtapose。
40,语法,"As riskiness increases, so too do yields to compensate lenders.",随着风险上升，收益率也随之上升，以补偿放贷人。,so too do yields 为 so + 助动词 + 主语的倒装结构，表示“…也一样”；do 替代前面的 increase。
40,难句,"Carry trading is an enormously popular kind of strategy for quants (and discretionary traders) in currencies, where the currency of a country with higher short-term yields is purchased against a short position in the currency of a country with relatively low short-term yields.",套息交易在外汇上是量化（以及主观）交易者极受欢迎的一类策略：买入短期利率较高国家的货币，同时做空短期利率相对较低国家的货币。,where 引导非限制性定语从句，先行词是 in currencies 所指的领域；is purchased against a short position 中 against 表示“与…对冲配对”，即一多一空成对建立。
41,术语,"earnings before interest, taxes, depreciation, and amortization (EBITDA)",息税折旧摊销前利润（EBITDA）,depreciation 为有形资产折旧，amortization 为无形资产摊销；EBITDA 常用来近似经营现金流。
41,术语,enterprise value (EV),企业价值（EV）,EV = 市值 + 净负债，衡量买下整家公司的代价，故常与 EBITDA 配对成 EV/EBITDA。
41,术语,quant long/short (QLS),量化多空策略（QLS）,按因子给股票打分排序，买入排名靠前者、卖空排名靠后者的股票策略。
41,术语,the major integrated oil companies,大型一体化石油公司,integrated 指从勘探开采到炼化销售全产业链一体化经营的石油公司。
41,生词,The presumption is that,这里的假定是,presumption 指在缺乏反证时先行接受的假定，动词为 presume。
41,多义,Value can be used to time any kind of instrument,价值可以用来给任何一类标的择时,time 本句义为动词“选择买卖时机、择时”，vs 常见义名词“时间”。
41,多义,seeking relative value rather than simply making an assessment,追求的是相对价值，而不只是做一个（绝对的）判断,relative value 指与同类标的比较后的高低，而非该标的自身贵贱的绝对结论。
41,术语,Roll yield,展期收益,期货合约到期需换到下一份合约，换仓时因期限结构不同而自然产生的收益或损耗。
41,多义,a contract with a shorter-dated expiry,到期日更近的合约,expiry 指合约到期日；shorter-dated 意为期限更短的，dated 在此指“到期时间标定”。
41,术语,backward-dated,现货升水（逆价差）的,即 backwardation：现货价高于远期期货价，此时持有多头滚动换月可获正的展期收益。
41,术语,contango,期货升水（正价差）,现货价低于远期期货价，多头滚动换月会产生负的展期收益。
41,难句,Most quant equity traders who use value strategies are seeking relative value rather than simply making an assessment of whether a given stock is cheap or expensive.,多数使用价值策略的量化股票交易者追求的是相对价值，而不只是判断某只股票本身是便宜还是贵。,who 从句修饰 traders，主句谓语为 are seeking；rather than 后接与 seeking 并列的动名词 making。
42,语法,That a given stock is a growth asset implies nothing about its valuation or yield.,某只股票属于成长型资产，这一点丝毫说明不了它的估值或收益率。,That 引导的从句直接作主语（后接谓语 implies）；imply nothing about 意为“对…毫无提示作用”。
42,词组,all else being equal,在其他条件相同的情况下,独立主格结构（名词 + being + 表语）作状语，等同于 if all else is equal。
42,术语,the price/earnings-to-growth (PEG) ratio,市盈率相对盈利增长比率（PEG）,PEG = 市盈率 / 盈利增速，用增长速度来校正估值高低。
42,术语,a forward-looking concept of value,一种前瞻性的价值概念,forward-looking 指基于对未来的预期，与 backward-looking（基于历史数据）相对。
42,多义,the market has priced in a great deal more growth than you expect,市场已把远超你预期的增长计入价格,price in 本句义为“把（某预期）计入价格、消化”，vs 常见的 price 作名词“价格”。
42,生词,assets with stagnant or negative growth,增长停滞或为负的资产,stagnant 指停滞不动的，名词为 stagnation；本义可指死水不流。
42,生词,the future stature of a company,一家公司未来的地位,stature 指（人或机构在业内的）声望与分量，与 statue（雕像）、status（身份状态）形近易混。
42,词组,are predicated on the idea that,以…这一想法为前提,be predicated on 意为“建立在…基础上、以…为前提”，多用于正式书面语。
42,术语,analysts’ earnings estimate revisions,分析师盈利预测修正,指卖方分析师上调或下调对某公司未来盈利的预测，其方向常被当作成长/情绪信号。
42,术语,Sell-side analysts working at various brokerage houses,在各家券商工作的卖方分析师,sell-side 指为客户提供研究与交易服务的券商一侧，与买方（基金）相对；brokerage house 即经纪商、券商。
42,词组,get an early glimpse of a company’s growth,提前瞥见一家公司的增长,glimpse 作名词指匆匆一瞥，常搭配 get/catch a glimpse of。
43,词组,their being treated as close cousins,把这两者当作近亲来看待,close cousins 喻指性质相近之物；their being treated 是动名词的复合结构，逻辑主语用物主代词。
43,术语,extrapolations of recent historical growth,对近期历史增长的外推,extrapolation 指把已观测到的趋势延伸到样本之外，与 interpolation（内插）相对。
43,术语,key performance indicators (KPIs),关键绩效指标（KPI）,此处指收入、成本、盈利等能刻画公司经营状况的核心量。
43,多义,more accurately and/or more timely,更准确和/或更及时,timely 本句是形容词“及时的”（与 accurate 并列），并非副词；其副词形式一般说成 in a timely manner。
43,术语,the Wall Street consensus,华尔街一致预期,consensus 指卖方分析师预测的平均值，是衡量“市场已预期到什么”的基准。
43,词组,baked into the current price,已经烘进（固化在）当前价格里,bake into 喻指某因素已被牢牢嵌入、无法再单独剥离，此处即已被价格充分反映。
43,生词,do not pertain to value,与价值（因子）不相干,pertain to 意为与…有关、属于…范畴，正式书面语。
43,生词,foreshadows increased demand for heating oil,预示取暖油需求将上升,foreshadow 指某迹象预示后事，构词为 fore-（预先）+ shadow（影子）。
43,术语,"secondaries/new issuances, and buybacks",增发/新发行与回购,issuance 指新发行证券（增加供给），buyback 指公司回购自家股票（减少供给），二者从供需侧影响价格。
43,多义,both fiat and digital,既有法定货币也有数字货币,fiat 本句义为“法定的（货币）”，源自拉丁语“让它成为”，vs 常见义“命令、政令”。
43,多义,which in turn can inform forecasts for the prices,这又能反过来为价格预测提供依据,inform 本句义为“为…提供依据、影响（判断）”，vs 常见义“通知某人”。
43,难句,"Being able to forecast earnings for some company better than the market, for example, will not help you forecast the earnings yield of that company, because the price is required to compute the earnings yield.",举例来说，就算你能比市场更准地预测某家公司的盈利，也帮不了你预测这家公司的盈利收益率，因为算盈利收益率还需要价格。,Being able to... 是动名词短语作主语，谓语为 will not help；for example 为插入语；because 从句给出原因。
44,词组,To be sure,诚然；不可否认,句首的 To be sure 先作让步，后面常接 But 转折，并非“为了确定”。
44,生词,It is debatable whether,…是有争议的,debatable 指尚无定论、可以两说的，与 questionable（可疑的）语气不同。
44,词组,the supply part of the equation,这一等式中供给的那一半,the equation 在此喻指由多个因素构成的整体格局，part of the equation 即其中一个组成部分。
44,术语,theory-driven fundamental alpha,理论驱动的基本面阿尔法,theory-driven 指先有经济学解释再建模，与 data-driven（先从数据里找规律）相对。
44,术语,frequently termed flight-to-quality environments,常被称为“奔向优质资产”的行情,flight to quality 指风险事件中资金迅速撤出高风险资产、涌向国债等优质资产；term 在此为动词“称之为”。
44,词组,Not coincidentally,并非巧合的是,作句首状语，提示前后两件事之间存在因果联系。
44,多义,quality models deployed in more macroeconomics-oriented strategies,质量模型被投入到更偏宏观的策略中,deploy 本句义为“部署、投入使用”，vs 军事常见义“调动部署（兵力）”。
44,多义,the unfolding crisis in Europe,正在演进中的欧洲危机,unfolding 本句义为“正在展开、事态推进中的”，vs 常见义“把折叠的东西打开”。
44,术语,short higher-levered companies and go long less-levered companies,做空杠杆更高的公司、做多杠杆更低的公司,levered（=leveraged）指使用了债务杠杆的；go long / short 为建立多头、空头头寸。
44,术语,the debt-to-equity ratios of stocks,股票的负债权益比（D/E）,总负债除以股东权益，数值越高说明杠杆越重、质量因子上评分越低。
44,多义,one kind of widget for some narrow purpose,只做一种用途狭窄的小玩意儿,widget 本句义为经济学举例时泛指的“某种小产品”，vs 常见义（软件界面上的）小组件。
44,难句,"This kind of strategy is easily found in quant equity trading but not as commonly in macroeconomic types of quant trading, probably because, historically, countries were not thought of as being particularly risky.",这类策略在量化股票交易里很常见，但在宏观类量化交易里就没那么常见，大概是因为历史上人们并不认为国家有多大风险。,but 后省略了 is found；probably because 引出原因状语从句，historically 为插入的时间状语；be thought of as 意为“被视作”。
45,文化,A great article in Vanity Fair,《名利场》上的一篇好文章,Vanity Fair 是美国以人物特写与文化评论著称的月刊。
45,多义,a new CEO to succeed him at Twitter,一位新CEO来接替他执掌推特,succeed 本句义为“接任、继任（某职位）”（succeed sb），vs 常见义“成功”。
45,多义,fuel fundamental sentiment strategies,为基本面情绪策略提供养料,fuel 本句义为动词“驱动、给…提供燃料/养分”，vs 常见义名词“燃料”。
45,术语,changes in discretionary accruals,操控性应计项目的变化,accrual 指权责发生制下已计入利润但尚未收付现金的项目；discretionary 部分由管理层自由裁量，常被用作盈余操纵的迹象。
45,生词,the management’s stewardship of the company,管理层对公司的经营受托责任,stewardship 指受托代人管理财产的职责，steward 原意为管家。
45,术语,an earnings quality signal,盈利质量信号,衡量报表盈利与真实经营现金流的接近程度，差距越大说明盈利质量越低。
45,术语,its free cash flow,自由现金流,经营现金流减去维持经营所需资本开支后的剩余现金，较难被会计手法修饰。
45,词组,gained prominence,受到广泛关注；声名鹊起,prominence 指显要地位，gain/rise to prominence 为固定搭配。
45,多义,the signals would appear very sporadically,这些信号只会零星地出现,sporadically 指时有时无、无规律地出现，与 regularly 相对。
45,术语,difficult to backtest and achieve any kind of statistical significance,很难回测，也很难达到任何程度的统计显著性,backtest 指用历史数据模拟策略表现；statistical significance 指结果不太可能由随机性造成。
45,文化,Enron and WorldCom,安然与世通,两家美国大公司分别于2001、2002年因财务造假破产，直接催生了《萨班斯法案》。
45,难句,"Such strategies especially gained prominence in the wake of the accounting scandals of 2001 and 2002 (Enron and WorldCom, for example), which highlighted that sometimes publicly traded companies are run by folks who are trying harder to manage their financial statements than manage their companies.",这类策略在2001—2002年的会计丑闻（如安然、世通）之后尤其受到关注，那些丑闻凸显出：有些上市公司的管理层花在“管理财报”上的功夫比管理公司还多。,in the wake of 意为紧随…之后；which 引导非限制性定语从句，先行词是前面整个 scandals；who 从句里 manage 一词被前后两次使用形成对照（管理报表 vs 管理公司）。
45,生词,several key management missteps,几处关键的管理失策,misstep 字面为“踏错一步”，引申为决策失误；mis- 前缀表示错误。
46,语法,"for all that these strategies profit when things are very dire, they tend to do poorly when the markets are performing well",尽管这些策略在市况危急时赚钱，但在市场表现良好时往往表现不佳,for all that 引导让步状语从句，相当于 although；dire 意为危急、凄惨的。
46,生词,go into a state of euphoria,陷入亢奋状态,euphoria 指过度乐观的集体狂喜情绪，与 panic 相对。
46,生词,The aforementioned accounting scandals,上述会计丑闻,aforementioned 为正式书面语，等于 previously mentioned。
46,词组,To recap,概括一下；小结,recap 是 recapitulate 的缩略，用于把前文要点重述一遍。
46,生词,The framework proposed herein,此处提出的框架,herein 意为“在此文中”，属 here- 系列正式副词（herein / hereby / hereafter）。
46,词组,provides a menu of sorts,可以说提供了一份“菜单”,a ... of sorts 表示“勉强算是某种…、称得上是一种…”，带保留语气。
46,词组,Quants sometimes fool themselves into thinking that,量化交易者有时会骗自己相信,fool sb into doing 表示“哄骗某人做某事”，反身用法即自欺。
46,多义,a broader array of core alpha concepts,范围更广的一整套核心阿尔法概念,array 本句义为“一系列、一整套”，vs 常见义（计算机的）数组、（军队的）阵列。
46,生词,annexation,吞并；兼并,annexation 指一国强行把他国领土并入自身，动词为 annex。
46,词组,spring to mind,浮现在脑海里,spring 在此指念头“突然冒出”，主语是想到的事物而非人。
46,术语,little or no historical precedent,几乎没有历史先例,precedent 指可供参照的先例；缺乏先例意味着无法用历史数据回测。
46,术语,Bayesian thinking about priors,关于先验的贝叶斯式思考,prior 指在看到新数据之前就持有的概率判断，贝叶斯方法用新证据不断更新它。
46,词组,you can take as a given that,你可以把…当作既定前提,take sth as a given 意为视某事为无需再证的前提，a given 为名词用法。
46,生词,stifled a significant majority of air travel,扼杀了绝大部分航空出行,stifle 意为使窒息、压制，此处指需求被强行抑制。
46,难句,"Some investors might also use implied volatility to serve this purpose, but implied volatilities go up because the market itself goes down, because growth expectations are lowered, because a company disappoints expectations on their earnings announcement, or for any number of other reasons unrelated to the quality of the company itself.",有些投资者也可能用隐含波动率来充当这一用途，但隐含波动率上升的原因可能是大盘本身下跌、增长预期被下调、公司财报不及预期，或其他任何与公司质量本身无关的原因。,but 后由四个并列原因构成：三个 because 从句加一个 for + 名词短语；unrelated to... 作后置定语修饰 reasons。
47,词组,the likes of Carnival Cruises,…之类；诸如,the likes of + 名词表示列举同类事物；likes 在此是名词“同类”，不是动词 like。
47,术语,Similarly strong priors,强先验,先验（prior）指在看到新数据之前就已持有的概率判断，贝叶斯统计用语；strong prior 即事先把握很大、很明确的判断。
47,多义,pump stimulus,大举投放刺激（政策）,pump 本句义为“注入、猛灌”（资金、政策），常见义是“泵；打气”。
47,难句,"The challenge with these strategies is to build models very quickly and without the benefit of much history to validate them, that forecast causal factors like elections or pandemics, while also mapping baskets of securities that stand to benefit or be hurt from the potential outcomes.",这些策略的难点在于：要在几乎没有历史数据可供验证的情况下快速搭建模型，让模型预测选举或疫情这类因果性因子，同时还要划出会因潜在结果而受益或受损的一篮子证券。,主干是 The challenge is to build models…；that forecast causal factors… 是与先行词 models 被分隔开的定语从句；while also mapping… 为伴随状语；without the benefit of… 表“得不到…之利”。
47,词组,stand to benefit or be hurt,势必受益或受损,stand to do 表示“按情势看必将/有望”，与 stand（站立）的本义无关。
47,词组,these one-off events,这些一次性事件,one-off 指只发生一次、不重复的；英式常用说法，美式也说 one-time。
47,多义,catalyzed supply/demand strategies,由事件催化的供需策略,catalyze 本句义为“（事件）触发、催化”，常见义是化学中的“催化”。
47,词组,is based on the premise that,基于…这一前提,premise 前提；the premise that 后接同位语从句说明前提的具体内容。
47,术语,the barriers to entry are naturally lower,进入壁垒,进入壁垒指阻止新竞争者进入某领域的门槛（技术、资本、认知等）；壁垒越低，竞争者越多。
47,生词,able to discern behaviors,辨识；洞察,discern 指分辨出不易察觉的东西；形近词 discreet（谨慎的）、discrete（离散的）。
47,词组,already named under the banner of some theory,在…的旗号/名义之下,under the banner of 字面“在…旗帜下”，引申为“以…名义、归入…门下”。
48,生词,the paucity of data,数据的匮乏,paucity 稀少、不足，正式书面语；近义 scarcity、dearth。
48,生词,the theoretical underpinnings of human and computerized trading behaviors,理论基础；根基,underpinning 原指建筑的基础支撑，引申为理论依据；动词 underpin 支撑、构成…的基础。
48,多义,decide what data to feed the model,喂给（模型）；输入,feed 本句义为“把数据输入模型”，常见义是“喂养”。
48,术语,seemingly significant but are in reality entirely spurious,虚假的；伪（相关）,spurious 指统计上看似成立、实则纯属巧合的关系；spurious correlation 伪相关。
48,术语,computationally intensive strategies,计算密集型策略,指需要消耗大量计算资源的策略；X-intensive 构词表示“大量消耗X的”，如 labor-intensive 劳动密集型。
48,术语,two years of intraday tick data,逐笔（tick）数据,tick 指每一笔成交或报价的最小记录单位；intraday 日内。
48,难句,"If this was not difficult enough, whatever strategies are found in this manner require the past to look at least reasonably like the future, although the future doesn’t tend to cooperate with this plan very often or for very long.",这还不够难似的——以这种方式找到的任何策略都要求过去至少要与未来大体相像，然而未来往往并不常、也不会长久地配合这个如意算盘。,If this was not difficult enough 为惯用让步开场白；whatever strategies are found in this manner 是名词性从句作主语（whatever ≈ any…that）；require sth to do 结构；although 从句把 future 拟人化（cooperate 配合）。
48,生词,a somewhat dubious exercise,可疑的；靠不住的,dubious 指可信度存疑；exercise 此处指“一项活动/做法”，并非“锻炼”。
49,生词,domains which are largely immutable,基本不可变的领域,immutable 不可改变的（im- + mutable）；同根词 mutate 变异、mutable 可变的。
49,术语,reverse engineer the strategies that are successful,逆向工程；反推,reverse engineer 指从成品倒推其内部原理和做法；此处指算法从海量棋谱中倒推制胜策略。
49,生词,adversarial and dynamic,对抗性的且动态变化的,adversarial 由 adversary（对手）派生，指参与者相互博弈对抗；市场会针对你的交易做出反应，这是它与下棋、开车等封闭领域的本质区别。
49,多义,Compounding the problem,使问题雪上加霜,compound 本句义为动词“加重、使恶化”，金融常见义是“复利”；现在分词短语置于句首作状语，引出又一重困难。
49,生词,data are relatively sparse,数据相对稀疏,sparse 稀疏的、稀少的；统计与机器学习常说 sparse data，与 abundant（充裕）相对。
49,术语,signal-to-noise ratios,信噪比,借自工程学：有效信号与随机噪声之比；市场数据信噪比极低，意为真实规律被大量随机波动掩盖。
49,难句,"What both of these problems have in common is that they point to not having enough data to forecast in a world where signal-to-noise ratios are, in the best of cases, very low.",这两个问题的共同点是：它们都指向“数据不够多”这一困境——而这个世界的信噪比即使在最好的情况下也非常低。,What…have in common 为主语从句；is that… 表语从句；point to 后接动名词否定式 not having；where 定语从句修饰 world；in the best of cases 为插入语。
49,生词,the aforementioned challenges,上述的；前面提到的,aforementioned 正式书面语，= mentioned before；多见于论文、合同。
49,多义,Let’s first frame the problem broadly,界定；框定（问题）,frame 本句义为“设定问题的框架”，常见义是“框架；相框”。
49,多义,It also bears mentioning that,值得一提,bear mentioning / bear repeating 中 bear 表“值得、经得起”，固定搭配。
49,多义,an analog within the discretionary trading world,对应物；类似物,analog 本句义为名词“对应物”，常见义是“模拟（信号）的”；英式拼写 analogue。
50,难句,"So, if data-mining quants are primarily looking at current market conditions, searching the history for similar conditions, determining the probabilities of various outcomes in the aftermath of that “setup,” and making trades in accordance with the probabilities, they must, at a minimum, address several questions.",因此，如果说数据挖掘型量化做的主要是：观察当前市况、在历史中检索相似情形、确定该“形态”出现之后各种结果的概率、并依照概率下单，那么他们至少必须回答以下几个问题。,if 条件从句内四个现在分词短语并列（looking / searching / determining / making）；主句为 they must address several questions；at a minimum 插入语“至少”。
50,词组,"various outcomes in the aftermath of that “setup,”",在…之后（的余波中）,aftermath 原指灾难的余波，in the aftermath of 泛指“紧随…之后”；setup 此处指行情“形态、情境”。
50,词组,making trades in accordance with the probabilities,依照概率下单交易,in accordance with 正式用语“依照、与…一致”，比 according to 更书面。
50,多义,What data will we expose to the machine?,让机器接触到（哪些数据）,expose to 本句义为“把数据提供给模型”，常见义是“使暴露于（危险等）”。
50,术语,Feature selection,特征选择,机器学习术语：从候选变量中挑选与预测目标相关的输入变量（特征），再让算法决定如何使用；对应正文说的 alpha 模型的“原子构件”。
50,术语,Feature engineering,特征工程,机器学习术语：对原始指标进行加工改造（剔除干扰项、标准化等），使其更有预测力。
50,多义,the atomic building parts of an alpha model,（阿尔法模型的）最小构件单元,atomic 本句义为“不可再分的、最基本的”，常见义是“原子的；原子能的”。
50,多义,exclude extraordinary events,剔除非经常性事项,extraordinary 本句义为会计中的“非经常性（损益）项目”，常见义是“非凡的、异乎寻常的”。
50,术语,normalize your return series,把收益序列标准化,normalize 统计上指把数据缩放到可比尺度（如去均值、除以标准差），消除量纲差异。
50,生词,there is no leeway to be vague,回旋余地；容错空间,leeway 原为航海用语（风压偏航的余地），引申为自由发挥的空间；量化策略必须精确定义每个概念。
51,词组,Hand in hand with this question is another,与…相伴而来；紧密相连,hand in hand with 置于句首引起倒装：正常语序为 another (question) is hand in hand with this question。
51,词组,One of the most common follies in quant trading,蠢行；愚蠢做法,folly 名词“愚蠢的行为”，比 mistake 语气重，含“荒唐”意味；此处指把统计工具用错地方。
51,词组,art and judgment that pertains to this decision,与…相关；属于,pertain to 正式用语“关于、隶属于”；主语 art and judgment 被视作一个整体故用单数 pertains。
51,多义,A decidedly more straightforward question,显然；毫无疑问地,decidedly 本句义为程度副词“明显地”，并非“果断地”；由 decided（明确的）派生。
51,生词,it pervades quant research,遍布；渗透,pervade 指弥漫、贯穿于各处；此处指“新近数据更相关 vs 数据越多越显著”这一权衡贯穿整个量化研究。
51,文化,data from the “Buttonwood Tree” era of the NYSE,梧桐树时代（纽交所草创期）,1792年24名经纪人在华尔街一棵梧桐树下签订《梧桐树协议》，是纽约证券交易所的起源。
51,词组,statistical significance is always of paramount importance,至关重要,of paramount importance = extremely important；paramount 至高无上的；of + 抽象名词作表语为正式句式。
51,文化,"the more data, the merrier",多多益善,"套用习语 the more, the merrier（人越多越热闹，原指聚会待客），此处指数据越多统计结论越可信。"
51,生词,rather fickle,反复无常的,fickle 多形容人善变，此处形容多输入的非线性模型输出不稳定；近义 capricious。
51,生词,In machine-learning parlance,用机器学习的行话说,parlance 某一行业或群体的说法、用语；in the parlance of = 用…的话来说。
51,术语,a question of interpretability,可解释性,机器学习术语：模型的决策过程能否被人理解和追溯；与“黑箱”模型相对。
51,难句,The quant (and the investor examining the quant) must determine the appropriate balance between these conflicting traits of statistical analysis applied to systems with dynamic conditions.,量化交易员（以及考察他的投资者）必须在“统计分析应用于动态系统”所固有的这两种相互冲突的特性之间，找到合适的平衡。,括号插入并列主语；these conflicting traits 指前文“新近数据更相关”与“数据越多越显著”两种诉求；applied to systems with dynamic conditions 过去分词短语修饰 statistical analysis。
52,生词,perturbing these features to different values,扰动；微调,perturb 统计与工程用语：对输入做小幅改动以观察输出变化；名词 perturbation。
52,生词,This is ascertained,查明；确定,ascertain 通过调查或检验弄清楚；比 find out 正式。
52,多义,what level of conviction she may have regarding this security,（投资上的）确信程度,conviction 本句义为“坚定的信念、把握”，常见义是“定罪”；high-conviction position 指很有把握的重仓头寸。
52,词组,Just so with models,同样地；模型亦然,Just so 承接上文类比，表示“对…也是如此”；with 表“就…而言”。
52,生词,instill more trust in something,逐渐建立起（信任）,instill 一点点灌输、注入（观念、情感）；搭配 instill trust/confidence/discipline in。
52,词组,give more credence to these,更加相信；采信,credence 信任、相信；give credence to 采信某说法；形近词 credentials（资质证书）。
52,难句,"Especially in an environment where we have very low predictive power—as is certainly the case in capital markets—to the extent that we can make sense of decisions and outcomes, it is quite reasonable to give more credence to these than the ones that seem to come out of nowhere, even if the latter have nominally better results in our testing.",尤其是在预测能力极低的环境里——资本市场无疑正是如此——只要我们能够理解模型的决策和结果，就有充分理由更相信这些（可理解的结果），而不是那些仿佛凭空冒出来的结果，即便后者在测试中的成绩名义上更好。,两个破折号夹插入语 as is certainly the case in capital markets；to the extent that 表“在…的限度内/只要”；these 指可理解的决策与结果，the latter 指凭空冒出的那些；nominally 名义上、账面上。
52,术语,a peer group to which they are substantively identical,同类可比组；同行组,peer group 指用于业绩比较的同类策略或基金；substantively 实质上。
52,多义,characteristics of an implementation approach that bear discussion,值得（讨论）,bear 本句义为“值得、经得起”（bear discussion/scrutiny），常见义是“承受；忍受”。
52,术语,bet structure,押注结构,指预测是针对单一标的自身（directional/intrinsic），还是标的之间的相对关系（relative）。
52,生词,"the direction, magnitude, and/or duration of a move",幅度；量级,magnitude 大小、量级（如地震震级）；此处指价格变动幅度，与 direction（方向）、duration（持续时间）并列。
53,术语,Signal strength is defined by an expected return and/or by a confidence interval,信号强度,量化术语：信号的“强弱”由预期收益大小和/或置信水平共同定义，通常决定下注大小；confidence interval 置信区间。
53,生词,an important (but not ubiquitous) aspect,无处不在的,ubiquitous 到处存在的、普遍的；此处否定式表示并非所有量化模型都含此要素。
53,语法,"The larger the expected return (i.e., the further the price target is from the current price), the greater the strength of the signal, holding confidence levels constant.",在置信水平不变的前提下，预期收益越大（即目标价距现价越远），信号强度越大。,"the + 比较级…, the + 比较级… 句式；holding X constant 独立分词结构“保持X不变”；i.e. 括号内插入解释。"
53,词组,It stands to reason that you will generally be willing to take a bigger bet,按理说；理所当然,it stands to reason that 固定句式，表示结论合乎常理。
53,术语,an expected return or a price target,目标价,price target 对资产未来价格的具体预测点位；与只报涨跌方向的预测相对。
54,生词,more variability between the returns,变异性；差异波动,variability 统计用语：结果的分散程度；此处指两个策略收益之间的差异程度。
54,生词,differentiation is greater at shorter timescales,分化；差异化,differentiation 指相互之间拉开差别；短周期策略因交易次数极多，微小差异被不断放大。
54,词组,This general rule especially holds true,同样成立；依然适用,hold true 指规律、说法“成立、适用”；hold 此处为“保持有效”义。
55,多义,amplified across tens of thousands of trades,被放大,amplify 本句义为“（微小差异经大量交易）放大”，常见义是“扩音、放大（信号）”。
55,难句,"By contrast, taking merely 10 days off of the longer moving average from the shorter-term system so that it now uses 5- and 10-day moving averages causes the system to be short the S&P for several extra days in mid-April and to add another short trade in mid-May that the 5-/20-day version would not have done.",相比之下，只是把较短期系统中较长的那条均线减去10天（改用5日和10日均线），就会让系统在4月中旬多做空标普好几天，并在5月中旬多出一笔5日/20日版本不会有的空单。,动名词短语 taking merely 10 days off of… 作主语；so that 引导结果状语；causes … to be short … and to add … 两个不定式并列；末尾 that 从句含虚拟完成 would not have done。
55,词组,"Along this line of thinking, a classification may be helpful",沿着这一思路,along this line of thinking / along these lines 表示顺着同一思路继续推进。
55,词组,making forecasts that go no further than the end of the current trading day,最远只到…；不超出,go no further than 表示上限；此处指高频策略的预测期限不超过当日收盘。
55,生词,The lines of demarcation between these groups are arbitrary,这些类别之间的分界线是人为划定的,demarcation 划界；line of demarcation 分界线；arbitrary 任意的、并无客观依据的。
55,多义,this shorthand can be helpful,这套简便说法有助于思考,shorthand 本句义为“简便的代称、速记式说法”，本义是“速记法”。
55,术语,the “mid-frequency” space,中频（策略）领域,mid-frequency 介于高频与短周期之间的策略，持仓从数分钟到数小时甚至隔夜；space 此处指“细分领域”。
56,多义,"smaller clusters (e.g., pairs) or larger clusters (e.g., sectors)",更小的分组（如配对）或更大的分组（如行业）,cluster 本句义为“一组相关标的”，常见义是“簇、群”。
56,难句,"Very few assets can actually be compared so precisely and directly with one other instrument, rendering a major benefit of pairs trading impracticable.",极少有资产真能与另一个标的如此精确、直接地相比，这使得配对交易的一大好处无法兑现。,现在分词短语 rendering… 作结果状语；render + 宾语 + 形容词（impracticable）表“使…变得…”；one other instrument 指“另外某一个”标的。
56,词组,they may differ along other lines,它们可能在其他方面存在差异,along … lines 表“在…方面/路线上”；line（线）的本义在此已虚化。
56,词组,the trader is presented with a dilemma,交易员面临一个两难困境,be presented with 被摆在面前；dilemma 特指两种选择各有缺陷的处境。
56,词组,Or to put it another way,或者换个说法,to put it another way 插入语，用于换一种表述；put 此处为“表达”义。
56,多义,isolate and eliminate common effects among the group,分离并消除（组内共同影响）,isolate 本句义为“把某一效应单独剥离出来”，常见义是“隔离（人、地方）”。
56,术语,idiosyncratic behavior,个股特质性行为,idiosyncratic 指某一标的独有、无法用组内共同因素解释的部分；idiosyncratic risk 特质风险。
56,术语,"using heuristics (e.g., fundamentally defined industry groups)",使用启发式方法（如按基本面定义的行业分组）,heuristic 凭经验规则而非严格算法求解；此处指人为按行业常识分组，与统计分组相对。
56,术语,any time that the market regime changes,每当市场状态切换时,regime 指市场所处的宏观“状态、机制”（如高波动与低波动阶段）；regime change 状态切换会打乱标的间的相关关系。
57,生词,making sense and being defensible theoretically,合乎常理且在理论上站得住脚,defensible 站得住脚的、经得起辩护的；由 defend 派生。
57,生词,a conglomerate such as General Electric,像通用电气这样的综合企业集团,conglomerate 跨多个行业的集团公司；地质学中另指“砾岩”。
57,生词,Rigidity in particular can be a problem,僵化尤其可能成为问题,rigidity 僵硬、不灵活，rigid 的名词形式；此处指分组规则一旦定死便难以适应标的间关系的变化。
57,难句,"Because the correlation between these two asset classes moves in phases, it can be very tricky to analyze the relationship theoretically and make a static, unchanging declaration that they belong in the same group or in different groups.",由于这两类资产之间的相关性呈阶段性变化，要从理论上分析其关系、并一锤定音地断言它们属于同组还是不同组，是非常棘手的。,it 为形式主语，真主语是并列不定式 to analyze… and (to) make…；declaration that… 为同位语从句；move in phases 阶段性变化。
57,词组,"and by extension, most strategies that are based on relative forecasts",进而推之，大多数基于相对预测的策略,by extension 表示把结论顺势推广到相关对象。
57,词组,utilizing several grouping techniques in concert,协同使用几种分组技术,in concert 协同、一致地，与音乐会义无关；近义 in tandem。
57,生词,"one piece of particularly unhelpful, but widely used, hedge fund industry jargon",一个特别没用却被广泛使用的对冲基金行业行话,jargon 行话、术语黑话，常含贬义；a piece of jargon 一个行话说法。
57,术语,relative value,相对价值（策略）,行业用语：泛指采用相对押注结构的策略；书中指出其中 value 一词名不副实，与价值投资并无必然关系。
57,术语,intrinsic alpha strategies,单标的（内在）阿尔法策略,intrinsic 指只就单一标的自身方向下注的策略，与 relative（相对）策略相对；正常时期收益通常不如相对策略平滑。
58,词组,behave in a manner conducive to being predicted by systematic models,其行为方式便于被系统化模型预测,conducive to + 名词/动名词“有利于、有助于”；a manner conducive to… 为后置形容词短语修饰 manner。
58,多义,"they are subject to sudden, violent price changes",它们容易发生突然而剧烈的价格变动,be subject to 本句义为“容易遭受”，另一常见义是“以…为准；受…管辖”。
58,多义,There are also tax implications to consider,还需要考虑税务上的影响,implications 隐含的后果、牵涉；tax implications 税务方面的连带影响。
58,难句,"Also, the liquidity characteristics and nature of the other participants in a given market differ from one instrument class to another, and these are some of the considerations quants must make regarding what kinds of instruments to trade.",此外，一个市场中其他参与者的流动性特征和构成因工具类别而异，这些都是量化在决定交易何种工具时必须考虑的因素。,并列主语 the liquidity characteristics and nature…；differ from one … to another 表“因…而各不相同”；considerations (that) quants must make 省略关系词的定语从句；regarding 引出考虑的对象。
58,术语,trade the fixed income asset class,固定收益资产类别,fixed income 固定收益（债券类）资产，因利息支付事先固定而得名。
58,术语,"instruments other than futures (e.g., swaps or cash bonds)",期货以外的工具（如互换或现券）,swap 互换合约；cash bond 现券，即实际持有的债券本身，区别于债券期货。
58,术语,those traded “over the counter” (OTC),场外交易的品种,OTC 指不经交易所、由买卖双方直接成交的市场，与交易所挂牌交易相对；流动性通常更差。
58,术语,corporate or convertible bonds,公司债或可转债,convertible bond 可按约定条件转换为发行人股票的债券。
58,词组,the bulk of quant trading occurs in the United States,量化交易的大部分发生在美国,the bulk of 绝大部分；bulk 本义“体积、大宗”。
58,词组,This last fact may change going forward,这一点今后可能会改变,going forward 商务用语“今后、往后”，置于句末作状语。
59,生词,the salient characteristics of the trading universe,交易范围最突出的特征,salient 显著的、最重要的；原义是“突出的（阵地凸角）”。
59,难句,"Furthermore, any differences in the way a quant chooses to specify or define an idea for her strategy might lead it to behave quite differently than other choices would have.",此外，量化在为策略设定或定义想法上的任何差异，都可能使策略的表现与采取其他选择时大不相同。,the way (that) a quant chooses… 为省略关系词的定语从句；lead it to behave 中 it 指策略；differently than other choices would have (behaved) 为省略的比较从句，would have 含虚拟意味。
59,术语,identify the breakout of the very early stages of a trend,识别趋势最早期的突破,breakout 技术分析术语：价格突破前期区间（阻力位/支撑位），常被视为趋势启动信号。
59,多义,whether a long-term trend is actually in place or not,长期趋势是否真的已经确立,in place 本句义为“已经确立、就位”，常见义是“在原处”。
59,语法,These are but a few of the more common ways a trend can be defined,这些只不过是定义趋势的较常见方式中的少数几种,but 此处为副词“只不过”（= only）；ways 后接省略关系词的定语从句 a trend can be defined (in)。
59,难句,"For the nonquant, then, model specification may remain a more opaque aspect of the black box, but exploring this idea as much as possible with a quant trader could, in fact, highlight the reasons for differences in performance that are observed versus the quant’s peer group.",因此对非量化人士而言，模型设定可能仍是黑箱中较不透明的部分，但尽量与量化交易员探讨这一点，其实能揭示其业绩与同行出现差异的原因。,but 后分句的主语是动名词短语 exploring this idea…；that are observed 定语从句修饰 differences in performance；versus the quant’s peer group 表比较基准。
59,术语,a 5-/10-day moving average crossover strategy,5日/10日均线交叉策略,均线交叉策略：短期均线上穿/下穿长期均线时发出买卖信号；均线天数即参数（parameter）的典型例子。
60,术语,fitting models to the data,把模型拟合到数据上,fit 统计术语：调整模型参数使其尽量贴合历史数据；贴合过度即 overfitting。
60,术语,testing many potential sets of specifications without overfitting,在不过拟合的前提下测试多组设定,overfitting 过拟合：模型把历史数据中的噪声当作规律，导致样本外失效。
60,术语,This process is known as refitting,这一过程称为重新拟合,refitting 指实盘运行中用最新数据定期重估模型参数，使模型尽量适应当前市况。
60,生词,a very treacherous problem indeed,一个着实暗藏凶险的问题,treacherous 暗藏危险的、险恶的；也指人“背信弃义的”（名词 treachery）。
60,词组,"may be mistaken for valid, lasting ones",可能被误认为是有效持久的关系,mistake A for B 把A误当作B；ones 指代前文的 relationships。
60,术语,employ conditioning variables to their strategies,条件变量,conditioning variable 不直接产生信号、而用来决定何时以及如何使用信号的辅助变量。
60,术语,a modifying conditioner,修正型条件变量,基于信号自身特征或其结果来改变该信号用法的条件变量，止损规则是典型例子。
60,多义,there are many false starts to worry about,有许多需要提防的假启动,false start 原指赛跑抢跑，此处指趋势“假突破”——看似启动随即夭折。
60,术语,"stop-losses, profit-targets (or profit-stops), and time stops",止损单、止盈目标（止盈单）和时间止损,三类平仓规则：亏损达阈值离场、盈利达目标离场、持仓超过时限离场。
60,生词,increase the efficacy of the forecasts generated,提高预测的有效性,efficacy 功效、效力（正式）；the forecasts generated 中过去分词后置修饰。
61,多义,signals which may have been triggered far enough in the past as to be considered “stale.”,触发时间久远、已被视为过时失效的信号,stale 本句义为“（信号）过期失效的”，常见义是“（食物）不新鲜的”；far enough … as to … 表程度。
61,术语,a secondary conditioner,次级条件变量,要求多类信号相互印证（如趋势与估值方向一致）才触发可交易预测的条件变量。
61,术语,are “GARP” devotees,是GARP（合理价格成长）的信奉者,GARP = Growth at a Reasonable Price，介于成长与价值之间的选股理念；devotee 拥趸、信徒。
61,词组,this strategy would buy dips,该策略会（在上升趋势中）逢低买入,dip 本句义为“回调、下探”（buy the dip 逢低买入），常见义是“蘸；浸”。
61,多义,sell short run-ups in down-trending markets,在下降趋势中逢反弹做空,run-up 本句义为“短期急涨、反弹”，另一常见义是“（事件的）前夕”（in the run-up to）。
61,术语,rule-based pattern recognition strategies,基于规则的模式识别策略,以人工预先定义的规则识别重复出现的市场形态；与让算法自行发现“什么算模式”的数据驱动方法相对。
61,术语,determining the run frequency,模型运行频率,run frequency 指模型多久运行一次以寻找新交易，从每月一次到连续实时不等。
61,多义,more commissions paid to brokers,付给券商更多佣金,commission 本句义为“佣金”，常见义是“委员会；委托”。
62,多义,noisy data that don’t actually contain much meaning,并不含多少真实信息的噪声数据,noisy 本句义为统计意义的“噪声多的”，常见义是“吵闹的”。
62,生词,little or no incremental improvement in the alpha,阿尔法几乎没有增量改善,incremental 增量的、递增的；名词 increment 增量。
62,多义,transacting larger blocks of trades,执行更大宗的交易,block 本句义为“大宗（一批）交易”，如 block trade 大宗交易；常见义是“街区；方块”。
62,术语,in terms of “moving the market.”,“推动市场”（市场冲击成本）,moving the market 指自己的大单把价格推向不利方向，即市场冲击（market impact）成本。
62,词组,prone to problems associated with the moment of observation of markets,容易出现与观察时点相关的问题,prone to 易于发生（多指坏事）；associated with 与…相关。
62,生词,while the model is dormant,模型休眠期间,dormant 休眠的、暂停活动的（火山、账户、模型皆可用）；与 active 相对。
62,难句,"Alternatively, the model may attempt in vain to trade at attractive, but quickly fleeting, prices that occur if there has been some aberration just around the time of the model being run.",或者，模型可能徒劳地试图以诱人却转瞬即逝的价格成交——前提是模型运行前后恰好出现了某种价格异常。,"attempt in vain to do 徒劳地试图；attractive, but quickly fleeting, prices 为逗号夹插入的并列形容词；that occur if… 定语从句内嵌条件从句；the model being run 为动名词复合结构。"
62,多义,an explosion in the variety of quant trading strategies,（策略种类的）爆炸式增长,explosion 本句义为“激增”，常见义是“爆炸”。
62,生词,the number of permutations of a strategy,（策略的）排列组合数,permutation 排列组合；此处指各实现维度（类型、期限、结构等）取值相乘得到的组合总数。
63,生词,This diversity might seem daunting at first glance,这种多样性乍看之下可能令人生畏,daunting 令人望而生畏的；动词 daunt 使气馁；at first glance 乍看之下。
63,多义,Exhibit 3.8 revisits the taxonomy of alpha models,图3.8重新回顾这一分类,revisit 本句义为“重新审视、回顾”，常见义是“再次到访”。
64,多义,an arena rich with possibilities,一个充满可能性的领域,arena 本句义为“（活动）领域、舞台”，常见义是“竞技场、体育馆”。
64,生词,Blending or mixing alpha signals has many analogues in discretionary trading,混合阿尔法信号在主观交易中有许多类似做法,analogue 对应物、类比物（美式拼写 analog）；动名词短语 Blending or mixing… 作单数主语。
64,多义,a mutual fund portfolio manager who has two analysts covering XOM,一位手下有两名分析师跟踪研究XOM的公募基金经理,cover 本句义为“（分析师）跟踪研究（某只股票）”，常见义是“覆盖”。
64,多义,thinks XOM is likely to be flat over the next year,认为XOM未来一年大概率横盘持平,flat 本句义为“（价格）持平、横盘”，常见义是“平的；公寓”。
64,词组,each of which can be likened to an analyst,每一个（模型）都可以被比作一位分析师,liken A to B 把A比作B；each of which 非限制性定语从句，指代各个阿尔法模型。
64,词组,a significant fourth school of thought,颇有影响的第四个流派,school of thought 学派、流派；school 此处与学校无关。
64,术语,These factor portfolios are then combined,因子组合,factor portfolio 按单一阿尔法因子的输出单独构建的组合；该流派主张在组合层面（而非信号层面）合并各因子。
64,词组,Each of these four approaches to signal mixing has its disciples,这四种信号混合方法各有各的信徒,disciple 门徒、追随者（原指宗教门徒）；has its disciples 各有拥护者。
64,语法,"All other things being equal, it is very likely that any reasonably intelligent combination of alphas will do a better job",在其他条件都相同的情况下，任何相对聪明的阿尔法组合很可能表现更好,All other things being equal 独立主格结构（= ceteris paribus）；it is likely that 形式主语句式。
65,生词,combine alpha factors to construct a composite forecast,组合阿尔法因子以构建一个合成预测,composite 合成的、复合的；composite forecast/score 由多个因子加权汇总而成。
65,生词,a reasonable facsimile for one of the more common ways that humans normally think,与人类常见思维方式相当接近的一个摹本,facsimile 摹本、复制品（fax 即其缩写）；a reasonable facsimile 指与原型相当接近的仿制。
65,难句,"In linear models, the inclusion of one factor is independent of the inclusion of other factors, and each factor is expected to be additive, independently of the other factors that might be included or excluded.",在线性模型中，纳入某个因子与是否纳入其他因子互不相干，且每个因子的作用都被假定为可加的，不受其他被纳入或剔除因子的影响。,两个分句并列；the inclusion of… 为名词化表达；additive 可加的；independently of 为副词短语“不依赖于”，注意与形容词 independent of 的词性区别。
65,生词,extracurricular activities,课外活动,extracurricular = extra-（之外）+ curricular（课程的）；curriculum 课程体系。
65,多义,her odds of gaining admission,她被录取的几率,odds 本句义为“概率、可能性”，赌博中指“赔率”；admission 录取。
65,难句,"If, on the other hand, it was the case that, with high enough test scores, her essays wouldn’t matter, a linear model is no longer the correct way to predict her chances of getting in.",反之，如果情况是只要考分足够高、申请文书就无关紧要，那么线性模型就不再是预测她录取几率的正确方式。,it was the case that… 中 it 为形式主语；with high enough test scores 条件状语插入；wouldn’t matter 含虚拟意味；getting in 口语化的“被录取”。
65,术语,a technique known as multiple regression,称为多元回归的技术,multiple regression 多元回归：用多个自变量共同解释一个因变量并估计各自权重的统计方法。
66,术语,One of the alpha factors focuses on E/P ratios,其中一个阿尔法因子关注E/P比率,E/P（盈利/价格）即市盈率的倒数，亦称盈利收益率；量化偏用E/P以避免市盈率在盈利为负时失真。
66,多义,the models are weighted 70 percent toward the yield factor,模型给收益率因子70%的权重,weight 本句义为动词“加权、赋权”，常见义是名词“重量”。
66,生词,equal-weighting methods abound among quant traders,等权重方法在量化交易者中比比皆是,abound 大量存在（不及物动词）；abound in/with 盛产。
66,术语,A special case of linear models is the equal-weighted model,线性模型的一个特例是等权重模型,equal-weighted 等权：放弃估计权重差异，让所有因子同等重要。
66,生词,A variant of this approach gives each factor an “equal risk” weighting,这一方法的一个变体给每个因子“等风险”权重,equal risk weighting 按各因子风险贡献相等来分配权重（风险平价思想）；variant 变体。
66,术语,conditional models and rotation models,条件模型与轮动模型,非线性混合的两大类：条件模型让因子相互制约触发，轮动模型随时间调整因子权重。
66,多义,base the weight of one alpha factor on the reading of another factor,让一个因子的权重取决于另一因子的读数,reading 本句义为“（指标的）读数”，常见义是“阅读”。
66,词组,only when the price trends are in agreement with the E/P yields,仅当价格趋势与E/P收益率信号方向一致时,in agreement with 与…一致；此处指两类信号方向相互印证。
67,难句,"If, instead, XOM had a positive return forecast from the trend factor, the combined nonlinear model would have a targeted return of +20 percent over the next 12 months for that stock because this is the return expected by the value factor, which now has been “activated” by its agreement with the trend factor.",反之，若趋势因子给XOM的预测回报为正，非线性组合模型对该股未来12个月的目标回报就是+20%——因为这是价值因子预期的回报，而价值因子此时已因与趋势因子方向一致而被“激活”。,"If, instead, … 条件句；because 从句说明目标回报的来源；which now has been “activated”… 非限制性定语从句修饰 the value factor；by its agreement with… 表被“激活”的原因。"
67,词组,an “all-or-nothing” type of approach,一种“全有或全无”式的方法,all-or-nothing 要么全要、要么全不要，没有中间状态；此处指条件不满足时信号被完全弃用。
67,多义,the more recent data are used to determine weighting schemes,用较新的数据来确定加权方案,scheme 本句义为中性的“方案、安排”，另一常见义是贬义的“阴谋、诡计”。
67,词组,in the hope that the model’s weights are more relevant to current market conditions,希望模型权重与当前市况更相关,in the hope that 抱着…的希望（做某事）；名词 hope 后接同位语从句。
68,词组,has received precious little attention in the academic literature and trade press,在学术文献与行业刊物中得到的关注少得可怜,precious little 强调“少得可怜”（precious 作副词加强 little）；trade press 行业刊物。
68,生词,synthesize all available and relevant information into a sensible decision,把所有可得且相关的信息综合成一个明智的决定,synthesize 综合、合成；synthesize A into B 把A整合为B。
68,术语,signal mixing shares some similarities with portfolio construction,信号混合与组合构建有一些相似之处,信号混合在“单个标的”层面合成一个预测；组合构建在“组合”层面决定各头寸大小，两者相关但相互独立。
68,多义,questions of sizing and combining,确定大小与组合搭配的问题,sizing 本句义为动词 size“确定（信号/头寸）的大小”的动名词，常见义 size 是名词“尺寸”。
68,生词,See Exhibit 3.11 for a recap of the structure of a quant trading system,见图3.11对量化交易系统结构的回顾,recap = recapitulation 的缩略，简要回顾；亦可作动词。
68,难句,I am consistently amazed by the juxtaposition of the simplicity and relatively small number of concepts used to manage money quantitatively and the incredible diversity of quant trading strategies as applied in the real world.,让我一直惊叹的是这样一种对照：量化管钱所用的概念如此简单、数量如此之少，而现实中的量化策略却又纷繁多样到不可思议。,句子核心是 the juxtaposition of A and B（A与B的并置对照）：A = the simplicity and relatively small number of concepts…，B = the incredible diversity…；as applied in the real world 修饰 strategies。
71,文化,The market can remain irrational longer than you can remain solvent.,市场保持非理性的时间可以长过你保持偿付能力的时间。,凯恩斯名言，本章题记。solvent 指有能力偿付到期债务，反义 insolvent（资不抵债）。意为方向判断正确也可能先被市场耗死。
71,多义,you can remain solvent,有偿付能力的；不破产的,solvent 本句义（形容词）「有偿付能力的」；常见义为名词「溶剂」。
71,术语,the intentional selection and sizing of exposures,有意识地挑选敞口并确定其规模,sizing 指决定每笔头寸的大小。本书把风险管理定义为「选敞口＋定规模」，而非单纯回避风险。
71,词组,not what we classify as risk per se,本身；就其本身而言,per se 为拉丁语，＝in itself。此处指阿尔法敞口自带的亏损本身不算「风险」。
71,多义,there can be downside to accepting this exposure,不利一面；下行风险,downside 本句义「承担该敞口可能带来的损失」；常见义「缺点、弊端」，与 upside 相对。
71,难句,"Though it would be great fun to accept only the upside of a given alpha strategy and reject the losses that can be associated with it, sadly, that is not possible.",尽管只享受某个阿尔法策略的上行收益、拒绝与之相伴的亏损会很痛快，可惜这做不到。,Though 引导让步状语从句，从句内 it 为形式主语、真主语是 to accept…and reject…；主句 that 回指整个不定式内容；sadly 为评注性状语。
71,词组,will not produce profits over the long haul,从长期来看,over the long haul＝in the long run；haul 原指「一段路程／一段时间」。
71,术语,a relative alpha strategy,相对阿尔法策略,预测标的之间的相对强弱（A 跑赢 B），而非单个标的的绝对涨跌；与 intrinsic（绝对）阿尔法相对。
72,词组,That risk is inherent to the pursuit of a value strategy,内在于；与…不可分割,be inherent to＝固有地属于。此处指亏损风险是价值策略天生自带的，不属于意外风险。
72,词组,a value strategy without further specification,不加进一步限定的,specification 指对策略的额外设定（如行业中性化）；without further specification＝不做额外约束。
72,多义,taking significant sector bets,押注；敞口,bet 本句义「对某方向的押注、敞口」；常见义「打赌」。sector bet 即对某行业整体方向的押注。
72,生词,an unconstrained value-hunting strategy,不加约束的,unconstrained＝未施加约束条件的；名词 constraint 指硬性限制。
72,术语,overweighting one industry or sector versus another,超配,overweight 指某行业在组合中的权重高于基准权重，反之为 underweight（低配）。
72,词组,raise hell about things that can cause losses,大吵大闹；大声抗议,raise hell 为口语，指强烈抗议、闹翻天；此处把风险模型拟人化为「遇险就嚷嚷」。
72,生词,incidental byproducts of the alpha model,附带的；非有意产生的,incidental＝伴随发生而非刻意追求的；byproduct＝副产品。
72,术语,computing the residuals of equity returns to the set of factors in the risk model,残差,残差＝个股收益中被风险因子解释之后剩下的部分；统计套利即预测这部分残差的走向。
72,词组,which of these courses of action is most prudent,行动方案,course of action＝做法、处置方式；prudent＝审慎稳妥的。
72,难句,So the key to understanding risk exposures as they relate to quant trading strategies is that risk exposures are those that are not intentionally sought out by the nature of whatever forecast the quant is making in the alpha model.,因此就量化交易策略而言，理解风险敞口的关键在于：风险敞口就是量化交易员在阿尔法模型中所做的那个预测本身并未有意去追求的那些敞口。,主干 the key … is that …；as they relate to＝就…而言（they 指 risk exposures）；those that … 为表语从句内的定语从句；whatever forecast＝无论量化做的是哪种预测。
73,多义,usually precipitated by failures to manage risk,促发；引爆,precipitate 本句义「促使（坏事）提前发生」；常见义（化学）「使沉淀」，形容词 precipitous 意为「陡峭的」。
73,文化,with Amaranth in 2006,阿马兰斯基金（2006年）,Amaranth Advisors 因天然气期货押注失败，2006年在数周内亏损约65亿美元而清盘，是风险管理失败的经典案例。
73,难句,"It is easy to imagine having a tremendously good trading idea, seemingly a “sure thing,” but without some sense of risk management, there can be a temptation to put all one’s capital into this single trade.",不难想象：你有了一个极好的交易想法，看上去十拿九稳，可要是没有一点风险管理意识，就容易忍不住把全部资金押到这一笔交易上。,It is easy to imagine having… 为形式主语句；seemingly a “sure thing” 是 idea 的同位语；but 后改用 there be 句型，前后主语不一致属口语化行文。
73,生词,"empirically, a sure thing rarely exists",从经验／实证上看,empirically＝依据实际观测数据而非理论推演；形容词 empirical，本章后文的 empirical risk models 即实证型风险模型。
73,词组,put all your chips on it,押上全部筹码,赌场比喻，chips＝筹码；与下文 going all in（全押）同一意象。
73,语法,to take just as much exposure to a trade as is warranted by the considerations of the opportunity (alpha) and the downside (risk),只承担机会（阿尔法）与下行（风险）两方面考量所支持的那么多敞口,just as much X as … 为等量比较结构；as 从句主语省略（as is warranted＝as much as is warranted）；warrant 此处＝证明…合理、值得。
73,术语,come in two main forms: hard constraints and penalties,硬约束与惩罚项,硬约束＝一刀切的上限，超过即不允许；惩罚项＝允许突破，但要求更高的预期收益作补偿。
73,词组,set to “draw a line” in terms of risk,划出红线,draw a line＝设定不可逾越的界限；in terms of＝在…方面。
73,多义,a position limit that dictates that no position will be larger than 3 percent of the portfolio,硬性规定；决定,dictate 本句义「（规则）规定、强制要求」；常见义「口授、听写」。
73,生词,this hard limit may be somewhat arbitrary,随意的；武断的,arbitrary 指凭主观定下、缺乏客观依据，如为何是3.00%而非3.01%。
73,术语,build penalty functions,罚函数,在优化目标中对超限部分施加递增的惩罚，使头寸越超限越难继续加大，而不是直接禁止。
74,语法,an opportunity can sometimes be so good as to warrant an “exception” to the rule,机会有时可以好到值得为它破例,so + 形容词 + as to do 表「如此…以至于／足以…」，比 so…that 从句更正式；warrant＝使…显得合理。
74,多义,making rules to govern exceptions,管控；约束,govern 本句义「规范、支配（例外情形）」；常见义「统治、治理」。
74,词组,namely either from theory or from the data,即；也就是说,namely 用于点明前文所指，后接具体内容。
74,术语,the latter via data-mining approaches,数据挖掘,指不预设理论、直接让历史数据决定参数取值；与 theory-driven（理论驱动）相对。
74,术语,based on either research or heuristics,启发式方法；经验法则,heuristics 指凭经验得出的、够用但未必最优的判断规则。
74,难句,"But through testing and simulating the historical results of this strategy, he could have come to realize that a far more appropriate level is 3 percent, which better balances the ability to make sizeable bets when attractive opportunities appear against the necessity of recognizing that any given trade could easily go wrong.",但通过对该策略历史结果的测试和模拟，他可能会认识到3%才是合适得多的水平——它能更好地在「机会出现时下得了重注」与「必须承认任何一笔交易都可能轻易出错」之间取得平衡。,关键是 balance A against B（在A与B之间权衡）被长定语撑开：A＝the ability to make sizeable bets when…，B＝the necessity of recognizing that…；could have come to realize 表对过去可能性的推测；sizeable＝相当大的。
74,术语,The first is longitudinal,纵向的（时间序列维度）,longitudinal 指沿时间轴考察同一标的，如算收益率的标准差即波动率；与下文 cross-sectional（横截面）相对。
74,术语,the cross-sectional standard deviation of all the relevant instruments,横截面标准差,横截面＝同一时点上众多标的之间的差异；该值越大，可构建的独立押注越多，市场反而越不「危险」。
74,词组,a way of getting at the concept of uncertainty,触及；把握（某概念）,get at 本句义「设法接近、揭示（本质）」；另有「暗示」「够得着」义。
75,语法,so go all the other bets,其余所有押注也跟着怎么走,"完整结构为 as one bet goes, so go all the other bets：so 置于句首引起主谓倒装，谓语 go 提到主语 all the other bets 之前。"
75,术语,This concept is known among quants as dispersion,离散度,指同一投资域内各标的走势的分散程度；离散度高即彼此相关性低，可构建更多独立押注。
75,术语,measured by the correlation or covariance among the instruments,协方差,协方差衡量两个标的收益共同变动的方向与幅度，相关系数是其标准化形式。
75,术语,measures such as credit spreads or CDS,信用利差,信用利差＝信用债收益率与同期限无风险利率之差，走阔通常意味市场风险上升；CDS 为信用违约互换。
75,术语,the use of implied volatilities,隐含波动率,由期权市场价格反推出的、市场对未来波动的预期，属前瞻性的风险度量。
75,生词,when opportunities abound,大量存在；比比皆是,abound 为不及物动词，意为「充裕、多得很」；abound in/with＝富含。
75,多义,Using volatility and dispersion as proxies for risk,替代指标；代理变量,proxy 本句义「用来替代难以直接观测之物的可测量指标」；常见义「代理人、代理投票权」。
75,术语,a value at risk (VaR) model,在险价值（VaR）,根据当前波动率估计组合在给定置信度、给定期限内的最大可能损益；读数越高，模型建议的杠杆越低。
75,多义,the lower the level prescribed for leverage,规定；给定,prescribe 本句义「规定、指定（数值）」；常见义「开处方」。
75,生词,the core purpose of such risk models seems to me to be flawed,有缺陷的,flaw＝瑕疵、缺陷，flawed 指存在根本性缺陷；作者认为「维持恒定波动率」这一目标本身就站不住脚。
75,难句,"These models typically consider the dollar amount of exposures in a portfolio and, based on current levels of volatility, forecast how much the portfolio can be expected to gain or lose within a given confidence interval.",这类模型通常考察组合中各项敞口的美元金额，并根据当前的波动率水平，预测在给定置信区间内该组合可能盈利或亏损多少。,主干为 These models consider… and forecast… 两个并列谓语共用主语；based on… 为插入状语，被逗号隔开置于第二个谓语之前；how much 引导宾语从句。
76,生词,in very turbulent times,动荡的,turbulent＝剧烈波动、不平静的；名词 turbulence 指气流颠簸或市场动荡。
76,多义,they are wildly popular,极其；非常,wildly 本句义为程度副词「极度地」；常见义「疯狂地、野蛮地」。
76,多义,A more theoretically sound approach,合理的；站得住脚的,sound 本句义（形容词）「稳妥可靠、有道理的」；常见义为名词「声音」。
76,多义,"The trick, of course, is to know when the odds are on one’s side.",难点；诀窍,trick 本句义「关键所在、诀窍」；常见义「把戏、诡计」。the odds are on one's side＝胜算在自己这边。
76,生词,If the market drops precipitously,急剧地；断崖式地,precipitously 源自 precipice（悬崖）；与前文 precipitated（促发）同源但分工不同。
76,词组,foresight as to where the market was going,关于；至于,as to＝regarding，引出所涉内容；foresight＝预见力。
76,多义,"whether the market rises, falls, or does nothing, he is indifferent",不受影响的；无所谓的,indifferent 本句义「（结果对其）没有影响、无差别」；常见义「冷漠的」。
76,多义,come in two familiar flavors: theoretical and empirical,类型；样式,flavor 本句义「种类、款式」；常见义「味道」。come in＝有（若干种）可供选择。
76,难句,The investor could have substantially eliminated the unintentional or accidental market direction risk if he had expressed his analysis by buying CVX and shorting an equivalent amount of XOM.,如果这位投资者当初通过买入雪佛龙、同时做空等额埃克森美孚来表达他的分析判断，他本可以在很大程度上消除这种无意间承担的市场方向风险。,与过去事实相反的虚拟条件句：主句用 could have + 过去分词，从句用 if he had + 过去分词；express one's analysis by…＝用头寸把观点表达出来。
76,多义,even if his original thesis proves correct,（投资）论点；判断依据,thesis 本句义「提出的论断、投资逻辑」；常见义「学位论文」，复数 theses。
77,术语,Systematic risks are those that cannot be diversified away,系统性风险,指无法通过分散持仓消除的风险，如股票市场整体、行业、市值因子；diversify away＝靠分散化把风险消掉。
77,多义,the use of the term systematic in defining risk is completely different,系统性的 vs 系统化的,systematic 在「风险」语境下指不可分散的全局性风险；在描述量化策略时指按既定规则自动执行，两义须区分。
77,术语,"market capitalization risk (i.e., small caps versus large caps)",市值风险（小盘股对大盘股）,指组合无意中押注小盘股跑赢大盘股（或相反）所形成的系统性敞口。
77,生词,measure and calibrate a given portfolio’s exposures,校准；精确测定,calibrate 原指校准仪器刻度，此处指把敞口量化到可比较的尺度上。
77,难句,"A practical example of such a problem, and one that has been well documented by the hedge fund replication crowd, is that an unconstrained market-neutral value model will very likely be making a bet on small caps outperforming large caps.",这一问题有个实际的例子——对冲基金复制圈已充分记录在案——那就是：一个不加约束的市场中性价值模型，十有八九是在押注小盘股跑赢大盘股。,主干 A practical example … is that …；and one that … 为主语的同位语插入（one＝an example）；crowd＝一帮人、圈子；hedge fund replication 指用可交易因子复制对冲基金收益的研究流派。
77,词组,contains a host of systematic risks,大量；一大堆,a host of＝许多；注意 host 另有「主人、主办方」义。
77,语法,(and not infrequently seen in practice),并不少见,not + infrequently 为双重否定，实际强调「相当常见」；这类曲言（litotes）在学术写作中表克制的肯定。
77,术语,focuses on named or systematic risk factors,具名风险因子,named 指有名有姓、能给出经济学解释的因子（市场、行业、市值等）；与实证模型里统计上找出却无名的因子相对。
77,术语,may design his bet structures,押注结构,指一笔交易具体如何构造（买什么、对冲什么），从而决定它承担哪些敞口。
77,词组,which is clearly a risk management exercise as much as it is alpha generation,既是…同样也是…,A as much as B 表同等程度，＝「是A的程度不亚于是B」；exercise 此处指一项活动、一件工作。
78,术语,principal component analysis (PCA),主成分分析,把大量标的的共同变动压缩为少数几个因子（向量）的统计方法，用于从数据中提取无名的系统性风险。
78,词组,may well correspond to named risk factors,很可能,may well＝很有可能（well 加强 may 的可能性）；correspond to＝对应于。
78,多义,Treasury bonds across various maturities,期限；到期日,maturity 本句义「债券的剩余期限」；常见义「成熟（度）」。
78,生词,to discern systematic risks that don’t have names,辨识；看出,discern 指经分析后察觉出不明显的东西；形容词 discernible（可察觉的）。
78,多义,An investor who traffics in any of those instruments,从事…的交易,traffic in 本句义为中性的「经手买卖（某类标的）」；常见义指非法买卖（毒品、军火）。
78,词组,statistical risk models are subject to being “fooled” by the data,易受…影响；难免会,be subject to + 名词／动名词＝易遭受、须受制于；与 be subjected to（被施加）不同。
78,生词,"find spurious exposures, which are just coincidences",虚假的；伪（相关）,spurious 指看似成立实则纯属巧合的关系；spurious correlation＝伪相关。
78,多义,a delicate problem for the researcher,棘手微妙的,delicate 本句义「需小心拿捏、棘手的」；常见义「精致的、脆弱的」。
78,难句,"It is important to note that such statistical methods may discover entirely new systematic risk factors, which a reasonable observer might be inclined to acknowledge exist but for which names have not been assigned.",值得注意的是，这类统计方法可能发现全新的系统性风险因子——理智的观察者也许愿意承认它们确实存在，只是还没人给它们起名字。,which…acknowledge exist 中 exist 的主语就是 which（＝factors），即 acknowledge (that they) exist 的省略；but for which… 为「介词+关系代词」引导的第二个定语从句，与前一从句并列。
78,难句,"These statistical risk models are most commonly found among statistical arbitrage traders, who are betting on exactly that component of an individual stock’s returns that is not explained by systematic risks.",这类统计风险模型最常见于统计套利交易员之手，他们押注的恰恰是个股收益中无法被系统性风险解释的那一部分。,who 引导非限制性定语从句；that component … that is not explained … 中前一个 that 是指示限定词「那个」，后一个 that 引导限定性定语从句，词性不同。
78,生词,the risk factors they encapsulate make sense,概括；囊括,encapsulate＝把要点浓缩包含进去；与 capsule（胶囊）同源。
79,词组,didn’t change his stripes,改变本性；改弦易辙,出自谚语 a leopard can't change its spots（本性难移），stripes 为同类变体。
79,词组,He was able to “keep the faith”,坚守信念,keep the faith＝在逆境中不动摇；此处指巴菲特在互联网泡沫期严重跑输大盘仍不改方法。
79,生词,seek the benefits of adaptiveness,自适应性,adaptiveness 指随环境变化自动调整的能力；形容词 adaptive。
79,词组,"drove stock, bond, currency, and commodity markets almost singlehandedly",几乎凭一己之力,singlehandedly＝独力地、单枪匹马地；此处指伊拉克战争消息几乎独自主导各类市场。
79,术语,the early phases of a market regime change,市场状态（机制）切换,regime change 指驱动市场的主导逻辑发生根本转变（如从追逐风险转为规避风险），历史数据在切换初期会失效。
79,多义,the newly prevailing theme driving markets,当前盛行的；占主导的,prevailing 本句义「占主导地位的」；动词 prevail 另有「取胜、说服」义。
79,术语,two years’ worth of rolling daily data,滚动的,rolling window＝固定长度、随时间前移的样本窗口，每进一个新数据点就剔除最旧的一个。
79,生词,could squelch most of the adaptiveness benefits,扼杀；压制,squelch＝把（好处、议论）压下去，使之无从发挥。
79,难句,"The more data that are used, i.e., the further back into history we must look, the less adaptive a model can be, because each new data point is but one of a very large number.",用的数据越多——也就是说必须回看的历史越久——模型的自适应性就越差，因为每个新数据点只不过是庞大样本中的一个而已。,the more…the less… 双重比较结构，两处均把「the+比较级」前置；i.e. 引出的是对前半句的换说；but 在此＝only（仅仅）。
79,生词,very strong theoretical underpinnings,理论基础；根基,underpinning 原指建筑的托底支撑，复数形式常指学说赖以成立的根基。
80,词组,"If the data don’t bear it out, what good is the theory?",证实；支持,bear out＝为…提供佐证；what good is X? 为反问句式，＝X 又有什么用。
80,多义,the competing objectives of statistical significance and adaptiveness,相互冲突的,competing 本句义「彼此矛盾、不可兼得的（目标）」；常见义「参加竞赛的」。
80,术语,one-minute intraday snapshots of price activities,日内快照,intraday＝交易日之内的；用分钟级数据可在更短的历史窗口内凑够样本量，兼顾统计显著性与自适应性。
80,词组,these two kinds of risk models are not mutually exclusive,互斥的；不可兼得的,mutually exclusive＝二者不能同时成立；此处指理论型与实证型模型可以混用。
80,生词,if they deem it appropriate,认为；视为,deem 为正式用语，deem + 宾语 + 补语＝认为…是…。
80,语法,should it become clear to them,万一／一旦（他们）发现,虚拟条件句省略 if 后把 should 提前形成倒装：should it become clear＝if it should become clear，表可能性较小的假设。
80,词组,they build a “made-to-order” risk factor,定制的,made-to-order 原指按尺寸定做的服装，引申为按需专门制作的；与下文 off the shelf 相对。
80,词组,purchase one that is “off the shelf.”,现成的；即买即用的,off the shelf＝货架上直接取用的成品，无需自行研发。
80,生词,Several purveyors of risk models,供应商,purveyor 为正式用语，指专门提供某类商品或服务的厂商。
80,生词,they are also by nature somewhat generic,通用的；千篇一律的,generic 本句义「面向大众、缺乏针对性的」；by nature＝就其本质而言。
80,难句,"It is my firm opinion that, to the extent possible, decisions about which exposures to accept, and to what degrees, should be built into alpha models, rather than relying on an overarching risk model fed into an optimizer.",我坚定地认为：只要有可能，关于接受哪些敞口、接受到什么程度的决定都应当内建进阿尔法模型，而不是依赖一个总揽全局、再喂给优化器的风险模型。,It is my firm opinion that… 为形式主语句；to the extent possible＝在可能的范围内（插入语）；which exposures to accept 与 to what degrees 是并列的「疑问词+不定式」结构；overarching＝笼罩全局的。
81,术语,a deep value strategy,深度价值策略,按标的的便宜程度排序，越便宜买得越多、越贵空得越多的策略。
81,术语,predicting earnings surprises and disappointments,盈利超预期与不及预期,earnings surprise 指实际财报数字高于市场一致预期，disappointment 则相反。
81,术语,the largest deviations from expectations,对预期的偏离幅度,deviation 指实际值与一致预期之差；该策略只在偏离很大时才出信号，平时不出手。
81,术语,benefit from relative value among closely related stocks,相对价值,指在同行业、同市值档等高度可比的股票之间做多低估、做空高估，赚估值差回归的钱。
81,术语,market cap bins,市值分档,bin 指把连续变量切成的区间；按市值分档后只在同档内比较，可避免无意中押注大小盘。
81,多义,This second strategy only engages when there are large deviations,启动；介入,engage 本句义「（机制）介入、开始起作用」；常见义「从事、雇用、订婚」。
81,多义,"So, why control for those factors in that moment",控制（变量）,control for 为统计学固定用法，指把某因素的影响剔除掉；此处即剔除市值、行业等风险因子的影响。
81,词组,risk tolerance baked into the bet structure,固化进；写死在里面,bake sth into sth＝在设计阶段就把某要素揉进去，事后无需另行处理。
81,生词,some broader bands of risk tolerances aren’t breached,被突破；被越过,breach＝突破（界限）、违反（协议）；band 此处指由上下限构成的区间。
81,难句,when the second strategy has a prediction of a big event—a large deviation from expectations—it is not so likely that the conventional forces that exert themselves onto stock price movements will be as relevant as they might be in the absence of big news,当第二个策略预测到重大事件——即大幅偏离预期——时，那些通常作用于股价的常规力量，就不太可能像没有重大新闻时那样起作用了。,when 引导时间状语从句，两个破折号之间为同位语插入；主句为 it is not so likely that… 形式主语结构；exert themselves onto＝对…施加作用；in the absence of＝在没有…的情况下。
82,生词,moving for largely idiosyncratic reasons,特质性的；各自为政的,idiosyncratic 指只属于该个体、与整体无关的；量化中的 idiosyncratic return 即剔除共同因子后的个股特有收益。
82,生词,"a caterpillar munches on this leaf, a bird’s wingbeat moves another",毛毛虫啃这片叶子，鸟儿振翅拂动另一片,munch＝大声咀嚼；wingbeat＝一次振翅；用以比喻无风时叶片各自随机而动。
82,文化,a Category 5 hurricane,五级飓风,萨菲尔-辛普森飓风等级中的最高级（持续风速约每小时252公里以上）；此处比喻系统性风险爆发时万物同向。
82,多义,every trunk will be straining in the same direction,绷紧地朝同一方向使劲,strain 本句义「（受力而）绷紧、被扯向某方向」；常见义「拉伤、过度使用」。
82,多义,In a period where there are no major risks blowing up,爆发；出事,blow up 本句义「（风险）突然爆发」；常见义「爆炸、充气、放大照片」。
82,词组,We put forth that you can have many definitions,提出（观点）,put forth＝提出、拿出（主张、论据），比 put forward 更书面。
82,词组,when push comes to shove,到了紧要关头,习语，指局面逼到必须摊牌、见真章的时候。
82,难句,"But the more that major risk factors (including and often exclusively ones that are exogenous to one’s risk model) are driving markets, the less these variations matter.",但主导市场的重大风险因子（包括、而且往往只包括那些处在自己风险模型之外的因子）分量越重，这些细分变体之间的差别就越不重要。,the more…the less… 比较结构；括号内为插入的限定说明，ones＝risk factors；exogenous to＝外生于、不在…体系之内，反义 endogenous。
82,多义,reducing risk almost always comes at the cost of reducing return,以…为代价,come at the cost of＝以牺牲…换来；cost 此处非「价格」而是「代价」。
82,术语,accepting risks that are expected to offer attractive payoffs,回报；收益,payoff 本句义「承担风险后得到的回报」；常见义「清偿、贿赂」。
83,词组,in accordance with predefined guidelines,依照；按照,in accordance with＝遵照（规则、约定）；predefined＝事先设定好的。
83,生词,some hybrid thereof,其；它的（正式书面语）,thereof＝of that / of them，指代前文提到的事物，此处即「二者的混合体」；同类词还有 therein、thereby。
83,多义,make some determination about whether these risks are acceptable,判定；裁断,determination 本句义「作出判断或决定」；常见义「决心、毅力」。
83,词组,rather than slapping together some positions that seem like good trades,草率拼凑,slap together＝随便凑合着弄出来（含贬义），强调不经推敲。
83,词组,more or less ignoring the incidental exposures,差不多；或多或少,more or less＝大致上、几乎；此处指对附带敞口基本置之不理。
83,生词,whether this intentionality is helpful or hurtful,有意为之；自觉性,intentionality 由 intentional 派生，指做每件事都出于明确意图而非随手为之。
83,术语,we examine transaction cost models,交易成本模型,量化系统的第三类输入模型，用于估计买卖某数量标的将付出的冲击成本与费用。
83,多义,the most desirable target portfolio,目标组合,target portfolio 指优化后希望持有的理想持仓，它与当前实际持仓之差即需要执行的交易。
83,难句,"Quantitative approaches to risk management, by virtue of seeking to measure and make explicit which exposures are driving a portfolio, put the power into the hands of the portfolio manager to make rational, intentional decisions.",量化风险管理方法由于致力于度量并明示究竟是哪些敞口在驱动组合，因而把作出理性、有意为之的决策的权力交到了组合经理手中。,主语 Quantitative approaches 与谓语 put 被 by virtue of… 的长插入语隔开；by virtue of＝凭借、由于；make explicit + 宾语从句（which exposures…）＝使…明确。
84,生词,other than expediency for the purposes of relatively easy computations,权宜之计；图省事,expediency 指为方便行事而采取的做法（未必正当）；形容词 expedient。
84,术语,This concept was formalized in the Kelly criterion,凯利公式（凯利准则）,1956年由 John L. Kelly 提出，按优势与赔率决定每次下注的资金比例，使一系列押注结束时的期望收益最大化。
84,术语,based on the bettor’s edge,优势（正期望的胜算）,edge 在博彩与交易中指相对于对手的正期望优势；此处定义为「赢的赔付」与「赢的概率」的组合。
84,术语,bets can be serially correlated,序列相关,指前后各次押注的结果彼此不独立，收益一阵好一阵坏；这违反凯利公式的独立性假设。
84,生词,returns to investment strategies tend to be streaky,时好时坏的；一阵一阵的,streaky 由 streak（连续的一段好运或霉运）派生，指业绩成串出现而非均匀分布。
84,术语,"such as “half Kelly,” to bet less than Kelly suggests",半凯利,只下凯利公式建议仓位的一半，以牺牲部分增长率换取回撤大幅减小。
84,文化,The noted quant Edward Thorp,爱德华·索普,数学家，21点算牌法的发明者、首批量化对冲基金的开创者，最早把凯利公式用于交易策略。
84,难句,"This phenomenon exists, if for no other reason, because the value investor tends to buy stocks that have fallen in price, which tend therefore to have experienced a shrinkage in their market capitalization.",这一现象之所以存在，哪怕别无其他原因也至少是因为：价值投资者倾向于买入已经下跌的股票，而这些股票的市值因此往往已经缩水。,if for no other reason＝即便没有别的理由（插入的让步成分）；which 引导非限制性定语从句修饰 stocks；shrinkage＝缩水，与下一句的 appreciation（增值）形成对照。
85,生词,"Without frugality, none can be rich",没有节俭，无人能富,frugality = 节俭、省用；形容词 frugal = 节俭的、精打细算的。
85,词组,the nervous worrier,神经紧张的操心人,worrier 是 worry 的名词化，指「爱操心的人」；与 starry-eyed optimist（天真乐观者）构成对照。
85,文化,This is not an overly draconian view of trading costs.,这并不是对交易成本过于苛刻的看法。,draconian 源自古雅典立法者 Draco，其法典以刑罚严酷著称，引申为「严苛的、不近人情的」。
85,词组,eat away,一点点蚕食掉,eat away (at) sth = 逐渐侵蚀、消耗；此处指交易成本吃掉了收益的 20%~50%。
85,生词,are subject to a caveat,附带一条但书,caveat = 警告、附加限制条件；be subject to = 受制于、附有。
85,词组,clear the hurdle,跨过门槛,clear 此处作动词「越过（障碍）而不触碰」；hurdle 本义跨栏，引申为必须达到的最低标准。
85,词组,in conjunction with,与…结合使用；连同,conjunction 本义「连接、结合」；in conjunction with 是正式书面语的 together with。
85,难句,A transaction cost model is a way of quantifying the cost of making a trade of a given size so that this information can be used in conjunction with the alpha and risk models to determine the best portfolio to hold.,交易成本模型是一种把「做一笔给定规模的交易要花多少钱」量化出来的方法，如此一来这一信息便能与阿尔法模型和风险模型结合起来，共同确定应当持有的最优组合。,主干 A transaction cost model is a way of quantifying the cost…；of making a trade of a given size 层层套用介词短语修饰 cost；so that 引导目的状语从句，从句内 be used in conjunction with…（方式）与 to determine…（目的）并列推进。
86,多义,inform the portfolio construction engine of the costs,把成本情况告知组合构建引擎,inform sb of sth 本句义「向…提供信息、作为…的输入」，常见义「通知（某消息）」。
86,词组,discuss at length,详尽展开讨论,at length 本句义「详细地」，另一常见义是「终于、最终」，靠语境区分。
86,生词,It is less glamorous to describe costs than it is to minimize them,描述成本不如把成本降下来那么光鲜,glamorous = 有魅力的、光鲜诱人的；名词 glamour。
86,多义,a problem of “bleeding” losses,「持续失血」式的亏损问题,bleed 本句义「（资金）不断流失」，常见义「流血」；引号提示是比喻用法。
86,生词,suboptimal performance,次优的（不理想的）表现,前缀 sub- = 低于、次于；suboptimal 即「达不到最优的」。
86,词组,less computationally burdensome,计算负担更轻的,burdensome = 累赘的、负担沉重的（burden 加 -some 构成形容词）；computationally 限定范围，指「在计算上」。
86,术语,slippage,滑点,指从交易决策做出、到订单真正抵达交易所之间，价格发生的变化所造成的成本。
86,术语,market impact,市场冲击（成本）,指自己的订单因索取流动性而把价格推向不利方向所造成的成本。
86,生词,diminutive,极小的；微不足道的,diminutive 比 small 更正式，强调「小得出奇」；此处指量化机构支付的极低佣金。
86,术语,clearing and settlement,清算与交收（结算）,clearing 指成交后的监管申报、监控、税务处理与违约处理；settlement 指券款两讫的最终交割。
86,难句,But there is also a tradeoff between using more complex models that more accurately describe transaction costs and using less complex models that are faster and less computationally burdensome.,但这里还存在一种取舍：一边是更复杂、能更准确刻画交易成本的模型，一边是更简单、速度更快、计算负担更轻的模型。,骨架是 a tradeoff between A and B；A = using more complex models（后接 that 定语从句），B = using less complex models（后接 that 定语从句）。两个 that 从句把 and 撑得很开，容易误以为 and 连接的是两个从句。
87,术语,both counterparties in a given trade,该笔交易的双方对手方,counterparty = 交易对手方，即合同另一端的当事人。
87,多义,uphold their contractual responsibilities,履行各自的合同责任,uphold 本句义「遵守、履行（义务）」，常见义「维持、维护（原判、原则）」。
87,词组,by virtue of their roles,由于其自身角色所致,by virtue of = 凭借、由于（正式书面语），不是「靠美德」。
87,术语,matching engines to pair buyers and sellers,把买方与卖方配对的撮合引擎,matching engine 指交易场所内部把买卖订单按价格/时间优先撮合成交的系统。
87,术语,dark pools,暗池,由券商或独立机构运营的非公开撮合场所：不展示订单簿，买卖双方匿名成交，用于减少大单的市场冲击。
87,词组,have come into prominence,崭露头角；变得举足轻重,prominence = 显要地位；come into prominence 指从边缘走向重要。
87,词组,account for a large percentage,占很大的比例,account for 本句义「占（比例）」，另有「解释、说明」和「对…负责」两义。
87,多义,attract traders to their floors for trading,把交易者吸引到自己的交易场内来交易,floor 本句义「（交易所的）交易大厅、场内」，常见义「地板、楼层」。
87,难句,"Settlement is the delivery of securities in exchange for payment in full, which is the final step in the life of a trading transaction and fulfills the obligations of both parties involved in the transaction.",结算（交收）就是以全额付款换取证券的交付，它是一笔交易生命周期中的最后一步，并履行了交易双方各自的义务。,主干 Settlement is the delivery…；in exchange for payment in full 是介词短语作后置修饰；which 引导非限定性定语从句，从句内 is… 与 fulfills… 两个谓语并列，主语都是 which（指整个交割动作）。
88,词组,In the event that,万一；如果发生…的情况,= if，但更正式，多用于书面假设；不要理解成「在…事件中」。
88,术语,trend-following strategies,趋势跟踪策略,顺着已经形成的价格趋势方向买入上涨、卖出下跌的标的，因而最容易吃到滑点。
88,词组,mean-reverting in orientation,在取向上属于均值回归型,orientation 此处指「路子、取向」；mean reversion 指价格偏离后向均值回归，这类策略是逆势挂单，滑点有时反而为正收益。
88,术语,A quant trader’s latency or speed to market,量化交易者的延迟或到达市场的速度,latency = 从决策到订单抵达交易所之间的时间损耗，是滑点大小的直接决定因素。
88,词组,Worse still,更糟的是,= even worse，用于句首承接前句，进一步加码。
88,术语,90-day Treasury bills,90天期美国短期国库券,Treasury bill（T-bill）是一年以内的贴现式国债，价格波动极小。
88,多义,an average daily range of 2.6 percent,日内平均振幅为2.6%,range 本句义「（当日最高最低价之间的）振幅、波动区间」，常见义「范围、幅度」。
88,术语,the current best bid and offer,当前的最优买价与最优卖价,bid = 买方愿出的最高价，offer（ask）= 卖方愿收的最低价，两者之差即买卖价差。
88,难句,"The more latency in a trader’s system or communications with the marketplace, the more time passes before her order gets to the market and the further the price of an instrument is likely to have moved away from the price when the decision was made.",交易者的系统或其与市场之间的通信链路延迟越大，订单抵达市场之前流逝的时间就越多，标的价格也就越可能已经偏离决策那一刻的价位。,"the more…, the more…, and the further… 三重「越…越…」比较结构；第三段的 the further 后接 the price… is likely to have moved away，用不定式完成式表示「已经移动」。"
89,术语,a market order enters the exchange,市价单进入交易所,market order = 市价单，不限定价格、以当时可得的最优价立即成交，因此必然承担市场冲击。
89,生词,the ubiquitous principle of supply and demand,无处不在的供求原理,ubiquitous = 到处都有的、随处可见的（正式书面语）。
89,词组,take the other side,接下对手盘,指在一笔交易中站到相反方向：你要买，就得有人愿意卖给你。
89,语法,"impossible to predict, much less control",无法预测，更别说控制,much less 只用于否定语境之后，表示「更不用说（连更容易的都做不到）」；肯定句里对应的是 let alone 的否定用法或 still more。
89,生词,nontrivial to quantify,量化起来难度不小,nontrivial 是学术写作的常用委婉语，字面「非平凡的」，实指「相当难、并非轻而易举」。
89,术语,depth of book,订单簿深度,指挂在最优买卖价之外各档位上的买单/卖单数量，衡量市场能吸纳多大订单。
89,生词,segregate these two concepts,把这两个概念分开,segregate = 分离、隔离开（比 separate 更强调「分门别类地隔开」）。
89,生词,deduce,推断出,deduce = 由已知前提推出结论；名词 deduction。注意与 deduct（扣除）形近而义不同。
89,多义,the price continues to drift upward,价格继续缓慢上移,drift 本句义「（价格）无明显动力地缓慢移动、阴涨」，常见义「漂流、漂移」。
89,多义,overwhelm the orders,把这些卖单压垮（吃光）,overwhelm 本句义「（力量上）压倒、淹没」，常见义「使某人不知所措」。
89,难句,"For example, the number of other trades that are being made in the same direction at the same time or whether news in the stock is causing impact to behave differently than normal are both issues that would affect measurements of market impact and are nontrivial to quantify.",例如，同一时刻同方向的其他交易有多少笔、或者个股新闻是否正让冲击表现异于平常——这两点既会影响市场冲击的测量，又都很难量化。,主语是两个并列成分：the number of other trades that…（含 that 定语从句）与 whether 引导的名词性从句；谓语 are both issues that…，末尾 and are nontrivial to quantify 与 that would affect… 并列，同挂在 issues 之下。主语过长，谓语 are 出现得很晚。
90,术语,trades that demand liquidity,消耗（索取）流动性的交易,主动吃掉已有挂单的订单叫 demand/take liquidity，要付费；挂单等待被成交叫 supply/provide liquidity，可收返佣。
90,术语,a market maker or specialist,做市商 / （纽交所的）专营做市商,market maker 双边报价、随时接对手盘；specialist 是纽交所旧制下负责某只股票的指定做市商。
90,术语,Alternative Trading Systems (ATS),另类交易系统（ATS）,受监管程度低于正式交易所的撮合场所，ECN 与暗池都属于 ATS。
90,术语,Electronic Communication Network (ECN),电子通信网络（ECN）,最常见的一类 ATS，让客户之间直接匹配成交，不经做市商居中。
90,术语,customer order flow,客户订单流,order flow 指流入某场所的委托单总量，是交易场所之间竞争的核心资源。
90,多义,provide robust technology,提供稳定可靠的技术,robust 本句义「（系统）稳健不出故障的」，常见义「强壮的、结实的」。
90,多义,the bids and offers that are getting hit,被「打掉」（成交）的买卖挂单,hit 本句义「（挂单）被对手方吃掉而成交」，常见义「打、击中」。
90,多义,actually call for a mostly passive execution approach,实际上要求以被动执行为主,call for 本句义「需要、要求」，常见义「呼吁；来接（某人）」；passive execution 指只挂单等成交、不主动吃单。
90,术语,the rebate programs that ECNs put in place,ECN 设立的返佣计划,rebate = 返还的费用；ECN 向提供流动性者付钱、向消耗流动性者收钱，赚取中间那一点差额。
90,术语,inverse exchanges,反向收费交易所,收费方向与常规相反：向消耗流动性的一方付费，向提供流动性的一方收费。
90,难句,Some kinds of trading strategies (usually mean reversion strategies) actually call for a mostly passive execution approach in which this act of providing liquidity is modeled as a source of profit due to the rebate programs that ECNs put in place to attract liquidity providers.,某些交易策略（通常是均值回归策略）实际上要求采取以被动挂单为主的执行方式：在这种方式下，「提供流动性」这一行为本身被建模成一项利润来源，因为 ECN 为吸引流动性提供者而设立了返佣计划。,主干 Some kinds of strategies call for an approach；in which 引导定语从句修饰 approach；从句内 due to… 说明利润来源，其后又套 that ECNs put in place… 定语从句和 to attract… 目的状语，形成三层嵌套。
91,多义,the orders get filled,这些订单就成交了,fill 本句义「（委托单）被执行、成交」，名词 fill 指成交回报；常见义「装满」。
91,多义,invisibility makes dark pools somewhat controversial,这种「看不见」的特性使暗池颇具争议,invisibility 由 visible 派生；controversial = 有争议的（名词 controversy）。
91,术语,the lit markets,明池（公开可见的市场）,lit 是 light 的过去分词「亮着的」，取比喻义；lit market 指报价与成交对所有人可见的公开交易所，与 dark pool 相对。
91,生词,they are invitation-only,它们只对受邀者开放,invitation-only 是复合形容词，指须获邀请才能参与，不对所有人开放。
91,词组,in return for this reliance,作为对这种依赖的回报,in return for = 作为…的回报；reliance on = 对…的依赖（动词 rely）。
91,多义,much of that is misplaced,其中很多都是搞错了对象,misplaced 本句义「（批评、担忧）不得要领、找错了目标」，常见义「放错地方的、丢失的」。
91,术语,There are four basic types of transaction cost models,交易成本模型有四种基本类型,四类为 flat（固定型）、linear（线性）、piecewise-linear（分段线性）、quadratic（二次型），复杂度与精度递增。
91,多义,cannot be known precisely until they have been incurred,在实际发生之前无法精确知晓,incur 本句义「（成本、损失）实际产生、被招致」，常见义「招致（批评、后果）」。
91,多义,its prevailing trend,它当前占主导的趋势,prevailing = 当前盛行的、占上风的（动词 prevail 占优势）。
91,多义,available to absorb the order,可用来吸纳这笔订单,absorb 本句义「（市场）消化、吸纳（订单）而不大幅移动价格」，常见义「吸收（液体、知识）」。
91,难句,"They could not exist without the public markets, because the securities traded on dark pools are listed on public exchanges, and the prices at which transactions occur are largely informed by those public (also referred to as “lit”) markets.",没有公开市场，暗池根本无法存在：因为暗池里交易的证券都是在公开交易所挂牌的，而暗池成交价的形成也主要参照那些公开（也叫「明池」）市场的价格。,could not… without… 是含蓄虚拟条件句（＝if there were no public markets）；because 后是两个并列分句，第二个分句主语 the prices 后套 at which 定语从句，谓语 are informed by 此处意为「以…为依据」而非「被告知」。
92,多义,many transaction cost models are highly empirical,许多交易成本模型高度依赖实证数据,empirical 本句义「以实测数据为依据的、实证的」（与理论推导相对），常见义「经验的」。
92,词组,"holding all else (such as liquidity, trend or volatility) constant",在其他条件（如流动性、趋势或波动率）保持不变的前提下,hold sth constant = 使…保持不变，是经济学写作的固定说法，等同拉丁语 ceteris paribus。
92,词组,or the like,诸如此类；等等,= and so on，用于列举之后收尾，比 etc. 更书面。
92,术语,the shape of this curve is quadratic,这条曲线的形状是二次型的,quadratic function = 二次函数（含平方项），意味着成本随交易规模加速上升，而非按比例上升。
92,语法,the cost gets higher ever more quickly,成本上升得越来越快,ever + 比较级（ever more quickly / ever larger）表示「不断地、越来越…」，是书面语强调渐进变化的常用手法。
92,术语,computationally intensive,计算量很大的,intensive 在此指「密集耗用某资源」，同构的还有 labor-intensive（劳动密集型）、capital-intensive。
92,术语,a flat model,固定（平坦）型模型,指不论订单大小、交易成本都取同一固定值的模型，图上是一条水平直线。
92,术语,a flat t-cost model,固定型交易成本模型,t-cost 是 transaction cost 的行话缩写。
92,术语,where the solid line crosses the dashed line,实线与虚线相交之处,solid line = 实线，dashed line / dotted line = 虚线；此处实线代表模型估计值，虚线代表真实成本。
92,难句,"So, if this point of intersection corresponds to the size of trading normally done, and if the range of that trade size is within the region where the flat line is close to the curved line, a flat t-cost model may not be problematic.",因此，如果这个交点恰好对应平时的交易规模，而且交易规模的波动区间又处在平直线与曲线相近的那一段里，那么固定型交易成本模型未必有问题。,两个并列的 if 条件从句（if… and if…）之后才出现主句 a flat t-cost model may not be problematic；第二个从句里 where 定语从句修饰 region，句子重心被推到最后。
93,术语,gets larger with a constant slope,以恒定的斜率增大,slope = 斜率；线性模型即成本随规模按固定比例上升，图上是一条斜直线。
93,多义,a better fit relative to the true transaction cost,相对真实交易成本而言拟合得更好,fit 本句义（统计）「拟合、拟合优度」，常见义「合身、适合」。
93,多义,as a shortcut to building a proper model,作为搭建正规模型的一条捷径,shortcut 本句义「省事的简化做法、权宜之计」，常见义「近路」；注意 to 是介词，后接动名词。
94,词组,must trade off overestimating costs at smaller trade sizes with underestimating costs at larger trade sizes,必须在「小单高估成本」与「大单低估成本」之间做权衡,trade off A with B = 在 A 与 B 之间取舍，名词形式为 tradeoff；over- 与 under- 两个前缀在此正好构成对照。
94,术语,Piecewise-linear transaction cost models,分段线性交易成本模型,piecewise = 分段的；用若干段斜率不同的直线分区间逼近真实的曲线成本。
94,词组,in the immediate vicinity of that intersection,就在那个交点附近,vicinity = 邻近区域；in the immediate vicinity of 是「紧邻…」的正式说法。
94,生词,the curvature of the quadratic estimator,二次估计曲线的弯曲程度,curvature = 曲率（curve 的名词派生），指曲线偏离直线的程度。
94,术语,a better estimator of the real transaction cost,对真实交易成本更好的估计量,estimator（统计）指用来估计某未知量的公式或方法本身，区别于 estimate（估计出来的数值）。
94,词组,a happy medium between simplicity and accuracy,简单与准确之间的折中,happy medium = 两全其美的折中点，happy 此处义为「恰到好处的」，与「快乐」无关。
94,难句,"As you can see, the accuracy of this type of model is significantly better than what can be achieved with flat or linear models across a much wider range of trading sizes; as a result, this model is rather popular among quants as a happy medium between simplicity and accuracy.",如你所见，在宽得多的交易规模区间内，这类模型的精度都明显优于固定型或线性模型所能达到的水平；因此它作为简单与准确之间的折中方案，在量化圈里相当受欢迎。,比较结构 better than what can be achieved with…，than 后是 what 引导的名词性从句（＝the accuracy that can be achieved）；分号后用 as a result 引出结果分句，末尾 as a happy medium 是主语补足语，说明它「以什么身份」受欢迎。
95,术语,"multiple terms, exponents",多个项和指数（幂）,term 在数学语境指式子中的「项」，exponent 指「指数、幂次」，都不是日常义（术语／代言人）。
95,词组,a pain to build,建起来很麻烦,a pain (to do sth) 是口语说法，指「让人头疼的苦差事」，完整形式 a pain in the neck。
95,多义,the solid line must be specified before trading,实线必须在交易之前就设定好,specify 本句义「事先给定（函数形式与参数）」，常见义「明确说明、具体指出」。
95,词组,after the fact,事后,固定搭配，指事情发生之后才知道/才观察到，与 before the fact（事前）相对。
95,术语,an empirically observable fact,一个可以实证观测到的事实,empirically = 凭实测数据地；与 prediction（预测）相对，成本是事后可测的既成事实，估计则始终只是预测。
95,术语,"market makers, hedge funds, mutual funds, or retail investors",做市商、对冲基金、共同基金或散户,retail investor = 散户、个人投资者，与 institutional investor（机构投资者）相对。
95,语法,a less than perfect estimate,算不上完美的估计,less than + 形容词是委婉否定（＝not at all / hardly），如 less than impressed 意为「相当不满意」。
95,难句,You might be wondering how it is that we have estimated a quadratic function using a quadratic function and still ended up with a less than perfect estimate of the true transaction cost.,你可能正纳闷：明明是用二次函数去估计二次函数，怎么最后得到的仍是一个算不上完美的真实交易成本估计。,how it is that… 是 how 的强调式（＝how come），后接完整陈述句语序；从句内 have estimated… and still ended up with… 两个谓语并列，using a quadratic function 为伴随状语。
96,多义,each instrument in her universe,她可交易范围内的每一个标的,universe 本句义「（可投资标的的）全集、标的池」，常见义「宇宙」。
96,术语,a less liquid small cap stock,流动性较差的小盘股,small cap = small capitalization，指市值较小的公司股票，成交清淡、交易成本高。
96,术语,a more liquid mega cap stock,流动性更好的超大盘股,mega cap 指市值极大的公司（通常数千亿美元以上），大于 large cap。
96,多义,refresh empirical estimations of transaction costs,用新数据重估交易成本,refresh 本句义「用最新数据重新计算、更新」，常见义「使精神振作；刷新（页面）」。
96,多义,keep the model current with the prevailing market conditions,让模型与当前市场状况保持同步,current 本句为形容词，义「最新的、跟得上现状的」，常见义为名词「电流、水流」。
96,术语,a target portfolio,目标组合,组合构建模型输出的、希望最终持有的理想持仓，随后交给执行算法去尽量便宜地成交。
96,词组,is passed along to the execution algorithms,被转交给执行算法,pass along = 往下传递、转交（＝pass on）。
96,多义,they can simply assume a modest cost,他们大可假设一个不大的成本,modest 本句义「（数额）不大的、适度的」，常见义「谦虚的」。
96,难句,"Its job is not to minimize the cost of trading, just as the job of the alpha model is not to generate returns but rather to make forecasts and to provide these forecasts to the portfolio construction model.",它的职责并不是把交易成本降到最低，正如阿尔法模型的职责也不是产生收益，而是做出预测，并把这些预测提供给组合构建模型。,just as… 引导方式状语从句作类比；从句内为 not A but rather B 结构，B 由 to make… and to provide… 两个不定式并列构成。
97,词组,the most commonly agreed upon type,最被普遍认可的一类,agreed upon 是过去分词短语作后置定语（＝that is agreed upon），agree upon sth = 就某事达成共识。
97,多义,not universally accepted,并未被普遍接受,universally 本句义「普遍地、无一例外地」，常见义「全世界地」。
97,术语,an exponent of 1.5,1.5 次幂的指数,指成本随交易规模按 size^1.5 变化，介于线性（指数1）与二次（指数2）之间。
97,词组,as the square root of trade size,按交易规模的平方根,square root = 平方根；scale as/with sth 意为「随…按某种比例变化」。
97,术语,inventory risk,存货（持仓）风险,做市商被动接下客户订单后、在把头寸平掉之前必须承担的价格波动风险。
97,难句,"There is good evidence that, at least for U.S. equities, cost per share scales with an exponent of 1.5, or in other words, as the square root of trade size.",有充分证据表明，至少就美国股票而言，每股成本是按 1.5 次幂随规模变化的，换句话说，是按交易规模的平方根变化的。,"There is evidence that… 同位语从句；at least for U.S. equities 是插进主谓之间的让步性插入语；末尾 or in other words, as… 与前面的 with an exponent of 1.5 并列，共同作 scales 的方式状语。"
99,难句,"No sensible decision can be made any longer without taking into account not only the world as it is, but the world as it will be.",如今，任何明智的决策都必须既考虑世界的现状，也考虑世界将来的样子，否则无从做出。,主干 No sensible decision can be made without taking into account A but B；not only…but 连接两个 the world as… 从句；as it is 指现状，as it will be 指将来的样子。
99,生词,The model acts like an arbitrator,仲裁人,arbitrator 指听取各方陈述后作出裁决的人；与 arbitrage（套利）同源，但含义不同。
99,词组,the cost-conscious accountant,精打细算的；对成本敏感的,-conscious 作后缀表“看重…的”，如 health-conscious（注重健康的）、price-conscious（对价格敏感的）。
99,多义,can lead to ruin by ignoring risk,（投资）覆灭；破产,本句义为名词“彻底毁灭、倾家荡产”（不可数）；常见义为动词“毁掉”。
99,生词,can lead to paralysis,瘫痪；僵住不动,本义为医学上的“麻痹”，此处比喻因过度顾虑交易成本而不敢调仓。
99,生词,hold positions indefinitely,无限期地,indefinitely = 没有确定期限地；不要与 infinitely（无限地、数量无穷）混淆。
99,生词,can be exceedingly simple or rather complex,极其,exceedingly 是程度副词“非常、极其”；同句 rather 表“相当地”，程度弱于前者。
99,术语,based on heuristics defined by the quant trader,启发式规则；经验法则,heuristics 指靠经验和试错总结出的决策规则，不追求最优解但实用够用。
99,词组,such as by trial and error,试错法,固定搭配 by trial and error，指反复尝试、在错误中摸索出办法。
99,术语,This goal is known as an objective function,目标函数,优化器要最大化（或最小化）的那个量化目标，例如“单位风险的收益最高”。
99,生词,the canonical example of an objective function,最典型的；教科书式的,canonical 此处指“公认标准的、范本式的”；另有“（宗教）正典的”义。
100,词组,By their nature,就其本质而言,= inherently，指由事物固有属性所决定，非外因造成。
100,词组,investment ideas of varying quality,质量参差不齐的,varying 强调彼此各不相同，而非“正在变化”。
100,词组,"At a minimum, his results would be much better",至少；最起码,at a minimum 用于给出下限估计，与 at most（至多）相对。
100,难句,"This subject receives rather a lot less time and space in academic journals and in practitioners’ minds than ways to make a new alpha model, for example.",与“如何造一个新的阿尔法模型”之类话题相比，这个主题在学术期刊和从业者头脑中占据的时间与篇幅要少得多。,主干为 This subject receives less time and space … than ways to make…；rather a lot 整体修饰比较级 less，是“少得多”的加强说法。
100,多义,how most quant practitioners tackle this problem,着手解决；应对,本句义“处理（难题）”；常见义为橄榄球等运动中的“擒抱、铲球”。
100,术语,"Decision-tree approaches, which look at a defined set of rules in a particular order",决策树,按预设顺序逐个条件分支判断，最终落到某个仓位结论的规则体系。
100,生词,implicitly (or explicitly) believe,隐含地；未言明地,implicit 指未明说但内含其中的；反义 explicit 指明确表述出来的。
100,生词,homogeneous enough,同质的,homogeneous 指成分或性质一致；反义 heterogeneous（异质的）。
100,语法,based on their riskiness or otherwise,或其他方面；或反之,or otherwise 置于名词后表“或相反、或别的情形”，此处即“按风险高低或别的什么来区分”。
100,术语,guidance on the correct position sizing,仓位大小的确定,position sizing 指决定每个头寸投入多少资金，是组合构建的核心问题。
101,语法,ignored except insofar as the signal is strong enough to be worthy of a position at all,仅在…的限度内（才被考虑）,insofar as = to the extent that；整句意为“信号强度只在‘够不够格建仓’这一点上被用到，其余一概忽略”。
101,词组,"At first glance, this might seem like an oversimplification",乍一看,at first glance 与后文 However 呼应，构成“表面上…其实…”的转折套式。
101,生词,ultimately outweigh any potential benefit,压过；（分量）超过,outweigh 指利弊权衡时一方分量更重；字面为“重量超过”。
101,术语,sufficient statistical strength and power,统计功效,statistical power 指检验能正确识别出真实效应的概率，功效不足则结论不可靠。
101,难句,The first (and more significant) potential problem with unequal weighting is that it assumes implicitly that there is sufficient statistical strength and power to predict not only the direction of a position in the future but also the magnitude and/or probability of its move relative to the other forecasts in the portfolio.,非等权配置的第一个（也是更重要的）潜在问题是：它隐含地假设统计上有足够的强度与功效，不仅能预测头寸未来的方向，还能预测其变动幅度和/或概率相对于组合中其他预测的高低。,主干 The problem is that it assumes that there is…，两层 that 从句嵌套；not only A but also B 并列 the direction 与 the magnitude and/or probability；relative to… 修饰 its move。
101,生词,This weighting disparity,悬殊；巨大差异,disparity 指本应相当却不相当的差距；近义 discrepancy 偏重“不一致、对不上”。
101,术语,excess risk of some idiosyncratic event,个股特质性（事件）,idiosyncratic risk 指只影响单个标的、无法用市场共同因子解释的风险。
101,词组,expected to snap back aggressively,猛烈回弹,snap back 指像橡皮筋绷紧后急速弹回原位。
101,术语,known to statisticians as adverse selection bias,逆向选择偏差,指看似最强的信号恰恰来自最不利的样本——大幅波动往往由真实新信息驱动，而非可回归的噪声。
101,文化,picking up nickels in front of a steamroller,在压路机前捡五分硬币,华尔街谚语，形容小赚不断、一旦出事就被彻底碾平的策略；nickel 为五美分硬币。
101,术语,"techniques such as winsorization, which is simply the act of replacing outlier values on the distribution with some fixed minimum/maximum value",缩尾处理,把超出设定上下限的极端值一律截到该上下限，以削弱异常值对模型的影响。
101,多义,a prolonged or extended trend,持续时间很长的,prolonged 由 prolong（延长）而来，指被拉长、迟迟不结束的。
102,词组,bad data points end up filtering into a trading strategy,渗入；一点点漏进,filter into 指像液体透过滤网般缓慢混进来，强调不易察觉。
102,词组,does not get out of hand,失控,get out of hand 固定短语，指局面变得无法收拾。
102,语法,a stock price is off by a factor of 100,（数值）差了…倍,off 表“偏离正确值”；by a factor of N 表“相差 N 倍”。
102,文化,it is quoted in pence instead of pounds,报价用便士而非英镑,英国股票习惯以便士报价，1 英镑 = 100 便士，数据源口径混用即造成 100 倍误差。
102,多义,an enormous position in this ticker,股票代码；（借指）个股,本句义指某只股票（以其交易代码代称）；常见义为“股票行情报价机”。
102,多义,"the meat of a distribution, not from the tails",分布的主体部分,本句义指分布中间最厚实的一段；常见义“肉”。
102,术语,If we observe a real tail event,尾部事件,概率分布尾端的小概率、大幅度事件。
102,生词,a more normative level of alpha,常态的；正常水平的,此处 normative 取“符合常规水平”义，而非哲学上的“规范性（应然）”。
102,生词,Analogous arguments can be made,类似的；可类比的,analogous to 表“与…相似”；名词形式 analogy（类比）。
102,词组,mitigating risk by diversifying bets,缓解；减轻,mitigate 指降低已存在风险的严重程度，不等于 eliminate（消除）。
102,语法,in that a position is weighted as close to equally as its liquidity will allow,因为；就在于,in that 引导原因或限定说明；as close to equally as … will allow = “在流动性允许的范围内尽量接近等权”。
102,生词,since alphas are generally tested against real datasets,用（真实数据）来检验,test against 指拿假设去跟某个基准或数据集对照检验。
103,术语,a mega cap stock with substantially less volatility,超大盘股,mega cap 通常指市值极大的巨型公司，与 small cap（小盘股）相对。
103,生词,a much larger and inadvertent real bet,无意间的；不经意的,inadvertent 指非有意为之、因疏忽造成的；副词 inadvertently。
103,难句,Putting an equal number of dollars into these two positions might in fact be taking a much larger and inadvertent real bet on the small cap stock.,向这两个头寸投入等量的美元，实际上可能等于在小盘股上无意间押下了大得多的真实赌注。,动名词短语 Putting… 作主语；might be taking 为推测语气；real bet 与“名义等额”相对，指真实的风险敞口。
103,生词,also has its shortcomings,缺点；不足,shortcoming 多指方法或人自身固有的不足，常用复数。
103,术语,it is almost always a backward-looking measurement,回望式（度量）,用历史数据推算出的指标；反义 forward-looking（前瞻式，如期权隐含波动率）。
103,多义,This is not merely a hypothetical question.,假设性的；纯属设想的,本句义“仅停留在假想层面的”；名词 hypothesis（假说）。
103,难句,"Any backward-looking analysis of the volatility of stocks that didn’t emphasize the last debacle among financial stocks (10 years earlier, in 1998) would likely have been misled by the steady behavior of these stocks for the decade prior to 2008, and therefore an equal risk model is likely to have held much larger positions in banks than were warranted once volatility spiked in 2008.",任何回望式的股票波动率分析，只要没有着重考虑上一次金融股崩盘（10年前的1998年），就很可能被这些股票2008年之前十年的平稳表现所误导；因此等风险模型在2008年波动率骤升之后，很可能持有了远超合理水平的银行股仓位。,主语 Any analysis 后接 that 定语从句；would have been misled 是对过去的虚拟推测；than were warranted 是省略主语的比较从句（= than the positions that were warranted）。
103,多义,once volatility spiked in 2008,（波动率）骤升,本句义为动词“急剧飙升”；常见义为名词“尖钉、鞋钉”。
103,多义,than were warranted,合理的；有正当理由的,warrant 作动词意为“使…显得正当”；此处比较从句省略了主语。
103,多义,the alpha model dictates how attractive a position is likely to be,决定；硬性规定,本句义“决定、规定”；常见义“口授（让人记录）”。
103,文化,This is much like grading on a curve,按曲线（相对）评分,美国校园做法：分数按全班相对排名给定，最好的拿最高分，而非按绝对标准打分。
103,生词,one could constrain individual positions to be less than 3 percent,把…限制在（某范围内）,constrain sth to be… 指施加硬性上限；名词 constraint（约束条件）。
104,词组,can suffer sharp drawdowns relatively frequently,遭受急剧回撤,drawdown 指净值从阶段性高点回落的幅度。
104,多义,when a price trend is already well established,已经确立、成形的,本句义“已站稳、成型的”；常见义指机构“老牌的、有声望的”。
104,生词,Caution is therefore advisable,因此宜谨慎,advisable 指“明智可取的、值得采纳的”，不是“可被建议的”。
104,词组,causes a heavy reliance on the alpha model being right,严重依赖…,reliance on 后接动名词复合结构（the alpha model being right = 阿尔法模型正确这件事）。
104,多义,"which is, after all, the goal of the whole exercise",这项活动；整件事,本句义指“（有目的的）活动、工作”；常见义“锻炼、练习”。
104,术语,by adding a conditioning variable,条件变量,用来在满足某条件时改写模型输出的开关型变量。
104,术语,less than the expected transaction cost threshold,（预期交易成本）阈值,threshold 指触发某动作的临界值，低于它则不予交易。
104,难句,"These considerations can be accounted for within the alpha model itself, for example, by adding a conditioning variable that sets the expected return (or score, or whatever other form of forecast) to “0” if the expected return is less than the expected transaction cost threshold.",这些考量可以在阿尔法模型内部处理：例如加入一个条件变量，当预期收益低于预期交易成本阈值时，就把预期收益（或分数，或其他任何形式的预测值）直接设为0。,account for 此处为“把…考虑进去”（被动 be accounted for）；by + 动名词表方式；that 定语从句内再套 if 条件句；whatever other form of forecast 为让步式泛指。
104,生词,certain instruments are too expensive to transact in,进行交易,transact in sth 指在某标的上做交易；名词形式 transaction。
104,词组,make the rules that drive them rational and well-reasoned,让规则理性且论证充分,make + 宾语 + 宾补结构：宾语是 the rules that drive them，宾补是 rational and well-reasoned。
105,文化,landmark paper entitled “Portfolio Selection.”,里程碑式的论文,马科维茨 1952 年发表的论文，被视为现代投资组合理论的起点。
105,术语,a technique known as mean variance optimization,均值-方差优化,以预期收益（均值）和风险（方差）为输入、求解最优组合权重的方法。
105,生词,which is still ubiquitous today,无处不在的,ubiquitous 指到处都能见到的，语气强于 common。
105,多义,though much sophistication has been built around its core,（技术上的）精细复杂之处,本句义为不可数名词“复杂精深的技术手法”；常见义指人“见多识广、老练”。
105,术语,the principles of modern portfolio theory (MPT),现代投资组合理论,主张通过分散化在给定风险下最大化预期收益的理论框架。
105,生词,The core tenet of MPT,核心信条,tenet 指某学说赖以成立的基本主张；与形近词 tenant（房客）易混。
105,术语,investors are inherently risk averse,厌恶风险的,risk averse 指同等预期收益下宁可选风险更低者；名词 risk aversion。
105,生词,A corollary is that investors will take on extra risk only if they expect to receive extra return as compensation.,推论,corollary 指由前一命题直接推出的必然结果。
105,多义,Variance is a proxy for the expected risk of each asset,替代指标；代理变量,本句义指用来替代真实变量的可观测指标；常见义“代理权、委托书”。
105,术语,the expected covariance matrix of these same assets,协方差矩阵,记录任意两资产收益共同变动程度的方阵，是优化器的核心输入之一。
105,术语,known as the efficient frontier,有效前沿,各风险水平下预期收益最高的那些组合连成的曲线。
105,多义,juxtaposed with the correlation of those holdings to one another,与…并置对照,juxtapose 指把两者并排放在一起比较；名词 juxtaposition。
105,术语,a “hard to borrow” list provided by a prime broker,难借券名单 / 主经纪商,主经纪商列出的融券困难标的；这些股票难以做空，从而缩小优化器可用的股票池。
105,生词,the first two are also mostly arbitrary,任意设定的；主观拍板的,arbitrary 指没有客观依据、凭主观决定的。
105,难句,"For example, the portfolio optimizer might be required to solve for the optimal (i.e., maximum risk-adjusted return) portfolio, which accounts for the expected returns of each potential holding, the variability of those holdings (juxtaposed with the correlation of those holdings to one another), and which minimizes exposure to various pre-specified risk factors, as specified in the risk model.",例如，可能要求组合优化器求解出最优（即风险调整后收益最大）的组合：它既要考虑每个潜在持仓的预期收益、这些持仓的波动性（并与彼此之间的相关性对照），又要使对风险模型中预先指定的各类风险因子的敞口最小化。,solve for 表“求解出”；两个并列 which 定语从句（which accounts for… / and which minimizes…）共同修饰 portfolio；as specified in… 为过去分词短语作后置定语。
106,多义,objective is used in the sense of goal,（此处取）“目标”义,objective 名词义为“目标”，与形容词“客观的”同形而义异，本处取前者。
106,术语,an algorithm that conducts a directed search among the various combinations,定向搜索,有方向地朝目标逐步逼近的搜索，而非穷举所有可能组合。
106,多义,to improve or degrade,变差；退化,本句义为不及物动词“（性能）恶化”；常见义为及物动词“贬低（人格）”。
106,多义,returns cannot be bested by those of any other portfolio,被超越；被胜过,best 此处作动词表“胜过”，句中为被动 be bested。
106,难句,"By this method, the optimizer is able to rapidly locate a series of optimal portfolios, which are those for which returns cannot be bested by those of any other portfolio at a given level of risk.",用这种方法，优化器能迅速定位出一系列最优组合——即在给定风险水平下，收益无法被任何其他组合超越的那些组合。,which are those 后接 for which 引导的第二层定语从句（介词+关系代词）；those 指代 portfolios，句末 those of 中的 those 指代 returns。
106,词组,an infinite array of objective functions can be used,一系列；数不清的,an array of 表“一大批”，infinite 进一步强调种类无穷。
106,术语,the expected Sharpe ratio of each possible portfolio,夏普比率,超额收益除以收益波动率，衡量每承担一单位风险所换来的收益。
106,词组,The Sharpe ratio was chosen simply for illustrative purposes,仅为举例说明之用,for illustrative purposes 为固定说法，表“只是拿来演示”。
106,术语,a long-only version of the same optimization,只做多（不许做空）的,long-only 指权重被限制为非负，不能建立空头头寸。
106,词组,which we will revisit later,稍后再回来谈,revisit 此处指重新讨论某话题，而非“再访某地”。
106,多义,the ideal portfolio comes out to be long both names,（交易口语中指）个股,本句义中 name 指一只具体证券；常见义“名字”。
108,词组,each of the aforementioned inputs in order,上述的；前面提到的,aforementioned 为正式书面语，等于 mentioned above。
108,术语,to create a strategic asset allocation that won’t need to be dynamically readjusted,战略资产配置,面向长期、比例基本固定的大类资产分配，与短期战术调整相对。
108,难句,"Forecasts of direction can be used as forecasts of return simply by making all positive forecasts equal and all negative forecasts equal (often subject to minimum threshold parameters, so that at least the return forecasts have to be of some significant size before making a bet).",方向预测也能当作收益预测来用：只需把所有正向预测设为同一个值、所有负向预测设为同一个值（通常还受最低阈值参数约束，使收益预测至少达到一定幅度才会下注）。,by + 动名词表方法；subject to 表“受…约束”；so that 引导结果状语从句。
108,多义,So directional forecasts are indifferent between the expected return of each position,不加区分的；一视同仁的,本句义为 be indifferent between A and B（对二者无差别对待）；常见义“冷漠的”。
108,多义,the only relevant feature of the forecast is its sign,（正负）符号,本句义指数学上的正负号；常见义“标志、迹象”。
108,术语,stochastic volatility models,随机波动率模型,把波动率本身建模为随时间随机演化的过程。
108,生词,"Stochastic, in Greek, means random.",随机的,源自希腊语 stokhastikos；统计学中专指含随机成分的过程。
108,术语,a stochastic process is one that is somewhat predictable but that has some element of unpredictability,随机过程,部分可预测、部分纯随机的时间演化序列。
108,术语,which is basically a synonym for a time series in this context,时间序列,统计学里的 process 在此即按时间先后排列的一串观测值。
108,词组,except for one very specific case we will discuss shortly,稍后；很快,shortly 表“不久之后”，不是“简短地”（那是 briefly）。
109,术语,Generalized Autoregressive Conditional Heteroskedasticity (GARCH),广义自回归条件异方差模型,用过去的波动幅度预测未来波动率的经典模型，专门刻画波动率聚集现象。
109,生词,the Danish econometrician Tim Bollerslev,计量经济学家,econometrics = 经济学 + 统计方法，指用数据检验经济关系的学科。
109,生词,variants of the original GARCH forecast abound,大量存在；比比皆是,abound 为不及物动词，主语是数量很多的那类事物。
109,术语,volatility goes through clustered periods of relative calm,（波动率）聚集,volatility clustering 指大波动后常跟大波动、小波动后常跟小波动。
109,多义,followed by periods of swings,剧烈震荡,本句义指价格来回大幅摆动；常见义“秋千、摆动”。
109,多义,"short, seemingly periodic bursts in volatility occurred",（波动率）骤增,burst 本义“爆裂”，此处指短促突发的一阵。
109,词组,do a reasonable job of forecasting volatility in this sort of pattern,把…做得相当不错,do a good/reasonable job of doing sth 是口语化的评价句式。
109,术语,"an exponentially weighted moving average, or EWMA",指数加权移动平均,越近的观测权重越大、按指数衰减的均值算法。
109,多义,while being considerably more elegant and easily computed,简洁优雅的,本句义指数学方法形式简洁漂亮；常见义指衣着举止“优雅”。
109,多义,they can be made over various time horizons,时间跨度；期限,本句义指预测覆盖的时间长度；常见义“地平线”。
109,词组,"followed by a return to calm, and so forth",接着又回归平静，如此往复,and so forth = and so on，表同类情形循环下去。
110,术语,The “A” in the acronym GARCH stands for Autoregressive,自回归,自回归指用序列自身的过去值来预测其当前值。
110,术语,a statistical term that characterizes a mean-reverting process,均值回归过程,偏离长期均值之后倾向于被拉回的过程。
110,术语,trending behavior (which is also called autocorrelative),自相关的,序列自身前后值正相关，表现为延续既有方向。
110,术语,The third input to the optimizer is the correlation matrix.,相关性矩阵,列出任意两标的收益相关系数的方阵，元素取值在 −1 到 +1 之间。
110,多义,Correlation is at heart a measure of the similarity,本质上；说到底,at heart 表“内核上、根本上”；不同于 by heart（凭记忆）。
110,生词,"the two instruments are exactly opposite, or anti-correlated",负相关的；反向相关的,前缀 anti- 表“相反”，相关系数为 −1 时两者走势完全相反。
110,生词,out-competing the other and winning market share,在竞争中胜过（对手）,out- 前缀加动词表“比对方更…”，如 outperform、outlast。
110,多义,the first will likely have a positive trendline,趋势线,拟合一段时间序列走向的直线，斜率为正即长期向上。
110,词组,not to mention the more specific market factors,更不用说,not to mention 用于追加一项更有说服力的内容，语气递进。
110,难句,"Nevertheless, these two companies will likely have a high positive correlation, because their returns are still driven heavily by the overall market, by their sector, and by their industry, not to mention the more specific market factors associated with being an airline company (e.g., the price of oil).",尽管如此，这两家公司大概率仍呈高度正相关，因为它们的收益仍主要由大盘、所属板块和行业驱动，更不用说与“航空公司”这一身份相关的那些更具体的市场因子（例如油价）。,三个并列的 by 短语共用 driven by；not to mention 后接名词短语追加一层；associated with being… 为过去分词短语作后置定语，being 是动名词。
110,生词,these two indices correlate at a level of 0.37 since inception,自起始/设立以来,inception 指某事物开始存在的那一刻，此处指数据样本的起点。
110,多义,over any consecutive 365 calendar days (a rolling year),滚动（一年）,rolling 指窗口长度固定、逐期向前平移的统计口径。
110,多义,by lagging the Japanese returns by a day,把…滞后一天,lag 此处为及物动词，指人为把某序列往后推，以对齐时区差。
111,多义,Even using a rolling five-year window,（统计）窗口,本句义指用于计算的一段固定长度时间区间；常见义“窗户”。
111,多义,If the strategy specifies appropriate groupings of instruments,分组；归类,grouping 作可数名词指“分好的组”，此处指按行业等把标的归堆。
111,难句,This specification can be made either in the definition of relative in a relative alpha strategy and/or in the specification of the risk model.,这一设定既可以放在相对型阿尔法策略里对“相对于谁”的定义中做，也可以放在风险模型的设定中做。,the definition of relative 中 relative 被名词化，指“相对”这一概念本身；either … and/or 是作者对 either…or 的松散用法。
111,生词,a comparison between XOM and NFLX might be less defensible,站得住脚的；说得过去的,defensible 由 defend 派生，指经得起质疑与辩驳的。
111,词组,also bears out in the data,得到（数据）印证,bear out 表“证实、支持某一说法”。
111,生词,this theoretical difference in the comparability between these two pairs of stocks,可比性,comparability 指两者是否具备放在一起比较的基础。
111,多义,Both have market capitalizations on the same general scale,（同一）量级；规模档次,本句义指数量级、体量档次；scale 常见义“刻度、天平”。
112,词组,is more or less a fact of the world,差不多就是这个世界的既定事实,more or less 表“大致上、差不多”，用于弱化断言。
112,难句,"It is not the fault of optimizers, nor of correlation as a statistic, that this happens to be the case in the finance industry.",金融业恰好就是这个样子，这既不能怪优化器，也不能怪“相关系数”这个统计量本身。,It 为形式主语，真正主语是句末的 that 从句；nor of correlation 与 of optimizers 并列，构成否定并列成分；happens to be the case 表“事实碰巧就是如此”。
112,多义,the relationships between financial instruments are often governed by a variety of dynamic forces,支配；决定,本句义为被动 be governed by（受…支配）；常见义“治理、统治”。
112,生词,the stock market is experiencing a significant downdraft,下挫,本义为向下气流，金融中比喻市场急跌；反义 updraft。
112,多义,the spike in correlation in early 2020,（相关性）骤升,spike 作名词指图形上又高又窄的尖峰。
112,术语,this can cause de-coupling as well,脱钩,decoupling 指原本同步变动的两者关系断开、各走各的。
112,词组,"let’s just pick 2,000 for the moment",暂且就…吧,for the moment 表“暂时、就眼下而言”。
112,术语,which forms the diagonal from the top left to the bottom right corner,对角线,相关性矩阵对角线上是每个标的与自身的相关系数，恒等于 1。
113,多义,with the caveats mentioned already in this section,带着本节已经提到的那些附加限制条件,caveat 本句义：附带条件、需注意的但书；常见义：警告。学术写作里常用复数 caveats 指'需要说明的限制'。
113,词组,assume that the relationship will hold up in the future,假定这一关系在未来依然成立,hold up 此处指（规律、关系）站得住、依然有效；不是'举起'或'耽搁'。
113,术语,the EWMA method referenced in Section 6.2.1.2,6.2.1.2 节提到的 EWMA 方法,EWMA = exponentially weighted moving average，指数加权移动平均：给近期数据更大权重来估计波动率或相关性。
113,多义,basic copies of Markowitz’s original specification in 1952,对马科维茨1952年原始模型设定的简单复刻,specification 本句义：模型的形式设定（变量与函数形式）；常见义：产品规格说明。
113,生词,It is worth reiterating here,这里值得重申的是,reiterate = 再次说明、重申，比 repeat 更书面。
113,生词,other constraints (including solvability),其他约束条件（包括可解性）,solvability 由 solvable 派生，指该优化问题在算法上能否求出解。
113,文化,"so-called “artificial intelligence” (which, to me, remains more artificial than intelligence, sorry)",所谓的“人工智能”（在我看来，它至今仍是人工多于智能，抱歉）,作者拆开 artificial intelligence 两词做文字游戏：more A than B 结构表达'与其说是B不如说是A'的贬抑。
113,术语,the ideal allocation of weights to assets that optimize the outcome of some objective function,使某个目标函数取得最优结果的理想资产权重配置,objective function 目标函数：优化过程中被最大化或最小化的那个量（如收益/风险比）。
113,术语,Machine learning is often described as function approximation,机器学习常被描述为函数逼近,function approximation 函数逼近：用历史的输入-输出关系去拟合一个未知函数，从而对新输入给出输出。
113,难句,"The key to understanding how this is an optimization is to understand minimization and maximization, and how they’re very similar, outside of the sign we’re targeting.",要理解这为什么也是一种优化，关键在于理解最小化与最大化，以及二者除了所求符号相反之外其实非常相似。,"主干 The key ... is to understand A, and how B；outside of = except for，此处指'除了正负号的取向不同'。"
113,多义,various flavors of Markowitz’s model,马科维茨模型的各种变体,flavor 本句义：同一事物的不同版本/变种；常见义：味道。
114,词组,under the hood,在（系统的）内部；在底层,字面为'引擎盖之下'，引申为'看不见的内部实现'。
114,生词,it is a quirk of unconstrained optimizers,这是无约束优化器的一个怪癖,quirk = 反常的小特性、怪癖。
114,术语,quants add constraints and penalties in the optimization process,量化交易者在优化过程中加入约束与惩罚项,penalty（惩罚项）：在目标函数里对不希望出现的特征扣分，属软约束；constraint 则是硬性边界。
114,生词,An interesting conundrum for the quant,量化交易员面临的一个有趣难题,conundrum = 棘手而两难的问题。
114,语法,to the extent that constraints are applied it can become the case that the constraints drive the portfolio construction more than the optimizer,当约束被施加到一定程度时，就可能出现约束比优化器更主导组合构建的情况,to the extent that = 到…的程度就…；it can become the case that 是形式主语句，真正主语是 that 从句。
114,词组,but it somewhat defeats the purpose of optimizing,但这多少违背了做优化的初衷,defeat the purpose of = 使…失去意义、白做。
114,术语,a penalty function,惩罚函数,penalty function 惩罚函数：随着不受欢迎的特征（如行业风险）上升而扣减目标值的函数。
114,难句,"but, as the level of sector risk increases to double the prior level, the expected return needed to justify this increase is substantially larger than double the alpha required at the lower level of sector risk.",但当行业风险增加到先前的两倍时，为证明这一增加'值得'所需的预期收益，要远大于低风险水平下所需阿尔法的两倍。,主干 the expected return ... is larger than double the alpha；needed to justify this increase 是后置定语修饰 return；required at ... 是后置定语修饰 alpha。
114,术语,the expected marginal reward must increase substantially faster than the expected marginal risk,预期边际收益的增速必须远快于预期边际风险,marginal 边际的：每多承担一单位风险所带来的增量收益。
114,术语,an empirical model of every stock’s market impact function,每只股票市场冲击函数的实证模型,market impact function 市场冲击函数：把下单量、波动率、成交量映射为该笔交易推动价格的幅度。
115,多义,These are but two of the many ways,这只不过是众多方法中的两种,but 本句义：仅仅（=only），书面用法；常见义：但是。
115,生词,iteratively solving for the tradeoff that maximizes the objective function,迭代求解使目标函数最大化的权衡方案,iteratively = 反复迭代地；solve for = 求解出（某个未知量）。
115,难句,"The optimizer is trying to solve a lot of problems at once, potentially: maximize returns per unit of risk, accounting for correlation and volatility, while staying within various hard limits (e.g., maximum position size constraints), and while accounting for risk factor exposures and transaction costs.",优化器要同时解决很多问题：在计入相关性和波动率的前提下最大化单位风险收益，同时不越过各种硬性限制（如最大仓位约束），并兼顾风险因子敞口和交易成本。,冒号后是对 a lot of problems 的展开；三个 -ing 状语（accounting / staying / accounting）并列修饰 maximize。
115,词组,"canned, off-the-shelf (including free, open-source codebase) packages",现成的、拿来即用的（包括免费开源代码库的）软件包,canned 此处指'罐装的'→预先做好的；off-the-shelf 现货的、无需定制的。
115,生词,compute these solutions relatively painlessly,相当省事地算出这些解,painlessly = 不费力地、无痛地。
115,多义,cutting out regions of the surface which do not satisfy the conditions,把曲面上不满足条件的区域切掉,surface 本句义：（数学上的）曲面，此处即目标函数在权重空间上的图形；常见义：表面。
115,术语,"we cannot hold positions short, we must be long only",我们不能持有空头头寸，只能做多,long only 只做多：策略被限制为不得卖空，只能买入持有。
115,生词,the square at the top-right quadrant,右上象限里的那个方块,quadrant = 象限，坐标平面被两轴分成的四个区域之一。
115,术语,We simply excluded three-quarters of the search space,我们只是排除掉了四分之三的搜索空间,search space 搜索空间：优化算法需要遍历的所有可行组合的集合。
115,多义,there may be many peaks scattered around various regions of the overall space,整个空间的各个区域里可能散布着许多个峰值,peak 本句义：目标函数曲面的极大值点；常见义：山峰、顶点。
115,词组,"designed with a specific tradeoff in mind, namely between thoroughness and speed",设计时必须带着一个特定的取舍考量，即彻底性与速度之间的取舍,with ... in mind = 把…考虑在内；namely = 即、也就是（引出具体所指）。
115,术语,might find a local peak in the curve and stop looking,可能找到曲线上的一个局部峰值就停止搜索,local peak（局部最优）与后文 globally optimal（全局最优）相对：局部最优只是邻域内最好，未必是整体最好。
115,术语,that “globally optimal” solution,那个“全局最优”解,globally optimal 全局最优：在整个可行域内没有更好的解。
115,生词,its search might take far too long to be practicable,其搜索可能耗时太久而不可行,practicable = 行得通的、可实施的；与 practical（实用的）形近义近但侧重'可执行'。
115,语法,"Fischer Black, of Black-Scholes fame",因布莱克-斯科尔斯公式而闻名的费雪·布莱克,of ... fame 是同位性后置修饰语，意为'以…而出名的（那个人）'。
117,术语,false precision of the expected return inputs to an optimizer,优化器预期收益输入值的虚假精确,false precision 虚假精确：数字给到很多位小数，营造出估计比实际更可靠的错觉。
117,生词,the sensitivity of standard optimizers to small perturbations in those expected returns,标准优化器对那些预期收益中微小扰动的敏感性,perturbation = 轻微扰动、微小变动。
117,生词,The two most salient new capabilities,两项最突出的新能力,salient = 最显著的、最值得注意的。
117,词组,a baseline of sorts,算是一种基准,of sorts 后置，表示'勉强算是某类东西'，带一点保留语气。
117,生词,the historical precedent evident in the data,数据中体现出来的历史先例,precedent = 先例；evident in ... 为后置定语，'在…中显现出来的'。
117,生词,it allows for a more holistic approach,它容许一种更全盘统筹的方法,holistic = 整体的、通盘考虑的，与逐项割裂处理相对。
117,词组,Another kind of optimizer that bears mentioning,另一类值得一提的优化器,bear mentioning = 值得一提（bear 此处意为'值得、经得起'）。
117,生词,Grinold and Kahn’s seminal Active Portfolio Management,Grinold 和 Kahn 的开创性著作《主动组合管理》,seminal = 具有开创意义、影响后续研究的（著作）。
117,术语,whereas most optimizers try to size positions,而多数优化器是在决定各仓位的大小,size 此处作动词：确定头寸规模；与本方法'优化信号组合'相对。
117,术语,each of which are usually rule-based,其中每一个通常都是基于规则的,rule-based 基于规则：按事先写死的规则分配权重，不经过优化器求解。
117,术语,equal risk-weighted,等风险权重的,等风险权重：按各标的波动率倒数分配权重，使每个标的贡献相同的风险，区别于等金额权重。
117,语法,as though it were making stock picks through the past,就好像它当年一路在挑选股票一样,as though 引导虚拟语气，动词用过去式 were，表示与事实相反的假设。
117,难句,"For instance, the value factor’s portfolio would look back at the historical data and simulate the results it would have achieved by buying undervalued instruments and shorting overvalued instruments through this historical sample, as though it were reliving the past.",例如，价值因子的组合会回看历史数据，模拟它当年若一路买入被低估、做空被高估的标的所能取得的结果，就好像重新经历一遍过去。,主干 the portfolio would look back ... and simulate the results；it would have achieved 是省略 that 的定语从句（虚拟完成式）；末尾 as though 从句同样是虚拟语气。
117,词组,This is certainly an easier hurdle to clear in terms of the amount of data needed,就所需数据量而言，这道门槛显然更容易跨过,clear a hurdle = 跨过障碍/达到要求；in terms of = 就…而言。
117,生词,we ultimately need to ascertain the weight of each position,我们最终需要确定每个头寸的权重,ascertain = （经过查证后）确定，比 find out 正式。
118,术语,both of which yield only a directional forecast,两者都只给出方向性预测,directional forecast 方向性预测：只判断涨或跌（+1/−1），不预测幅度大小。
118,词组,which are equally weighted for simplicity’s sake,为简单起见设为等权,for ... sake = 为了…起见；此处 for simplicity's sake 是行文中的常见套语。
118,多义,the factor optimization procedure dictated that we should have a 60 percent weight,因子优化程序给出的结果是第一个因子组合应占60%权重,dictate 本句义：（规则、程序）决定、规定；常见义：口述、发号施令。
118,多义,the weight of each name in each factor portfolio,每只个股在各因子组合中的权重,name 本句义：交易行话中指一只具体的股票/标的；常见义：名字。
118,术语,His “Resampled Efficiency” technique may address oversensitivity to estimation error,他的“重采样效率”技术可缓解对估计误差的过度敏感,estimation error 估计误差：用历史样本估计出的参数与未来真实值之间的偏差。
118,术语,mean variance optimizers are extremely sensitive to these kinds of errors,均值-方差优化器对这类误差极其敏感,mean variance optimization 均值-方差优化：马科维茨框架，仅用预期收益（均值）与协方差（方差）来求最优权重。
118,难句,It turns out that mean variance optimizers are extremely sensitive to these kinds of errors in that even small differences in expectations lead to large changes in the recommended portfolios.,结果表明，均值-方差优化器对这类误差极其敏感，因为哪怕预期上很小的差别都会让推荐出来的组合发生很大变化。,It turns out that ... 形式主语句；in that = 因为、在于（书面连词），引出敏感性的具体表现。
118,术语,resample the data using a technique called Monte Carlo simulation,用一种称为蒙特卡洛模拟的技术对数据重采样,Monte Carlo simulation 蒙特卡洛模拟：通过大量随机重排或抽样生成许多条可能路径，据此评估结果的分布。
118,词组,we want to get a sense of how robust the strategy might be,我们想大致了解这个策略有多稳健,get a sense of = 对…有个大致的感觉/判断。
118,难句,"This implied that, if we used the past to set expectations for the future—in other words, to estimate the correlation between these two instruments going forward—we are reasonably likely to have the wrong estimate at any given time, relative to the actual correlation that will be observed in the future.",这意味着：如果我们用过去来设定对未来的预期——换言之，用它估计这两个标的今后的相关性——那么在任一时点，我们的估计都很可能与未来实际观察到的相关性对不上。,破折号之间是插入语（对前面 if 从句的改写）；主句在插入语之后才出现，读时可先跳过破折号内容抓 if ... we are likely to ... 的主干。
119,多义,use it to create a large number of alternate histories for the index,用它为该指数生成大量“备选历史”,alternate 本句义：另一种可能的、替代性的；常见义：交替的、轮流的。
119,生词,By reshuffling the returns in this way,通过这样对收益序列重新洗牌,reshuffle = 重新洗牌、重新排列（源自扑克）。
119,语法,we now have thousands of “pasts” over which to test our strategy,我们现在有了成千上万条“过去”可供检验策略,over which to test 是'介词+关系代词+不定式'的书面结构，等于 over which we can test。
119,难句,"This technique is thought to produce more robust predictions than are possible from simply using only the actual sequence of returns the instrument exhibited, in that the researcher is capturing more aspects of the behavior of the instrument.",这一技术被认为能给出比只用标的实际收益序列更稳健的预测，原因在于研究者捕捉到了标的行为的更多侧面。,than are possible from ... 是省略主语的比较从句（=than the predictions that are possible from ...）；in that 再次表示'原因在于'。
119,语法,It is this intuition that is at the heart of Monte Carlo simulations,正是这种直觉构成了蒙特卡洛模拟的核心,It is X that ... 为强调句型，被强调的是主语 this intuition；at the heart of = 处于…的核心。
119,词组,A word of warning regarding such resampling techniques,关于这类重采样技术的一句忠告,a word of warning = 一句提醒/告诫，a word of 后接抽象名词表'一句…的话'。
119,多义,a fair representation of the whole population,对总体的公允代表,population 本句义：统计学上的'总体'（全部可能观测值）；常见义：人口。fair 此处是'有代表性的、不失真的'。
119,文化,both the 1987 crash and the 2007–2008 bear market would be missing,1987年股灾和2007—2008年熊市都会被漏掉,1987 crash 指1987年10月19日'黑色星期一'，标普单日跌逾20%；2007—2008 指次贷危机引发的全球熊市。二者是美股尾部风险的标志性样本。
119,词组,can be thought of as an art as much as a science,可以说既是科学也是艺术,as much A as B = 与其说是B不如说也同样是A，强调两者兼具。
119,术语,optimization problems with a special property: convexity,具有一种特殊性质——凸性——的优化问题,convexity 凸性：函数曲面光滑连续且只有单一极值点，这类问题保证能找到全局最优解。
120,术语,"Convex Optimization, which allows for extremely rapid and flexible solutions",凸优化，它能给出极其快速而灵活的解,Convex Optimization 凸优化：针对凸函数问题的一类求解方法，能在多项式时间内可靠求得全局最优。
120,词组,"with 10,000 assets and a raft of typical constraints",有一万个标的和一大堆常见约束,a raft of = 大量的、一大批（口语化的量词短语）。
120,生词,"no holes or gaps, no divots, or other irregularities",没有孔洞或断裂、没有凹坑，也没有其他不规则之处,divot 原指打高尔夫时铲起的一块草皮，引申为表面上的小坑。
120,术语,they are smooth and continuous,它们是光滑且连续的,smooth（可微、无尖点）与 continuous（无断点）是凸优化对函数形状的基本要求。
120,多义,look either like a smile or a frown,要么像笑脸的弧线，要么像皱眉的弧线,frown 本句义：向下弯的弧（开口向下的曲线）；常见义：皱眉。此处以笑脸/苦脸比喻凸函数与凹函数。
120,术语,the expected return of some multi-leg options position,某个多腿期权头寸的预期收益,multi-leg options position 多腿期权组合：由多张不同行权价或到期日的期权同时构成的头寸，损益曲线可多段起伏。
120,生词,look more like a sine-wave than a smile or straight line,看上去更像正弦波而不是笑脸弧线或直线,sine-wave = 正弦波，反复上下起伏的曲线。
120,难句,"Conceptually, if you imagine the expected return of some multi-leg options position, it could be positive in various ranges and negative in various other ranges, and look more like a sine-wave than a smile or straight line.",从概念上说，你若设想某个多腿期权头寸的预期收益，它可能在若干区间内为正、在另外若干区间内为负，看上去更像正弦波而不是笑脸弧线或直线。,if 从句后主句有两个并列谓语 could be 与 (could) look；in various ranges / in various other ranges 对举。
120,词组,The details of convex optimization are beyond the scope of this book,凸优化的细节超出了本书的范围,beyond the scope of = 超出…的讨论范围，学术写作的固定说法。
120,术语,"a distribution, rather than a point estimate",一个分布，而不是一个点估计,point estimate 点估计：用单一数值代表未知量；分布则给出该数值各种取值的可能性。
120,词组,Much of this work is owed to Stephen Boyd and Lieven Vandenberghe,这项工作在很大程度上要归功于 Stephen Boyd 和 Lieven Vandenberghe,be owed to = 归功于（等于 be due to / be credited to）。
120,生词,one is well incentivized to utilize this technique,人们很有动力去采用这一技术,incentivize = 给予动机、激励；well incentivized 即'有充足理由/动力'。
120,生词,"if they are not natively convex, they can be reframed or transformed into convex functions",如果它们本身不是凸的，可以被重新表述或转换成凸函数,natively = 天生地、原本就；reframe = 换一种方式重新表述。
120,词组,so long as they continue to faithfully represent the original,只要它们仍能忠实地代表原函数,so long as = 只要（引导条件），与 as long as 同义。
120,语法,it proves to be a most valuable skill,事实证明这是一项极有价值的本领,a most = very（非常），与表最高级的 the most 不同；prove to be 意为'（事实）证明是'，不需被动。
121,语法,"for every dollar of long positions within, say, the software industry",比如说，软件行业里每有一美元的多头头寸,say 在此为插入语，意为'比方说'，前后用逗号隔开，不是动词'说'。
121,多义,The optimizer would likely be long those software companies with the highest positive return expectations,优化器多半会做多那些正收益预期最高的软件公司,long 本句义：作动词/表语用，指持有多头、买入；常见义：长的。与后半句的 short（做空）对举。
121,术语,the portfolio must be neutral to each industry group,组合必须对每个行业组保持中性,行业中性：每个行业内多头金额与空头金额相等，使组合不承担该行业的方向性风险。
121,术语,to create a zero net position in the software industry,使软件行业的净头寸为零,net position 净头寸：多头金额减去空头金额后的净敞口。
121,词组,the most simplistic optimization techniques (particularly unconstrained) are in the minority,最简单粗糙的优化技术（尤其是无约束的）占少数,in the minority = 占少数；simplistic 含贬义，指'过于简单化的'，不同于中性的 simple。
121,语法,the technique itself is perhaps the most properly labeled “black box” part of the quant trading system,这项技术本身大概是量化交易系统中最名副其实的“黑箱”部分,the most properly labeled 是'副词+过去分词'构成的最高级修饰语，意为'最当得起这个称呼的'。
121,语法,"Compounding the complexity, we have to consider the interaction among various kinds of alpha factors",让复杂度雪上加霜的是，我们还得考虑各类阿尔法因子之间的相互作用,Compounding ... 为现在分词短语作状语，compound 此处义为'使（问题）加重'。
121,词组,"That said, it is highly likely that the larger positions in the portfolio are those with the strongest expected returns",话虽如此，组合中较大的头寸很可能就是预期收益最强的那些,That said = 话虽如此（承认前文后转折）。
121,难句,The strange behavior described here—having a position in the opposite direction as the alpha model’s forecast—is observable mainly with the smaller positions in the portfolio because it is among these that the expected returns can be overcome by transaction cost or risk management considerations.,这里描述的怪现象——持仓方向与阿尔法模型预测相反——主要出现在组合中较小的头寸上，因为正是在这些小头寸上，预期收益才会被交易成本或风控考量所压倒。,主语 The strange behavior 与谓语 is observable 之间插入了破折号同位语；because 从句内部用了 it is ... that 强调句，强调状语 among these。
121,术语,This last phenomenon is sometimes known as the substitution effect,这后一种现象有时称为“替代效应”,substitution effect 替代效应：当两个标的高度相关时，优化器可能用交易成本更低的那个替代预期收益更高的那个。
121,多义,if ABC is also expected to be dramatically more expensive to trade,如果 ABC 的交易成本预计也要高得多,expensive 本句义：交易成本高（滑点与冲击大），不是'股价贵'。
121,语法,the optimizer might well choose to invest in DEF instead of ABC,优化器很可能会选择投资 DEF 而不是 ABC,might well = 很有可能（well 加强推测语气），不同于 might as well（不妨）。
121,术语,This is most often visualized in the so-called Efficient Frontier,这最常见的可视化方式就是所谓的有效前沿,Efficient Frontier 有效前沿：在给定风险水平下收益最高的那些组合连成的曲线。
121,多义,Each point on the curve that constitutes the Efficient Frontier,构成有效前沿的那条曲线上的每一个点,constitute 本句义：构成、组成；常见义：设立、制定（法律）。
121,词组,"there is nothing better beyond it, hence “frontier.”",再往外就没有更好的了，故称“前沿”,hence 后可直接接名词短语（省略动词），意为'因此才有…这个说法'。
122,术语,the MSCI EAFE index (EFA),MSCI 欧澳远东指数（EFA）,"EAFE = Europe, Australasia and Far East，衡量美加以外发达市场股票表现的指数。"
122,词组,illustrating the ­benefits of diversification that motivate the use of optimizers in the first place,这说明了分散化的好处，而正是这些好处才促使人们一开始就使用优化器,in the first place = 首先、一开始（追溯动机时用）。
122,生词,the equal-weighted portfolio is also sub-optimal,等权组合同样不是最优的,sub-optimal = 次优的，比最优差但未必差。
122,术语,"the highest Sharpe portfolio, which is labeled as the “Tangency Portfolio”",夏普比率最高的组合，图中标为“切点组合”,Tangency Portfolio 切点组合：从无风险利率出发的直线与有效前沿相切之处，即夏普比率最大的组合。
122,难句,"If we were able to scale that up by using leverage or down by putting some of our portfolio in cash, as represented by the dashed line, our result would actually be better than the Efficient Frontier’s portfolios, because we are scaling the single best portfolio on the Efficient Frontier.",如果我们能用杠杆把它放大，或把一部分组合放成现金把它缩小（即图中的虚线），我们的结果实际上会优于有效前沿上的那些组合，因为我们放缩的是有效前沿上唯一最好的那个组合。,If we were able ... would be ... 为虚拟条件句；scale that up ... or down 是共用宾语的省略并列（=scale that up or scale that down）。
122,术语,the output of the quantitative portfolio construction model is a target portfolio,量化组合构建模型的输出是一个目标组合,target portfolio 目标组合：模型认为此刻应当持有的理想持仓与规模，与当前实际持仓之差即需下的单。
123,词组,a brand-new portfolio is being built from scratch,一个全新的组合从零开始构建,from scratch = 从零开始、白手起家。
123,词组,as he would do periodically in the normal course of business,就像他在正常业务流程中会定期做的那样,in the normal course of business = 在日常经营的正常流程中。
123,术语,he would need to do only the incremental trades that close the gap,他只需要做那些弥合差额的增量交易,incremental trades 增量交易：只交易目标组合与现有组合之间的差额部分，而非推倒重建。
123,术语,the significant majority of quants using rule-based allocation systems,绝大多数使用基于规则的配置系统的量化交易者,rule-based allocation 规则化配置：用固定规则（等权、等风险等）而非优化器决定权重。
123,术语,take an “intrinsic” alpha approach,采取“内生”（绝对）阿尔法路线,intrinsic alpha 内生阿尔法：单独预测每个标的自身的涨跌，不与其他标的比较；与 relative alpha 相对。
123,术语,most typically found among equity market-neutral strategies,最典型地见于股票市场中性策略,equity market neutral 股票市场中性：多空金额相抵使组合对大盘涨跌不敏感，只赚个股相对表现的钱。
123,生词,already believe implicitly in the stability of the relationships among their instruments,已经在不言中相信各标的之间关系的稳定性,implicitly = 隐含地、不明说地，与 explicitly 相对。
123,难句,"After all, in a relative alpha paradigm, the forecast for a given instrument is as much a function of that instrument’s behavior as it is about the behavior of the instruments to which the first is being compared.",毕竟，在相对阿尔法范式下，对某一标的的预测，既取决于该标的自身的行为，同样也取决于与它相比较的那些标的的行为。,as much A as B 结构表示两者同等重要；to which the first is being compared 是介词前置的定语从句，the first 指前面的 a given instrument。
123,多义,the strategy is doomed to start with,这个策略从一开始就注定要失败,to start with 本句义：一开始、从根子上（句末状语）；常见义：首先（用于列举理由）。
123,生词,its first premise is that certain comparisons can be made reliably,它的首要前提是某些比较能够可靠地做出,premise = （论证的）前提、假定；注意与 premises（房产、场地）区分。
123,多义,his portfolio is largely made up of a series of independent bets,他的组合基本上由一系列彼此独立的押注组成,bet 本句义：一笔独立的下注/头寸；common 用法指赌博下注。independent 指各头寸的盈亏互不相关。
123,术语,relying on a correlation matrix (one of the key inputs to the optimizer),依赖相关性矩阵（优化器的关键输入之一）,correlation matrix 相关性矩阵：列出组合中任意两个标的之间相关系数的方阵。
123,词组,alpha forecasts subject to transaction costs,在交易成本约束下的阿尔法预测,subject to = 受制于、以…为条件（不是'主题'）。
123,术语,Rule-based models take a heuristic approach,基于规则的模型采取启发式方法,heuristic 启发式：依据经验法则给出'够用'的答案，不求数学最优。
124,词组,utilize logic rooted in modern portfolio theory,使用植根于现代组合理论的逻辑,rooted in = 植根于、源自；modern portfolio theory 即马科维茨的均值-方差框架。
124,生词,justify the arbitrariness of the rules he chooses,为他所选规则的任意性辩护,arbitrariness = 任意性、随意性（由 arbitrary 派生）。
124,生词,address the myriad issues associated with estimating volatility and correlation,处理与估计波动率和相关性相关的无数问题,myriad = 无数的，可直接作形容词修饰名词。
124,词组,All of these techniques share one common thread,所有这些技术都有一条共同的主线,common thread = 贯穿其中的共同线索/共性。
124,多义,all of these approaches are attempting to maximize the goodness of the outcome,所有这些方法都在设法最大化结果的“优度”,goodness 本句义：由研究者自行定义的'好坏程度'指标；常见义：善良、美德。
124,术语,maximize the ratio of return to maximum peak-to-valley drawdown,最大化收益与最大回撤之比,peak-to-valley drawdown 峰谷回撤：净值从历史高点跌到随后低点的最大跌幅。
124,难句,"For example, some seek to maximize the Sharpe ratio, others seek to maximize the ratio of return to maximum peak-to-valley drawdown, and still others might seek to maximize the expected return without consideration given to the level of risk.",例如，有人追求最大化夏普比率，有人追求最大化收益与最大回撤之比，还有人可能追求最大化预期收益而完全不考虑风险水平。,some ... others ... still others 是三段式列举；without consideration given to ... 是省略被动的独立结构，等于 without giving consideration to。
124,语法,the researcher can choose also whether and what to constrain as far as risk exposures,研究者还可以选择在风险敞口方面是否约束、约束什么,whether and what to constrain 把两个疑问词并列后共用一个不定式；as far as ... 此处作'就…而言'讲。
124,生词,the penultimate stop on the trip,旅程的倒数第二站,penultimate = 倒数第二的（ultimate 是最后的）。
127,文化,"Quality is never an accident; it is always the result of high intention, sincere effort, intelligent direction and skillful execution.",质量从来不是偶然，它永远是高远立意、真诚努力、明智指导和娴熟执行的结果。,章首引语；四个并列名词短语 high intention / sincere effort / intelligent direction / skillful execution 共享 the result of。
127,生词,"through a human intermediary (e.g., a broker)",通过人工中介（如经纪商）,intermediary 中间人、居间者，比 middleman 正式；同根动词 mediate 居间调解。
127,多义,Most quants elect to utilize the electronic method,大多数量化交易者选择采用电子方式,elect 本句义“选择（做某事）”，后接不定式；常见义“选举”。
127,术语,direct market access (DMA),直接市场接入,交易者借用经纪商的基础设施与交易所连接、直接在电子市场下单的通道。
127,术语,electronic communications networks (ECNs),电子通信网络,自动撮合买卖订单的另类电子交易场所，流动性池的一种。
127,词组,"For ease, I will refer to any type of liquidity pool",为行文方便起见，我把任何流动性池统称为“交易所”,for ease 为省事、图方便；refer to A as B 把A称作B；liquidity pool 流动性池，泛指可供成交的场所。
128,术语,working orders,（拆单）执行订单,work an order 指分批择时执行订单以求更好的成交价与更小的冲击；working orders 即这一执行过程。
128,术语,a larger block trade,大宗交易,单笔数量远超常规的买卖，常由中介与对手方协商定价成交。
128,术语,portfolio bidding,组合竞标（打包报价）,经纪商按组合的特征报出一笔总费用并给出保证价格、整体接下该组合的服务。
128,多义,a “blind” portfolio,一个“盲”组合（不披露具体持仓）,blind 本句义“不公开底细的”，只披露估值比率、行业构成、市值等特征；常见义“失明的”。
128,术语,basis points (100 basis points = 1 percent),基点,1个基点=0.01%，报价费率的常用单位。
128,词组,"market capitalizations, and the like",市值等等诸如此类,and the like 列举收尾用语，=以及类似的东西，与 and so on 同义、较书面。
128,多义,assumes the risk of trading out of the portfolio at future market prices,承担在未来市价下把该组合逐步平仓的风险,assume 本句义“承担（风险、责任）”；常见义“假设”。trade out of 平掉头寸退出。
128,难句,"Once an agreement is reached between the broker and the quant, he receives the transactions from the broker at the pre-agreed price, and the broker receives his fee for the service and assumes the risk of trading out of the portfolio at future market prices, which may be better or worse than the prices they have guaranteed.",经纪商与量化交易者一旦达成协议，后者就按事先约定的价格从经纪商手中拿到这些交易，而经纪商收取服务费，并承担在未来市价下平掉该组合的风险——未来市价可能比其保证的价格更好也可能更差。,once 引导时间状语从句；主句两个并列分句 he receives... / the broker receives... and assumes...；which 非限定性定语从句指代 future market prices；pre-agreed 事先商定的。
128,词组,not materially different now than it was,与过去没有实质性差别,materially 实质性地（法律、财务常用）；different than 为美式口语用法，标准搭配是 different from。
128,生词,outsource order working to brokers,把订单执行外包给经纪商,outsource 外包（out 外 + source 来源）；order working 即前文 work orders 的名词形式。
129,多义,these volumes are a form of currency for the trading firms that drive them,这些成交量对交易公司是一种“通货”（谈判筹码）,currency 本句义“筹码、可流通的价值”，喻指可换取服务；常见义“货币”。drive 此处=创造、带来（成交量）。
129,难句,"They bring valuable commission dollars to brokers, and in exchange for a trader bringing his business to a particular broker, the broker may be willing to offer research, data, or capital-raising assistance, among other services.",这些成交量给经纪商带来可观的佣金收入；作为交易者把生意交给某家经纪商的回报，经纪商可能愿意提供研究、数据或募资协助等服务。,in exchange for + 动名词复合结构（a trader bringing...，逻辑主语+动名词）；among other services=等等、此外还有别的服务；capital-raising 募资。
129,多义,their discretionary counterparts,与他们对应的主观交易者,counterpart 对应方、对等角色；discretionary 主观决策型（凭人的判断），与量化/系统化相对。
129,词组,principally in the mechanics and not so much in the ideas,主要在具体操作机制上而非理念上,not so much in... 与其说在…（不如说不在…）；mechanics 具体做法、运作机制（复数形式表单一概念）。
129,生词,An obvious corollary is,一个显然的推论是,corollary 由已知结论自然推出的结果，逻辑学用语；an obvious corollary 顺理成章的推论。
129,生词,it may be reasonably viewed as overkill to build a very expensive high speed trading infrastructure,建一套昂贵的高速交易基础设施可以被合理地视为“杀鸡用牛刀”,overkill 过度投入、超出实际需要的火力；it 为形式主语，真主语是 to build...。
129,词组,they are only worth pursuing if they can be made up for in frequency,只有能靠交易频率弥补回来才值得追求,make up for 弥补；此处被动式 be made up for in frequency 指高速带来的微小节省要靠高频次累积回本。
129,生词,Cheapness has several facets,低成本包含好几个方面,facet 原义宝石的切面，引申为事物的一个方面；cheapness 此处中性，指交易成本低。
130,术语,"what is known as a footprint, which refers to a detectable pattern of behavior",（交易）足迹,指市场参与者可被识别的行为模式，会暴露其交易意图；原文以猎人循足迹追踪动物作类比。
130,难句,"If an order execution algorithm leaves an obvious footprint, its activities become predictable to other market participants, and these other participants may well react in such a way as to increase the market impact and slippage incurred by such an algorithm.",如果执行算法留下明显“足迹”，它的行为就会被其他市场参与者预判，而这些参与者的反应很可能会加大该算法蒙受的市场冲击和滑点。,if 条件句+两个并列主句；react in such a way as to + 动词=以足以…的方式反应；incurred by such an algorithm 过去分词短语后置修饰 impact and slippage。
130,生词,measure the efficacy of an execution algorithm,衡量执行算法的功效,efficacy 功效、有效性，比 effectiveness 更书面，医药与学术语境常用。
130,术语,"the “mid-market,” which is the average of the best bid and the best offer",中间价,最优买价（bid）与最优卖价（offer/ask）的平均值，判断单笔成交价是否公道的最标准参照。
130,语法,obviously below the then-current mid-market,明显低于当时的中间价,then- 前缀+形容词=当时的（then-current、then-CEO），连字符构词法。
130,术语,"Volume-Weighted Average Price (VWAP, for short)",成交量加权平均价,全天各笔成交按成交量加权的均价，衡量多笔执行质量最常用的基准；大买家自己的成交会推高该基准，解读时需当心。
130,术语,two general approaches to execution: aggressive and passive,激进型与被动型执行,激进=用市价单等立即成交、求确定性；被动=挂限价单等待成交、求更好价格。
130,术语,market orders,市价单,不限定价格、按当时市场对手价立即成交的订单，最激进的订单类型。
130,难句,"They can be filled in pieces or in full at whatever price prevails at the market at the time the order’s turn is to be executed arrives (within reasonable boundaries, and so long as there is a bid or offer resting in the order book to take the other side of the market order).",市价单可以部分或全部成交，价格是轮到该订单执行那一刻市场上通行的任何价格（在合理范围内，且前提是订单簿里有挂着的买单或卖单来充当市价单的对手方）。,at whatever price prevails 名词性从句作介词宾语；at the time (when) the order’s turn ... arrives 时间状语，主语是 turn；resting in the order book 现在分词后置定语=挂在订单簿里；take the other side 充当交易对手方。
131,术语,adverse selection,逆向选择,因信息不对称，被动挂单往往恰在价格即将朝不利方向变动时才被成交的系统性倾向。
131,术语,filled according to a pro rata allocation of any active order,按比例分配成交,pro rata 拉丁语“按比例”；主动来单按各家挂单量占比分配给同价位的所有被动挂单。
131,术语,an active order to sell 100 units,主动单,进场立即与对手挂单成交的订单，与 passive order（被动挂单）相对。
131,术语,a tradeoff between oversizing and overtrading,超量挂单与过度撤换单之间的取舍,oversizing 故意挂大单以在按比例分配中多分成交，风险是成交超出所需；overtrading 反复下单撤单；两者是按比例分配市场特有的权衡。
131,难句,"For two traders offering the same price, traders who show their orders are given higher priority (by most exchanges) than those who hide them (more on this shortly), and for traders who are still tied, the tiebreaker is, not surprisingly, (most often) which one came first.",对报同一价格的交易者，公开挂单者（在多数交易所）比隐藏挂单者优先级更高；如仍并列，判定先后的规则毫不意外地（通常）是谁先到。,两层并列的排序规则：who show their orders / those who hide them 定语从句对比；tied 并列不分先后；tiebreaker 决胜规则；which one came first 名词性从句作表语。
131,多义,limit orders resting in the order book,挂在订单簿里等待成交的限价单,rest 本句义“停留、搁置（待成交）”；常见义“休息”。
131,难句,"Depending on the volume of orders that join his limit order price as he awaits a complete fulfillment of his desired size, he runs the risk of having a very large amount of selling needing to take place before his 100 units is finally filled.",取决于在他等待全部成交期间有多少订单加入他的限价价位，他面临的风险是：可能要等非常大量的卖单成交之后，他那100单位才能最终成交。,depending on 引导条件状语；that join his limit order price 定语从句；as he awaits... 时间状语从句；having a very large amount of selling needing to take place 动名词复合结构两层嵌套；run the risk of 冒…的风险。
132,词组,the price is likely to move against you in the short term,短期内价格很可能朝对你不利的方向走,move against 走势对某人不利；反义 move in one's favor 朝有利方向走。
132,词组,a vicious cycle of oversizing,超量挂单的恶性循环,vicious cycle 恶性循环；反义 virtuous cycle 良性循环。
132,多义,at whatever the prevailing market will bear,以当时市场肯给出的任何价格,bear 本句义“承受得住、肯出（价）”（what the market will bear 市场能接受的价位）；常见义“熊；忍受”。prevailing 当时通行的。
132,词组,the transaction will take out multiple bids or offers at increasingly adverse prices,这笔交易会以越来越不利的价格吃掉多档买价或卖价,take out 本句义“吃掉、消灭（挂单）”；常见义“取出；带某人外出”。
132,术语,it crosses the spread and removes the best offer from the order book,跨越价差成交,买单直接打到最优卖价（或反之）即“过价差”，属主动成交，会从订单簿中移走对手挂单。
132,术语,this is also known as lifting the offer,抬走卖价：按最优卖价主动买入,与之成对的说法是 hitting the bid（按最优买价主动卖出）。
132,难句,A trader who is willing to cross the bid-offer spread by placing an active order may well have information that the trade he is conducting is actually worth paying the bid-offer spread to get put on right away.,一个愿意通过下主动单跨越买卖价差的交易者，很可能掌握了某种信息：他正在做的这笔交易确实值得付出价差的代价来立即建仓。,who is willing to... 定语从句；may well 很可能；information that... 同位语从句；从句内 he is conducting 定语从句嵌套；worth paying... to get put on 值得付出…以立刻建立头寸。
132,术语,"are using, or “taking,” liquidity",在消耗（“拿走”）流动性,跨价差成交吃掉他人被动挂单即 take liquidity；相对地，挂被动单为 provide liquidity（提供流动性）。
132,词组,sweetens the deal for a passive order,让被动挂单的条件更诱人,sweeten the deal 给交易加甜头、让条件更有吸引力，商业习语。
132,词组,typically on the order of two-tenths of a cent,通常在0.2美分的量级,on the order of 数量级大约在…；two-tenths 十分之二（分数表达）。
133,多义,the liquidity provision (or taking) rebate (or fee) factors into the decision of how passive or aggressive to be,流动性提供（或消耗）的返佣（或费用）会被计入“报单被动还是激进”的决策考量,factor into 作为因素计入；rebate 返佣，多数交易所付给流动性提供者，也有交易所反向操作（向提供者收费、向消耗者返佣）。
133,多义,the market can tend to run away from the trader,市场可能“跑掉”（价格越走越远追不上）,run away from 本句义指价格朝信号方向快速远离下单价；常见义“逃离”。动量类策略因此需要更激进的执行。
133,文化,standing in front of the steamroller,站在压路机前面,源自谚语“在压路机前捡五分硬币”，喻指均值回归式逆势交易赚小钱而冒被碾压的大险。
133,生词,illogical to fret over a few pennies per share,为每股几美分而纠结毫无道理,fret over 为小事焦虑、烦恼；pennies 美分硬币（枚数复数）。
133,多义,when many dollars are the upside,当上行空间是好多美元的时候,upside 本句义“潜在收益、上行空间”；常见义“上面、正面”。反义 downside 下行风险。
133,术语,there is some margin of safety,安全边际,报价中留出的缓冲空间，确保即便判断有误也不致吃亏；价值投资经典术语。
133,词组,A fairly common “middle ground”,一种相当常见的折中做法,middle ground 中间立场、折中方案；此处指在最优买卖价之间插价挂限价单。
133,术语,larger than the minimum tick size,大于最小报价单位,tick size 交易所允许的最小价格变动档位；只有买卖价差大于一档时才能在其间插价。
133,词组,the trader jumps to the front of the queue for executions,交易者插到成交队列的最前面,jump to the front of the queue 插队到队首；queue 排队、队列。
133,多义,the limit order caps the amount by which he is worse off,限价单给他多付的金额设了上限,cap 本句义动词“封顶、设上限”；常见义名词“帽子”。by which 指代吃亏的幅度；worse off 处境更差。
133,生词,In trading parlance,用交易行话来说,parlance 某一行业或群体的习惯说法；in common parlance 用通俗的话说。
133,术语,adding an order to the best bid or offer is known as joining it; placing an order that constitutes a new best bid or offer is known as improving,跟价挂单 / 改善报价,join 在现有最优价位加挂同价订单；improve 挂出优于现最优的价格、成为新的最优买/卖价。
134,术语,micro price or fair value for an instrument,微观价格,按订单簿买卖挂单量失衡加权修正后的“公允”瞬时价格，比简单中间价更精细。
134,术语,its last traded price,最新成交价,只反映别人刚做成的交易，不代表你现在能成交的价格，因此对交易决策用处有限。
134,多义,"the best bid has 10,000 units quoted, while the best offer has only 1 unit quoted",最优买价挂了1万个单位而最优卖价只挂了1个单位,quote 本句义“挂出（报价/数量）”；常见义“引用”。这种失衡说明买价比卖价更有参考意义。
134,术语,the imbalance between bids and offers in the limit order book,订单簿中买卖挂单的失衡,买卖两侧挂单量不对称，是推算微观价格与短期方向的重要信息。
134,生词,Given the plethora of exchanges and their rules,鉴于交易所及其规则名目繁多,plethora 过多、大量（正式，源自希腊语“过剩”）；a plethora of + 复数名词。
134,多义,other order types are retired,另一些订单类型被停用下线,retire 本句义“停用、使退役”；常见义“退休”。
134,术语,Hidden orders are a way to mask one’s limit orders from the market,隐藏订单,不在订单簿中显示的限价单；代价是同价位排队优先级低于可见订单。mask...from 对…隐藏。
134,词组,hide one’s hand,不亮底牌（隐藏买卖意图）,源自牌戏，hand=手中的牌；引申为不让对手看出自己的意图。
134,词组,he gives away a bit of information,他就泄露了一点信息,give away 本句义“（无意间）泄露”；常见义“赠送”。
134,生词,a broad-based sense of market impact,对市场冲击的总体感知,broad-based 基础广泛的、总体层面的；指整个市场依据当下买卖力量失衡形成的普遍判断。
135,术语,known as iceberging,冰山订单策略,把一张大单切成许多小单、大部分以隐藏单挂出，只露“冰山一角”。
135,词组,the bulk of the order is hidden from other traders,订单的主体部分对其他交易者不可见,the bulk of 主体、绝大部分；bulk 原义体积、大宗。
135,术语,Market-on-close orders,收盘市价单,指示经纪商在当日收盘集合竞价（closing auction）时段把订单作为市价单释放执行。
135,术语,Stop limit orders,止损限价单,待标的成交到预设触发价之后才进场挂出的限价单。
135,多义,There are also modifiers to orders,订单还可以加附加条件,modifier 本句义“附加指令、修饰条件”；语法术语中指修饰语。
135,术语,"“fill or kill,” “all or none,” and “good till canceled",FOK（全额立即成交否则撤单）/ AON（全额成交否则保留）/ GTC（撤销前有效）,FOK 必须立即全额成交否则自动撤单；AON 不能全额成交就原样保留、不自动撤；GTC 收盘不失效，长期有效直至手动撤销。
135,语法,"The more execution-intensive a strategy is, the more it matters for a given quant to stay abreast of the latest order types available",策略越是“执行密集型”，量化交易者就越有必要及时跟进最新的订单类型,"the more..., the more... 比较级双联结构；it 形式主语，真主语 to stay abreast of...（与…保持同步了解）；available 后置定语。"
135,术语,Intermarket Sweep Orders (ISOs),跨市场扫单指令（ISO）,允许合规交易者绕开慢速的官方合并订单簿、直接同时扫多个交易所价位的美股特殊订单类型。
135,术语,Regulation National Market System (NMS),全美市场系统规则（Reg NMS）,2007年实施的美股市场结构规则，要求各交易场所联动展示全国最优买卖价。
135,术语,A market is said to be locked when the best bid for a given ticker is equal to the best offer on that same ticker,锁定市场,最优买价等于最优卖价却无法互相成交的状态，Reg NMS 明令禁止；ticker 股票代码，代指个股。
136,难句,"However, because the piece of software that Reg NMS requires exchanges to use to communicate with one another regarding the aggregated limit order book is slow, the 3,000 share offer will not disappear immediately from the consolidated book.",然而，由于Reg NMS要求各交易所用来相互通报合并订单簿的那套软件运行缓慢，这笔3000股的卖单不会立即从合并订单簿中消失。,because 从句主语是 the piece of software，其后嵌套 that Reg NMS requires exchanges to use 定语从句与 to communicate... regarding... 不定式，主句在句末才出现。
136,术语,the consolidated book,合并订单簿,把各交易所行情汇总而成的全国统一订单簿，由官方信息处理系统生成，更新慢于交易所直连数据。
136,术语,direct data feeds from each exchange,来自各交易所的直连行情数据源,绕过官方合并行情、直接从每家交易所接收原始数据，速度远快于合并数据。
136,词组,anticipating that the price of WXYZ is set to rise,预计WXYZ的价格即将上涨,be set to do 即将、势必要；anticipate 预判并抢先行动，比 expect 多一层“提前应对”。
136,词组,let it suffice to say that it is extremely problematic,这里只需说：这是极成问题的,suffice 足够（正式）；let it suffice to say 不展开细说、点到为止。
136,术语,Broker-dealers have the right to recognize a given client’s ability,经纪自营商,兼具代客经纪（broker）与自营交易（dealer）双重身份的持牌机构。
136,术语,They perform their own compliance checks,他们自行完成合规检查,compliance 合规（遵守监管规则）；此处指自建更快的订单簿并自证符合 Reg NMS。
136,多义,allowed to use the ISO flag on their orders,获准在订单上打ISO标志位,flag 本句义“标志位、标记”（计算机用语）；常见义“旗帜”。
136,词组,"hit the offer of $100.00 on 3,000 shares",主动打掉100.00美元价位上3000股的卖单,hit 主动砸向对手挂单成交；hit the bid 打到买价卖出，与 lift the offer 成对。
136,生词,a large order costs disproportionately more to execute than a small order,大单的执行成本不成比例地高于小单,disproportionately 不成比例地；dis- 否定前缀 + proportion 比例。
136,词组,demand for liquidity starts eating into,对流动性的需求开始蚕食（越来越贵的流动性供给）,eat into 蚕食、逐步消耗；大单逐档吃掉订单簿深度，成交价越吃越差。
137,多义,spreading the orders out over a window of time,把订单摊开在一段时间窗口内分批下,spread out 摊开、分散；window 本句义“时间窗口”；常见义“窗户”。
137,多义,The exact size of the chunks that are sent to market,发到市场的每个子单“块”的具体大小,chunk 大块、切出的一段；计算机语境常指数据块。
137,多义,a highly attractive trade warrants taking on more of it quickly,高吸引力的交易值得快速多吃进一些仓位,warrant 本句义动词“使有正当理由、值得”；常见义名词“权证；搜查令”。take on 承接、建立（仓位）。
137,难句,"For example, a trader might find that taking whatever liquidity is available at the best offer (such as on a buy trade) and then waiting for others to step in and offer the same price a moment later, could allow the same volume of shares to be acquired at whatever the best offer was at the time that the first piece of the order was executed, rather than a worse average price achieved by sweeping through multiple levels of the order book.",例如，交易者可能发现：先吃掉最优卖价上现有的全部流动性（比如买入时），再等其他人稍后进场在同一价位重新挂卖，就能让同样数量的股票全部按第一笔成交时的最优卖价买到，而不是以扫穿订单簿多档价位换来的更差均价成交。,that 从句的主语是两个并列动名词短语 taking... and then waiting...；whatever the best offer was 名词性从句；rather than 引出对比对象；achieved by... 过去分词后置定语。
137,术语,smart order routing,智能订单路由,实时判断把订单发往哪个流动性池最有利的一整套决策逻辑。
137,生词,this regulation was enacted in 2007,该规则于2007年颁布实施,enact 颁布（法律法规）；en- 使动前缀 + act 法案。
137,生词,must be displayed by all pools of liquidity concurrently,必须由所有流动性池同时展示,concurrently 同时地、并行地；con- 共同 + current 正在进行的。
137,术语,many other markets in which a fragmented structure exists,许多存在碎片化结构的其他市场,fragmented 碎片化的，指同一标的分散在多个场所交易；in which 介词提前的定语从句。
138,生词,temporal or longer-lived differences between the various liquidity pools,各流动性池之间时间上短暂的或更持久的差异,temporal 时间性的（此处指转瞬的）；longer-lived 存续更久的，-lived 构成复合形容词。
138,术语,the depth of liquidity for a given name may vary tremendously,某只标的的流动性深度可能变化极大,depth 订单簿各价位挂单量的“厚度”；name 行话指“个股、标的”。
138,多义,Exchanges can be categorized as being lit or dark,交易所可分为“明”与“暗”两类,lit 本句义“公开显示报价的”（light 的过去分词转形容词）；dark 不显示任何挂单信息。
138,词组,takes the other side a large trade,接下一笔大单的对手盘,take the other side (of a trade) 充当交易的另一方；对手方即 counterparty。
138,难句,"Thinking back to what we described in Section 7.1.1, about the shape of an order book factoring into a prospective participant’s trading decision, giving no information about your order to the rest of the marketplace is clearly beneficial.",回想我们在7.1.1节所讲的——订单簿形态会被潜在参与者纳入交易决策——那么不向市场其他人透露你订单的任何信息显然是有利的。,thinking back to 现在分词短语作状语；the shape of an order book factoring into... 动名词复合结构；真正的主语是动名词短语 giving no information...。
138,多义,the term dark liquidity encapsulates any transactions that do not occur on the lit exchanges,“暗流动性”一词涵盖一切不在明交易所发生的成交,encapsulate 本句义“概括、涵盖”；本义“封装（入胶囊）”，计算机语境指封装。
138,术语,contractual market makers (CMMs),签约做市商,与券商签约、在场外直接成交散户订单流的做市商，这些订单从不进入交易所。
138,词组,Given the rise to prominence of dark liquidity pools,鉴于暗池流动性的迅速崛起,rise to prominence 崛起、变得举足轻重；given 介词“考虑到”。
138,词组,which has made for an interesting storyline to watch,这造就了一条值得关注的故事线,make for 促成、造就；storyline 情节线，喻指市场结构演变的“剧情”。
138,多义,there is a battle being waged between exchanges and dark pools,交易所与暗池之间正上演一场争斗,wage 本句义动词“发动、进行（战争、斗争）”；常见义名词“工资”。being waged 现在进行时被动。
139,术语,colocation,服务器托管；共置,把自己的交易服务器放进交易所同一数据中心，把物理传输距离压到最短以降低延迟。
139,术语,they add a fair amount of latency to the process,（DMA平台会给流程）增加相当多的延迟,latency 延迟，信号传输与处理的耗时；a fair amount of 相当多的。DMA 通常带来10–30毫秒延迟，托管可降到1毫秒以内。
139,生词,The reason for the desire for proximity,追求（物理）邻近的原因,proximity 邻近、接近（正式）；同根词 approximate 近似的。
139,多义,hosting servers in the same data centers,把服务器托管在同一数据中心,host 本句义“托管、放置（设备/服务）”（计算机用语）；常见义“主人；主持”。
139,术语,Financial Information eXchange (FIX) protocol,金融信息交换协议（FIX协议）,1992年始于富达与所罗门兄弟的电文标准，现为全球银行、资管与交易所电子交易通信的通用协议；实现该协议的软件称 FIX engine。
139,词组,the method of choice for real-time electronic communication,实时电子通信的首选方法,of choice 首选的、公认最合适的（如 the weapon of choice）。
139,文化,not all FIX engines are created equal,并非所有FIX引擎都生来平等（水平参差不齐）,仿美国《独立宣言》名句 all men are created equal 的句式。
139,多义,a fair number of quants land in each camp,相当多的量化机构分属两个阵营,land in 本句义“落入、归入”；camp 本句义“阵营”；常见义“营地”。指自建与外购两派。
140,术语,off-the-shelf order management systems (which process and manage trades),现成的订单管理系统（OMS）,off-the-shelf 货架现货、拿来即用的；OMS 负责处理和管理订单与成交记录。
140,生词,it is a more rigid process,这是一个更僵硬、缺乏灵活性的过程,rigid 刚性的、难以更改的；硬件一旦定制就难以改动，与软件的灵活相对。
140,多义,"make their algorithms, databases, and execution software leaner",把算法、数据库和执行软件做得更精简,lean 本句义“精简、无冗余的”（如精益生产 lean production）；常见义“倾斜；瘦”。
140,生词,more easily configurable,更易配置的,configurable 可配置的；configure 配置（软硬件参数）。Linux/UNIX 因此比 Windows 更受量化机构青睐。
140,多义,a categorically faster processor,速度快出一个档次的处理器,categorically 本句义“绝对地、整整一个类别地”；常见义“断然地（否认）”。
140,词组,have been pressed into service for many applications,被征用于许多用途,press into service 强征来用、临时启用（原指强征入伍）。
140,难句,"Since then, Graphics Processing Units (GPUs), which drive the video cards found in our computers, have been pressed into service for many applications, from bitcoin mining to large language models (LLMs) and also to quant investing, because GPUs are designed to operate in a massively parallel manner, which make tasks like training machine-learning models much faster.",自那以后，驱动电脑显卡的图形处理器（GPU）被征用于从比特币挖矿到大语言模型（LLM）再到量化投资的诸多用途，因为GPU天生为大规模并行运算而设计，这使得训练机器学习模型之类的任务快得多。,which drive... 非限定性定语从句插入主谓之间；from... to... and also to... 三项列举；massively parallel 大规模并行；句末 which 指代前述设计特性。
140,术语,"Both brokers and execution vendors do, in fact, charge",（执行服务）供应商,vendor 供应商、卖方；do + 动词原形表强调（确实收费）。
141,语法,more times as much per share to trade through a third party’s algorithms than to trade using one’s own,通过第三方算法交易，每股成本往往是用自家算法的五倍以上,cost five or more times as much... than... 倍数 + as much 的比较结构（规范写法用 as...as，此处口语化接 than）；using one's own 方式状语。
141,词组,Execution is where the rubber meets the road for a quant system,执行是量化系统“见真章”的实战环节,where the rubber meets the road 轮胎接触路面之处，喻理论接受实践检验的关键点。
141,多义,those managing significant sums,管理大额资金的人,sum 本句义“金额、款项”；常见义“总和”。significant 此处=数额可观的。
141,生词,a fruitful area of research,富有成果的研究领域,fruitful 多产的、富有成效的，fruit（果实）的引申。
141,生词,our stroll through inside of the black box,我们在黑箱内部的这番漫步,stroll 悠闲的散步，喻全书对黑箱各模块的逐一巡览。
141,术语,clearing fees also apply for management of settlement and holding positions for clients as a custodian,清算费,clearing 清算（成交后的对账与交收安排）；settlement 结算交割；custodian 托管人，代客保管头寸与资产的机构。
141,术语,Stock loan fees also sometimes create revenue,券源借出费,经纪商把股票借给做空者收取的费用，是其客户业务的收入来源之一。
141,生词,The term “locked” is itself a misnomer,“锁定”一词本身就是个误称,misnomer 名不副实的叫法；mis- 错 + -nomer 命名（同源 nominate）。锁定市场并无冻结之意，只是买卖价差为零。
142,术语,a Securities Information Processor (SIP),证券信息处理系统（SIP）,汇总各交易所报价、生成官方合并行情的软件系统；美股中如 UQDF 与 CQS。
142,术语,Unlisted Trading Privilege,非上市交易特权（UTP）,允许交易所交易未在本所上市的证券（此处指纳斯达克上市股票）的制度安排。
143,生词,old adage,格言；谚语,adage 指流传已久的老话；近义词 proverb、saying；old adage 是习惯搭配。
143,术语,input/output model,输入/输出模型,源自计算机科学的概念：系统接收输入、经内部处理产生输出；同样的输入应产生一致的输出。
143,生词,econometricians,计量经济学家,econometrics（计量经济学）＝economy＋metrics，用统计方法研究经济数据；-ician 表从业者，如 statistician。
143,词组,On receipt of these data,一收到这些数据,on receipt of＝as soon as ... is received，正式书面用法；类似结构 on arrival、on request。
143,难句,"On receipt of these data, the black box processes them for use by the alpha, risk, transaction cost, portfolio construction, and execution models that constitute the internal organs of the quant trading machine.",一收到这些数据，黑箱就对其进行处理，供构成量化交易机器“内脏”的阿尔法、风险、交易成本、组合构建和执行模型使用。,主干 the black box processes them；for use by... 说明用途；that constitute... 定语从句修饰五个并列的 models；them 指代前文 these data。
143,多义,the internal organs of the quant trading machine,量化交易机器的内脏,organ 本句义“器官”（比喻各模型是机器的内部器官）；常见义还有“风琴；机构刊物”。
143,术语,data feed handlers,数据接收处理程序,把外部数据源推送的原始数据转换成系统内部可存储、可使用格式的软件模块。
144,词组,It is difficult to overstate the importance of data,数据的重要性怎么强调都不为过,overstate＝夸大其词；difficult/hard to overstate 是常见修辞：无论说得多重都不算夸张；反义 understate。
144,多义,dictates what you can do with the system,决定；硬性规定,dictate 本句义“决定、支配”（主语是物）；常见义“口述；发号施令”。
144,语法,To the extent that you are given data that focus on macroeconomic activity,只要你拿到的是聚焦宏观经济活动的数据（在此限度内）,to the extent that 引导条件状语：“在…成立的限度内”；主句结论的适用程度取决于该条件成立的程度。
144,难句,"U.S. GDP data, even if these give you some small clue about the consumption of corn, will also tell you very little about what is happening in corn futures: besides the small correlation that may exist between GDP growth and corn consumption, there is no information in GDP data about the supply side of the equation.",美国GDP数据即便能给你一点关于玉米消费的线索，也几乎说明不了玉米期货正在发生什么：因为除了GDP增长与玉米消费之间可能存在的微弱相关外，GDP数据里没有任何关于供给端的信息。,主干 U.S. GDP data ... will tell you very little about...；even if... 为插入的让步从句；冒号后解释原因；the supply side of the equation 比喻“问题的供给一端”。
144,生词,an important determinant,重要的决定因素,determinant＝决定性因素（名词）；动词 determine；形近词 determined（坚定的）。
144,词组,go about doing it,着手去做；具体开展,go about doing sth＝处理、开展某事，侧重“怎么下手”；比 do 更强调方式方法。
144,文化,the failure of the Mars Climate Orbiter (MCO) in 1999,1999年火星气候探测器坠毁事件,NASA 探测器因两个团队分别使用公制（牛顿）与英制（磅力）单位、数据未换算而偏离轨道烧毁，成为“坏数据毁掉好系统”的经典案例。
145,生词,thrusters,推进器,thruster＝航天器上用于调整姿态和轨道的小型发动机；动词 thrust（推）。
145,词组,the satellite drifted off course,卫星偏离了航线,drift＝不受控地缓慢漂移；off course＝偏离既定路线；辨析 of course（当然）。
145,词组,In the aftermath,在事件之后；善后阶段,aftermath 特指灾难、重大事件之后的一段时期及其后果；常用 in the aftermath of。
145,生词,countless squandered hours of research,被白白浪费的无数研究时间,squander＝挥霍、糟蹋（时间、金钱、机会）；比 waste 更强调可惜地浪费掉。
145,难句,"If the data have serious problems, it will be impossible to tell whether a system being tested, no matter how sophisticated the testing nor how elegant the model, is good or bad.",如果数据本身有严重问题，那么无论测试多么精密、模型多么优雅，都不可能判断被测系统是好是坏。,whether 从句的主语 a system being tested 与表语 is good or bad 之间插入 no matter how... nor how... 让步结构，造成割裂；nor 承接否定并列。
145,生词,interconnectedness,相互关联性,inter-（相互）＋connected＋-ness；指黑箱各组件看似独立、实则彼此牵连的性质。
145,生词,seemingly disparate pieces,看似互不相干的各个部分,disparate＝迥异的、彼此不相干的；形近词 desperate（绝望的）。
145,生词,intentionally discretizing what could be more integrated,有意把本可更一体化的东西拆成离散模块,discretize＝离散化，把连续整体切分为独立单元；形容词 discrete（分立的），辨析 discreet（谨慎的）。
146,多义,the dispersion of individual stock prices,个股价格的离散度,dispersion 本句义为统计上的“离散程度”——个股走势彼此分化的幅度；常见义“驱散；散布”。
146,术语,order book,订单簿,某一标的在交易时段内全部买卖挂单（含价格与数量）的连续记录。
146,术语,all bids and offers,全部买盘报价与卖盘报价,bid＝买方出价，offer（ask）＝卖方要价；两者及各自数量构成订单簿的内容。
146,难句,"However, what all types of data have in common is that they are expected to hold some usefulness in helping to determine the price of an instrument in the future, or at least to describe the instrument in the present.",不过，所有类型的数据都有一个共同点：人们期望它们对判断某一标的未来的价格有些用处，或至少能刻画该标的当前的状况。,主语是 what 引导的名词性从句；表语为 that 从句；hold usefulness in doing＝在…上有用处；or at least 引出退一步的并列。
146,生词,a reasonable taxonomy of fundamental data,一套合理的基本面数据分类体系,taxonomy＝分类学、分类框架；源于生物学物种分类，引申为对任何事物的系统归类。
146,术语,"financial health, financial performance, financial worth, and sentiment",财务健康、财务业绩、财务价值与情绪,基本面数据最常见的四类：偿债与资产负债状况、盈利表现、内在价值指标、市场参与者的看法。
146,术语,ratios of accruals to total revenue,应计项目与总营收之比,accruals＝应计项目，按权责发生制入账但尚无现金流对应的科目；占比高低常被用作盈利质量信号。
146,术语,the implied volatility of the options on a stock,（个股期权的）隐含波动率,由期权市场价格反推出的波动率预期，此处被归为情绪类数据。
147,术语,in-house data,自有数据,机构自身交易活动产生的内部数据（如历史成交记录），可用于校准交易成本模型等。
147,术语,fill prices,成交价格,fill＝订单被执行成交；fill price 即每笔订单实际成交到的价格。
147,词组,fine-tuning a transaction cost model,微调（交易成本模型）,fine-tune＝细致调校使其更精准；源于乐器的精细调音。
147,术语,meta-data,元数据,描述其他数据的数据（如证券标识、分类信息），是正确使用主数据的前提。
147,术语,security master,证券主档,把各数据商对同一证券的不同标识映射到统一内部标识的主文件。
147,生词,It is not immutable over time,它并非一成不变,immutable＝不可变的（im- 否定＋mutable 可变的）；同根词 mutation（变异）。
147,词组,flesh out the nascent category,把这个新兴类别展开细述,flesh out＝给骨架“添肉”、充实细节；flesh 本义为肉。
147,生词,nascent,新兴的；萌芽期的,指刚出现、尚未成形的事物；源自拉丁语“出生”，同根 renaissance（复兴）。
147,词组,brought to bear,投入运用到,bring sth to bear (on)＝把资源、力量施加于某处；bear 此处不是“忍受”。
147,术语,web scraping,网页抓取,用程序自动从网页提取机器可读数据的技术；scrape 本义“刮取”。
147,术语,anonymized clickstreams,匿名化点击流,clickstream＝用户在网上连续点击行为的轨迹数据；匿名化后作为另类数据出售。
147,术语,prime brokerages,主经纪商,为对冲基金提供融资、托管、清算等一揽子服务的投行部门；此处指它们把客户汇总的情绪与资金流数据卖给其他客户。
149,词组,It bears noting that,值得一提；值得注意的是,bear noting/mentioning＝值得被提及；bear 此处义为“承受得起、配得上”。
149,生词,subtle cues of intonation,语调中的细微线索,intonation＝说话的语调起伏；cue＝暗示、提示信号（辨析 queue 队列）。
149,多义,figure prominently,占据重要位置,figure 本句为动词“占有一席之地、出现”；常见义为名词“数字；人物；图表”。
149,语法,"as these techniques have advanced and matured, so has the number of potential datasets available to quant firms exploded",随着这些技术不断进步成熟，量化公司可用的潜在数据集数量也随之爆炸式增长,"as..., so＋助动词＋主语 的倒装结构，表“随着…，…也同样”；正常语序为 the number ... has exploded。"
149,术语,alternative data,另类数据,传统行情与财报之外的新型数据源（卫星图像、信用卡消费、网络流量等）。
149,难句,"In general, the so-called “alternative data” game remains largely an exercise in getting faster and more robust indicators of sentiment (or other types of fundamentals already described), so we believe that sources such as this are still fundamental in nature.",总体而言，所谓“另类数据”这场游戏，很大程度上仍是在寻找更快、更稳健的情绪指标（或前述其他类型的基本面指标），因此我们认为这类数据源本质上仍属基本面数据。,主干 the game remains an exercise in...；exercise in doing＝一场…的活动；括号补充并列对象；so 引出结论从句；in nature＝就本质而言。
149,生词,This is not to diminish the ingenuity,这并非要贬低（他们的）巧思,ingenuity＝独创性、巧妙才思；辨析 ingenuous（天真坦率的）、genius（天才）。
149,生词,"on the cadence of weeks, months, or quarters",以周、月或季度的节奏（发布）,cadence 本义音乐的节奏、韵律，引申为事件发生的固定频率。
149,生词,discern,辨识；洞察,＝看出、识别出不明显的差别；名词 discernment，形容词 discernible（可辨识的）。
149,生词,these differing periodicities,不同的（数据）更新周期,periodicity＝周期性、出现频率；行情类数据高频刷新，基本面数据按周、月、季更新。
149,词组,a handy rule of thumb,好用的经验法则,rule of thumb＝凭经验的粗略法则，非精确规定；handy＝顺手好用的。
149,术语,raw data from the primary sources,来自一手数据源的原始数据,primary source＝数据的原始产生方（交易所、监管机构、政府等）；与二手、三手数据商相对。
150,难句,"It would require building connectivity to every primary source, and if we are speaking about trading multiple types of instruments (e.g., stocks and futures) across multiple geographical markets and exchanges, the number of data sources can explode.",这需要与每一个一手数据源建立连接，而如果要跨多个地域市场和交易所交易多类工具（如股票和期货），数据源的数量就会爆炸式增长。,"and 连接两个分句；第二分句内嵌 if 条件从句，插入语 (e.g., stocks and futures) 举例；explode 此处喻数量激增。"
150,术语,timestamps,时间戳,标记每条数据产生或到达时刻的记录，是排序与回测的关键。
150,术语,open interest,未平仓合约量,期货、期权市场上尚未平仓的合约总数，反映市场参与规模。
150,术语,short interest,空头持仓量,某只股票当前被卖空且尚未回补的股数。
150,多义,licensing out,对外授权（出售数据使用权）,license 本句为动词“发放使用许可以收费”；常见义为名词“执照”。
150,术语,client order flows,客户订单流,经纪商客户的下单方向与规模信息，可用于推断技术情绪。
150,生词,unwittingly,不知不觉地；并非有意地,un-＋witting（知情的）；指网站“无意中”向爬虫提供了数据；辨析 unwillingly（不情愿地）。
151,词组,a sneak peak as to which companies,提前一窥哪些公司（更可能超预期）,sneak peek＝抢先看、先睹为快（原文拼作 peak，标准拼法是 peek）；as to＝关于。
151,词组,beat or miss earnings expectations,盈利超出或不及预期,beat＝好于分析师预期，miss＝差于预期；财报季高频表达。
151,生词,innumerable,数不清的,in-（否定）＋numerable（可数的）；＝countless。
151,生词,proliferate,激增；不断扩散,指数量快速增多、蔓延；名词 proliferation（如 nuclear proliferation 核扩散）。
151,多义,these are largely generic,这些（模型）大多是通用的,generic 本句义“通用而非定制的”；常见义“无品牌的；泛泛的”（如 generic drugs 仿制药）。
151,难句,"More interestingly (and less commonly), one can juxtapose different alpha’s signal strengths with the transaction costs of the resulting trades, or even the simple profitability of that trade to garner further insights from such house-generated data.",更有意思（也更少见）的做法是：把不同阿尔法的信号强度与相应交易的交易成本、甚至该笔交易的直接盈亏并置对比，从这些机构自产数据中获得更多洞见。,"主干 one can juxtapose A with B, or even C；transaction costs 与 the simple profitability 并列作 with 的宾语；to garner... 表目的；插入语 (and less commonly) 补充语气。"
151,生词,juxtapose,并置对比,把两样东西摆在一起以作比较；名词 juxtaposition（并列对比）。
151,生词,garner further insights,收获更多洞见,garner＝收集、赢得（原义把谷物入仓）；常见搭配 garner support/attention。
151,词组,glean the effects,一点点搜集（自己对市场造成的）影响,glean 原义拾麦穗，引申为费力地一点点收集信息、探知情况。
151,术语,secondary data vendors,二级数据商,把一手来源的数据整理成统一数据库后再授权出售的供应商。
151,术语,a SEDOL code,SEDOL 证券识别码,伦敦证交所每日官方清单代码，英国和爱尔兰股票的证券标识符。
152,文化,the Olive Garden,橄榄园（美国连锁意式餐厅）,Darden Restaurants 旗下品牌，同门还有 Ruth’s Chris、The Capital Grille；作者以信用卡数据推断母公司业绩为例。
152,多义,the bottom line,净利润；最终盈亏,本句义为损益表最后一行的“净利润”；常见义“底线；要点”。
152,词组,roll them up correctly,把它们正确地逐级汇总,roll up＝把分项数据向上聚合成总数；此处指把各品牌数据汇总到母公司层面。
152,术语,back-testing,回测,用历史数据模拟检验策略过去表现的过程。
152,词组,still other firms have cropped up,还有另一些公司冒了出来,crop up＝突然出现、涌现（如庄稼冒头）；still other＝除此之外还有的。
152,术语,tertiary data vendors,三级数据商,对接众多一二级数据商、提供统一访问并维护证券主档的供应商；tertiary＝第三级的。
152,多义,presently,稍后；一会儿,本句义“不久之后（将讨论）”；常见义“目前、现在”；两义并存，需靠语境判断。
152,语法,"as much benefit as they offer in terms of ease, tertiary data vendors do add another layer between the quant and the original data",尽管三级数据商在便利性上好处多多，但它们确实在量化机构与原始数据之间又加了一层。,as much benefit as they offer＝though they offer much benefit，让步倒装结构；do add 中 do 表强调。
152,生词,egregious,极其明显、严重的（问题）,专指坏事坏得离谱、触目惊心；如 egregious error（重大错误）。
152,词组,as we alluded to already,正如我们已经提到的,allude to＝间接提及、暗指；名词 allusion（暗指、典故），辨析 illusion（幻觉）。
153,多义,the system has nothing to go on,系统没有任何可依据的东西,go on 本句义“依据、凭借”（多用于 nothing/little to go on）；常见义“继续；发生”。
153,多义,by withholding just some portion of the data,只缺失/扣下一部分数据,withhold 本句义“未提供、扣住不给”；金融语境常见义“预扣”（withholding tax 预提税）。
153,生词,erroneous computations,错误的（计算）,erroneous＝含有错误的；名词 error；重音在第二音节。
153,生词,act rashly,轻率行事,rash＝鲁莽草率的（另一名词义“皮疹”）；rashly＝未经深思地。
153,难句,"However, there is a very different implication to the model thinking the price is now zero (e.g., if we were long the instrument, we’d be showing a 100 percent loss on the position) versus thinking that the price is unknown at the moment.",然而，模型“认为价格现在是零”（例如若我们持有多头，就会显示头寸亏损100%）与“认为价格暂时未知”，两者的含义截然不同。,"implication to A versus B 结构：A、B 是两个动名词复合结构（the model thinking...）；括号内为虚拟条件句 if we were..., we’d be...。"
153,术语,interpolate,插值,利用缺失点前后的已知数值推算中间合理值的方法；辨析 extrapolate（外推）。
153,术语,back-fill missing data points,回填缺失数据点,用推算值补齐历史数据库中缺失记录的做法，主要用于历史数据而非实时数据。
154,多义,advertise itself as being anything other than pounds,标明自己不是以英镑计价,advertise 本句义“表明、显示（自身属性）”；常见义“做广告”；anything other than＝除…以外的任何东西。
154,生词,problems can abound,问题会层出不穷；比比皆是,abound＝大量存在（不及物动词）；abound in/with＝盛产。
154,难句,"This can result in the model being told that the price has spiked dramatically upward, which can cause all sorts of other mayhem (e.g., a naïve system without data checks might want to short the stock aggressively if it suddenly and inexplicably jumped 100X in an instant).",这会让模型误以为价格剧烈飙升，进而引发种种混乱（例如，一个没有数据校验的天真系统看到价格瞬间莫名暴涨100倍，可能会想激进地做空这只股票）。,result in＋动名词复合结构 the model being told...；which 指代前面整件事；括号内 if 条件句说明触发情形；inexplicably＝莫名其妙地。
154,词组,cause all sorts of other mayhem,引发种种混乱,mayhem＝大混乱、乱局；常与 cause/create 搭配。
154,术语,bad prints,坏点；错误成交记录,print 指交易所打出的一笔成交记录；bad print 即从未真实发生或记录有误的数据点。
154,术语,a spike filter,尖峰过滤器,监测异常巨大的瞬间价格跳动并将其平滑或剔除的数据清洗工具。
154,词组,smooth these out,把这些（尖峰）抹平,smooth out＝平滑掉、消除起伏；与 eliminate altogether（彻底剔除）相对。
154,词组,regained virtually all that ground in a matter of seconds,在短短几秒内收复了几乎全部失地,regain ground＝收复失地（军事比喻）；in a matter of seconds＝仅仅几秒之内。
155,多义,A spike filter might well have called this a bad print,（过滤器）很可能会把这判定为坏点,might well have done＝很可能已经/本来很可能会；call A B 此处义“把A判定为B”，非“打电话”。
155,难句,"Still another common approach, though useful only if there is more than one source for a given piece of data, is to cross-check a data set given by one provider against one provided by a second source.",还有一种常见做法——尽管只有当同一数据有不止一个来源时才可行——是把一家供应商给的数据集与第二家来源提供的数据集交叉核对。,主干 Still another common approach is to cross-check A against B；though useful only if... 为让步插入语，割裂主系表；given by 与 provided by 两个过去分词短语分别修饰两个数据集。
155,词组,cross-check,交叉核对,用另一独立来源的数据验证同一数据点；check A against B＝拿A对照B核验。
155,词组,a whole other ball of wax,完全是另一码事,美式习语，＝a completely different matter；whole other 口语强调“完全另外的”。
155,多义,not be actionable,不可据以行动（交易）的,actionable 本句义“可据以实际操作、成交的”；法律语境常见义“可提起诉讼的”。
155,多义,discount it,对它打折扣看待；不予重视,discount 本句为动词“降低其可信度、忽略”；常见义为名词“折扣”。
155,术语,corporate actions such as splits and dividends,拆股、分红等公司行为,corporate action＝影响股本或股价的公司事件（拆股、分红、并购等），历史数据须相应复权调整。
155,术语,adjust the back-history,调整历史价格序列（复权）,back-history＝向前回溯的历史数据；拆股后若不调整历史序列，价格会出现虚假跳空。
156,多义,the time series is shuffled,时间序列的顺序被打乱,shuffle 本句义“打乱次序”；常见义“洗牌；拖着脚走”。
156,难句,"But to do so requires storing one’s own data reliably in real time and writing software to check the timestamp of each and every data point against a system clock in a way that doesn’t slow the system down too much, making this a difficult problem to address.",但要做到这一点，就需要实时可靠地存储自有数据，并编写软件把每一个数据点的时间戳与系统时钟核对，同时还不能让系统慢太多——这使它成为一个棘手的难题。,主语为不定式 to do so；requires 后接两个并列动名词 storing... and writing...；in a way that... 定语从句限定核对方式；结尾 making... 分词短语表结果。
156,术语,look-ahead bias,前视偏差,回测时错误地使用了当时不可能获得的信息所导致的偏差，会虚增策略的历史表现。
156,词组,getting yesterday’s news the day before yesterday,前天就拿到昨天的新闻,对前视偏差的形象说法：误以为自己能在信息发布之前就知道它。
156,生词,asynchronicity,（数据中的）异步性,a-（非）＋synchronicity（同步性）；指数据的记录时点与实际可获得时点不一致，或各市场收盘时间错开。
156,术语,known as 10-Qs,10-Q季报,美国上市公司每季度向SEC提交的财务报告；年报为10-K。
156,术语,the consensus of the analyst community,分析师群体的一致预期,consensus (estimate)＝各家分析师预测的汇总平均值，作为“预期”基准，实际值与之比较产生盈利意外。
156,术语,a strongly positive surprise,强烈的正面盈利意外,earnings surprise＝实际公布值偏离一致预期的幅度；超预期为 positive，不及预期为 negative。
157,难句,"In the back-test, she sees that her model buys Acme in April because its P/E ratio looks appealing from April 1 onward, given the $1-per-share earnings result, even though the model would not have known about the $1 earnings figure until May 1 if she had been trading back then.",在回测中她看到模型4月就买入了Acme——因为按每股1美元的盈利结果，其市盈率从4月1日起就显得很诱人——尽管若她当年真在交易，模型要到5月1日才可能知道这个1美元的盈利数字。,主干 she sees that...；because 从句说明买入原因；given...＝考虑到；even though 让步从句内含对过去的虚拟 would not have known... if she had been trading。
157,术语,the revision history,（数据的）修订历史,宏观数据发布后常被多次修正；不追踪各版本的发布时间就会引入前视偏差。
157,术语,making a Type I error,犯第一类错误,Type I error＝接受假阳性：把实际无效的假设当成有效（误信策略可行）。
157,多义,profitable and sound,既赚钱又稳健,sound 本句为形容词“健全的、可靠的”（如 sound advice）；常见义为名词“声音”。
157,术语,put an artificial lag on the data,给数据加上人为滞后,故意延迟模型“看到”数据的时间，使回测符合当年实际可知的信息时点。
157,生词,the stocks that comprise the S&P 500 index,构成标普500指数的成分股,comprise＝组成、构成整体；辨析 compose、consist of；成分股为 constituents。
157,多义,the S&P 500 rallied,标普500指数强力反弹,rally 本句义“（价格）止跌回升”；常见义“集会；团结”。
158,词组,make up ground,试图追回失地；补涨,make up＝弥补；ground＝（涨跌的）阵地、幅度；常用于落后市场的补涨行情。
158,语法,These are but a few examples,这些只不过是少数几个例子,but 此处＝only，副词用法，正式书面语；同族 all but（几乎）。
158,词组,seeps into the process of research,悄悄渗入研究过程,seep＝（液体）渗漏，引申为不知不觉地渗透进来。
158,生词,its myriad forms,它的无数种形态,myriad＝极多的（原义一万）；a myriad of＝大量的。
158,术语,the flat file,平面文件,二维表状的最简数据库（类似电子表格），无复杂结构、检索开销小。
158,生词,loved for their leanness,因其精简轻量而受青睐,leanness＝精瘦、无冗余；lean 形容组织或系统精简高效（如 lean startup 精益创业）。
158,多义,very little baggage or overhead to slow them down,几乎没有拖慢系统的负担或开销,baggage 本句喻“累赘”（常见义“行李”）；overhead 本句为计算机术语“额外开销”（常见义“管理费用”）。
158,生词,in a sequential manner,以顺序方式（逐行检索）,sequential＝按先后次序的；名词 sequence；顺序扫描大文件很慢，故需索引。
158,术语,indexed flat files,带索引的平面文件,给平面文件附加索引结构，使检索大文件时不必逐行扫描。
158,词组,cheat sheet,小抄；速查表,原指考试作弊的小纸条，引申为快速查找的参考摘要；此处比喻数据库索引。
158,术语,relational database,关系型数据库,通过表间关系组织数据的数据库，属性改一处即可全局生效，但检索可能较慢。
158,生词,the countries of their domicile,（公司）注册地所在国,domicile＝正式住所、注册地（法律用语）；动词义“定居”。
158,难句,"But in reality, every time there is a corporate action, a merger, or any other event that would cause us to want to modify the record for a single stock in any one of these tables, we have to remember to update all of them.",但在现实中，每逢发生公司行为、并购或其他任何需要我们修改某只股票在其中任一张表里记录的事件，我们都得记着把所有表全部更新一遍。,every time 引导时间状语从句；event 后接 that would cause us to want to modify... 长定语从句；主句 them 指代前面的 tables。
159,生词,slow and cumbersome,迟缓笨重的,cumbersome＝繁琐笨重、不便使用；同根 encumbrance（负担、妨碍）。
159,术语,a data cube,数据立方体,把每一天所有标的、所有属性的取值存成三维表的关系型数据库变体，以固化关系换取一致性。
159,难句,"In other words, it hardwires certain relationships; furthermore, by keeping all attributes of each instrument available every day, there is no need to search for the last available data point for a given attribute and security.",换言之，它把某些关系固定死了；而且，由于每天都保留每个标的的全部属性值，就无需再去搜寻某一属性和证券最近一次可得的数据点。,分号连接两个并列句；by keeping...＝方式状语“通过每天保留…”；there is no need to do＝无需做某事。
159,多义,it hardwires certain relationships,把某些关系“写死”/固化,hardwire 本义硬件线路直连，引申为把逻辑固定死、不可灵活更改。
159,生词,querying the data,查询数据,query＝（向数据库）查询、质询；名词动词同形；此处为动名词。
159,术语,MapReduce,MapReduce（分布式计算框架）,把存储在多台设备上的超大数据集拆成多路并行流处理的编程模型，适用于社交媒体、刷卡记录等海量数据。
159,多义,data are scarcely the most exciting part,数据绝算不上（策略中）最有趣的部分,scarcely 本句义“几乎不、绝非”；常见义“勉强、刚刚”（scarcely ... when 刚…就）。
159,多义,so integral and critical,如此不可或缺且关键,integral 本句义“不可或缺的、构成整体所必需的”；数学中义为“积分（的）”。
160,生词,ostensibly,表面上；名义上,表面看来如此（暗示实际未必）；此处指SEDOL“号称”唯一的识别码。
160,术语,CUSIP,CUSIP 证券识别码,美国统一证券识别程序委员会编码，主要用于美国和加拿大股票；类似的国际编码为 ISIN。
160,术语,split effect,拆股效应,一种理论：因投资者偏好名义低价股，拆股后股价跌幅往往小于按拆股比例应有的幅度。
160,多义,nominally lower-priced stocks,名义价格更低的股票,nominally 本句义“票面数字上”（拆股后单价变低但价值不变）；常见义“名义上的、有名无实的”。
160,术语,a Type II error,第二类错误,接受假阴性：把实际有效的假设当成无效（误弃本来可行的策略）；与第一类错误（误信假阳性）相对。
161,难句,"It is in large part because of a well-designed, rigorous, and tireless research program that the best quants earn their laurels.",顶尖量化机构之所以能赢得声誉，很大程度上正是因为设计精良、严谨且永不停歇的研究体系。,It is ... that ... 强调句：把 because of a well-designed... research program 整个原因状语放入强调框架；earn their laurels（赢得荣誉）为习语。
161,词组,earn their laurels,赢得荣誉/声望,laurel 本义月桂冠；rest on one's laurels（吃老本）同源；此处指靠实绩挣得名望。
161,词组,hold true throughout the black box,（这些原则）在黑箱各环节都同样成立,hold true=保持有效、依然适用；throughout 强调贯穿始终。
161,生词,scrutinize (a well-conceived investment strategy),严格审视；细察,与名词 scrutiny 同族；比 examine 更强调逐项细查、挑剔检验。
161,多义,a long-term course of action,长期的行动方案,本句义：course=方针、路线（course of action 固定搭配）；常见义：课程、航向、一道菜。
161,词组,adherence to the scientific method,对科学方法的恪守,adhere to（遵守、坚持）的名词形式；形近词 coherence（连贯）勿混。
162,词组,led astray by wishful thinking and emotion,被一厢情愿和情绪引入歧途,lead astray 常用被动=被带偏离正道；wishful thinking=把'希望为真'当成'确实为真'的一厢情愿。
162,难句,"But rather than looking to “prove” a theory, properly done science seeks to find the opposite of the consequences deduced, which would therefore disprove the theory.",但规范的科学不是设法'证明'一个理论，而是设法找到与推出的推论相反的证据，从而推翻这个理论。,rather than looking to... 与主句 seeks to find 对照；the consequences deduced 为过去分词后置定语；which 指代整个做法，therefore 点明其效果。
162,生词,the eminent philosopher of science,杰出的；德高望重的（科学哲学家）,eminent 形容声望卓著；形近词 imminent（迫在眉睫的）勿混。
162,术语,labeled this technique falsification,证伪,波普尔的科学哲学概念：科学理论只能被反例推翻（证伪），不能被最终证明；未被证伪的理论只是'暂时可接受'。
162,生词,superseded by Einstein’s general relativity theory,被爱因斯坦广义相对论取代,supersede=取而代之（正式语）；注意拼写是 -sede 而非 -cede。
162,生词,known celestial bodies,已知天体,celestial=天空的、天界的；celestial bodies 统称恒星、行星等。
162,生词,the outskirts of galaxies,星系的外缘,outskirts 常指城市郊区，此处引申为边缘地带；惯用复数。
162,词组,lo and behold,瞧！果不其然,固定感叹语，带戏谑口吻，引出多少在意料之中的结果。
163,多义,warrant risking some capital,足以让人值得拿一部分资金去冒险,本句义：warrant（动词）=使…有正当理由、值得；常见义（名词）：搜查令、保证书。
163,生词,the changing whims of the aggregate psychology,（市场）整体心理反复无常的念头,whim=一时兴起的任性念头；aggregate psychology 指投资者群体心理的总和。
163,难句,"Whether from regulatory changes, the changing whims of the aggregate psychology of investors and traders, the constant competition for alpha among traders, or whatever other phenomena, the markets are in fact highly dynamic processes.",无论是源于监管变化、投资者与交易员整体心理的反复无常、交易者之间对阿尔法的持续争夺，还是其他任何现象，市场实际上都是高度动态的过程。,"Whether from A, B, C, or D 四个并列介词宾语构成让步状语，真正的主句是句末 the markets are...；whatever other phenomena 为兜底表达。"
163,生词,ensure that their research output is prolific,多产的；源源不断的,prolific 原指作家、物种高产，此处指研究产出必须持续大量。
163,生词,postulated (that one could build a system),假定；提出主张,postulate=不加证明地设定为前提（学术语）；名词义为'公设'。
163,词组,ride the wave,乘势骑浪；顺势而为,字面'骑浪'，指趋势启动后顺势持有获利。
163,生词,forethought,深谋远虑；事先的筹划,fore-（预先）+thought；与 afterthought（事后才想到的东西）相对。
164,多义,spawned an industry,催生了一个行业,本句义：spawn=催生、衍生出；常见义：（鱼类）产卵。
164,词组,replete with papers on a massive array of topics,满是涉及大量主题的论文,replete with=充满（正式语）；a massive array of=一大批。
164,多义,attempt to “fudge” their companies’ earnings,试图给公司盈利'做手脚'、粉饰,本句义：fudge=蒙混、篡改；常见义（名词）：乳脂软糖。
164,多义,strategies in their arsenal,（策略）武器库,本句义：arsenal 喻指可用手段的储备；本义：兵工厂、军火库。
164,生词,scouring academic journals,地毯式翻查学术期刊,scour=彻底搜寻；另一义'用力擦洗'，此处取搜寻义。
164,生词,glean ideas that can be tested,一点点搜集可供检验的想法,glean 原指拾麦穗，引申为零星、辛苦地收集信息。
164,术语,mean variance optimization,均值-方差优化,马科维茨提出的组合构建算法：在预期收益（均值）与风险（方差）之间求最优权衡。
164,语法,"For all the research that has been done on portfolio construction over the decades since Dr. Markowitz’s paper was published, his technique and variants of it remain key tools in the toolbox of quant trading.",尽管马科维茨论文发表后的几十年里组合构建研究层出不穷，他的方法及其变体仍是量化交易工具箱里的核心工具。,句首 For all+名词=尽管、虽然（让步）；that has been done... 为定语从句；variants of it 指该方法的各种变体。
164,术语,noncompete and nondisclosure agreements,竞业禁止协议与保密协议,"限制离职员工去竞争对手工作（noncompete）和泄露机密（nondisclosure, NDA）的合同。"
164,词组,cut his teeth at Morgan Stanley’s statistical arbitrage prop trading desk,在摩根士丹利统计套利自营交易部'出道'、积累最初经验,cut one's teeth=长乳牙，喻指入行练级的起点。
164,文化,a group of new traders called the Turtles,被称为'海龟'的新手交易员,Richard Dennis 为与 Eckhardt 打赌'交易可教'而招募的零经验学员；海龟实验是趋势跟踪界的著名典故。
164,词组,settle a bet,了结一个赌约,settle=解决、清算；与 settle a dispute（解决争端）同用法。
165,生词,iron-clad noncompete agreements,牢不可破的竞业禁止协议,iron-clad 字面'披铁甲的'，喻条款严密、没有漏洞。
165,词组,more trouble than it was worth,得不偿失；不值那个麻烦,固定比较结构：带来的麻烦超过其价值。
165,词组,peeked behind the curtains,窥探过幕后,peek=偷看一眼；behind the curtain(s) 喻不对外公开的内部运作。
165,词组,an old adage among successful traders,成功交易者间的一句老格言,adage=格言、谚语；与 proverb 近义，adage 更强调年代久远。
165,词组,Ride winners and cut losers,让盈利头寸奔跑，砍掉亏损头寸,ride=继续持有获利仓；cut=止损离场；语序也常作 cut losers and ride winners。
165,术语,a stop-loss policy,止损策略,预设亏损阈值、触及即系统性平仓认赔的规则。
165,生词,codify aspects of the latter’s behavior into a trading system,把后者的行为要点编纂成交易系统规则,codify=把散乱做法整理成成文规则；与 code（法典/代码）同根。
165,词组,Not all are necessarily bound for success.,并非都注定走向成功,bound for=开往、注定去向（源自船只 bound for X）。
165,术语,a head and shoulders pattern,头肩形态,技术分析图形：三峰而中峰最高，形似头与双肩，常被视作反转信号。
165,难句,"This could be because the idea itself is not based on valid theory, or it might be because the human version is ultimately less rule-based, as one might like to believe, condemning a truly systematic implementation to be unsuccessful.",这可能是因为这类想法本身就没有有效理论根基，也可能如有人愿意相信的那样，是因为人操作的版本终究没那么'规则化'，从而注定纯系统化的复刻难以成功。,两个并列 because 从句给出备选解释；as one might like to believe 为插入语；condemning... 为现在分词结果状语（后果是注定失败）。
165,词组,put an idea through the grinder of a research process,让想法过一遍研究流程的'绞肉机',through the grinder=经受严酷考验；后文 see if it's still alive 延续该比喻。
165,术语,feature selection/feature engineering,特征选择/特征工程,机器学习术语：从原始数据中挑选（selection）或构造（engineering）对预测有用的输入变量。
166,词组,fraught with peril,充满凶险,fraught with+负面名词（danger/risk/peril）固定搭配；peril=险境（书面语）。
166,生词,forego rigor in favor of wishful thinking,放弃严谨、倒向一厢情愿,forego（=forgo）舍弃；in favor of=转而选择。
166,术语,the in-sample period,样本内区间,用来拟合/训练模型参数的数据段；与之相对、用于检验的数据段称样本外区间（out-of-sample period）。
166,词组,a mouthful of marbles,一长串拗口难懂的话,字面'满嘴玻璃珠'，形容术语堆砌、含混难懂。
166,多义,generate a lukewarm reaction,引起不冷不热的反应,本句义：lukewarm=冷淡的、不热情的；本义：微温的。
166,词组,fine-tune the choices,微调（提供的）选项,fine-tune 源自收音机微调旋钮，指小幅精细调整；机器学习中也指对模型微调。
167,生词,succeeds in this endeavor,在这项尝试中成功,endeavor=（郑重的）努力、事业；美拼 endeavor，英拼 endeavour。
167,生词,discuss in some detail forthwith,随即较详细地讨论,forthwith=立刻、马上（正式书面语）。
167,多义,constantly buffeted by new information,不断受到新信息的连番冲击,本句义：buffet=（风浪般）反复捶打；常见义：自助餐（发音不同）。
167,词组,known to the model in their entirety,被模型完完整整地掌握,in one's/their entirety=整体地、全部地（正式语）。
167,多义,the answer key to a test in grade school,小学考试的标准答案,本句义：key=答案册；常见义：钥匙、关键。
167,术语,a reasonable cross-section of the data,数据的一个合理横截面,cross-section 指能代表整体构成的抽样切面；统计中亦指同一时点、跨个体的数据。
167,多义,make it more robust,使它更稳健,本句义：robust=（模型）稳健、抗扰动；常见义：（人）健壮、（味道）浓烈。
167,难句,"On the other hand, the more data the model is allowed to see while it is being tuned, the greater the risk of creating a model that is nothing more than a good explanation of the past.",另一方面，调参时允许模型看到的数据越多，造出一个'只不过把过去解释得很好'的模型的风险就越大。,"the more..., the greater... 双比较级并列结构；while it is being tuned 为进行时被动；nothing more than=仅仅是、不过是。"
168,术语,the equity risk premium,股票风险溢价,股票预期收益超出无风险利率（或债券收益率）的部分，用以补偿持股风险。
168,术语,tactical asset allocation,战术资产配置,依据短中期市场判断在资产类别间主动调整权重，与长期固定的战略配置（strategic）相对。
168,难句,"From a graph of cumulative profits, you can see whether the strategy would have made money, how smoothly, and with what sort of downside risk, just to name a few things.",从累计利润曲线图上，你能看出这个策略当年是否会赚钱、赚得平不平稳、伴随何种下行风险——这还只是举几个例子。,see 后接三个并列的间接疑问结构：whether.../how smoothly/with what sort of...；just to name a few things=仅举数例。
168,多义,"its return stream is very “lumpy,”",其收益流非常'疙疙瘩瘩'、极不平滑,本句义：lumpy=（收益）集中于少数时段、极不均匀；本义：多块状物的。
168,词组,sit on the sidelines making almost no trades,场边观望、几乎不交易,sideline=球场边线；on the sidelines=不上场、不参与。
168,生词,this misperception is mainly due to a wide variety of deadly traps,这种错误认知主要源于各种致命陷阱,misperception=mis-+perception，错误认知；与 misconception（误解）近义。
169,多义,a statistic we dubbed lumpiness,一个被我们称作'块状度'的统计量,本句义：dub=给…起名、封为；另一义：配音。
169,难句,"Nevertheless, it is good to know what to expect as an investor in or practitioner of a strategy, if for no other reason than to discern when the strategy’s behavior is changing.",尽管如此，作为一个策略的投资人或操作者，知道该预期什么总是好的——哪怕仅仅是为了辨察策略行为何时在发生变化。,an investor in or practitioner of a strategy 两个名词共享宾语 a strategy（介词并列）；if for no other reason than to...=退一步的理由状语：'就算没别的理由，至少为了…'。
169,生词,discern when the strategy’s behavior is changing,辨察策略行为何时在变化,discern=分辨、觉察（细微差别）；名词 discernment（洞察力）。
169,术语,Worst Peak-to-Valley Drawdown,最大峰谷回撤,净值从任一高点跌到随后低点的最大跌幅，衡量策略历史下行风险。
170,词组,remain in negative territory,停留在亏损区间,territory 喻数值区域；positive/negative territory=正/负值区间（涨跌、盈亏）。
170,术语,The problem was sample bias,样本偏差,样本不能公平代表全部可能结果、导致统计结论失真的问题。
170,术语,a convertible bond arbitrage strategy,可转债套利策略,利用可转换债券与对应股票、期权之间定价偏差获利的策略。
170,难句,"either the sample over which the drawdown was computed is sufficiently large as to cover a large range of market regimes and both favorable and unfavorable environments (specifically as relate to the strategy being tested), or it doesn’t.",要么用来计算回撤的样本足够大，大到涵盖各种市场状态、顺境与逆境（特别是就所测策略而言），要么就是不够大。,either...or... 二选一框架；over which the drawdown was computed 为介词提前的定语从句；sufficiently large as to=大到足以；句末 or it doesn't 以省略收尾。
170,词组,ballpark figure,大致估计的数字,源自棒球场（ballpark）之大；in the ballpark=八九不离十。
170,词组,shuffle the deck and then turn the cards over,洗牌后再逐张翻牌,shuffle=洗牌；deck=一副牌；作者以一副牌喻历史收益分布的一种排列顺序。
170,术语,known as resampling,（这种做法）称为重采样,把历史收益序列反复打乱重排、生成大量可能路径，以增强样本统计力的技术。
170,术语,"the population, in stats-speak",（统计学行话所说的）总体,统计学中 population=全部可能观测的集合，与样本（sample）相对；stats-speak=统计学行话。
171,术语,the R-squared,R 平方；决定系数,衡量预测变量能解释目标变量多大比例波动的统计量，取值 0 到 1。
171,难句,"A statistic known as the R-squared (R2) shows how much of the variability of the thing being predicted can be accounted for by the thing you’re using to predict it, or, in other words, how much of the variability in the target is explained by the signal.",一个称为 R 平方（R²）的统计量表示：被预测对象的波动中有多大比例能由你用来做预测的变量所解释，换言之，目标的变动有多少被信号解释了。,"the thing being predicted 现在分词被动后置定语；be accounted for by=由…解释；or, in other words 引出同义改述。"
171,词组,minimal effort on the part of the user,用户一方几乎不费什么力气,on the part of sb=就某人一方而言、由某人做出。
171,词组,"run the other way, because the SEC will arrest you for insider trading",掉头就跑吧——SEC 会以内幕交易罪抓你,run the other way=扭头就走、赶紧远离；引语以夸张说明 R² 高得反常必有问题。
172,多义,bucketing the returns,把收益分桶（分组）,本句义：bucket 作动词=按区间归组；常见义（名词）：水桶。
172,术语,any other quantile preferred by the researcher,研究者偏好的任何其他分位数,quantile=分位数统称；decile（十分位）、quintile（五分位）都是其特例。
172,难句,"In general, a model with reliable predictive power is one that demonstrates that the worst returns are found in the bucket for which the worst returns are expected, with each successive bucket of improving expected returns in fact performing better than the prior bucket.",一般来说，预测力可靠的模型应满足：最差的实际收益恰好落在预期收益最差的那个分组里，且预期收益逐级改善的每个分组，实际表现也确实一级好过一级。,one that demonstrates that... 双层 that 从句；for which... 定语从句限定 bucket；with+名词+现在分词（performing）独立主格补充伴随条件。
172,术语,a monotonic relationship between our alpha signal,（信号与收益间的）单调关系,monotonic=单调的：自变量增大时因变量始终同向变化，不折返。
172,词组,in accordance with the bullishness of the forecasts,与预测的看涨程度相一致,in accordance with=依照、与…一致（正式语）。
173,词组,contribute only modestly to the bottom line,对净利润只有小幅贡献,bottom line=损益表最末一行，引申为最终盈亏、净结果。
173,术语,measures of risk-adjusted return,风险调整后收益的衡量指标,把收益按所承担的风险折算，以便跨策略比较'性价比'。
173,生词,The canonical example is the Sharpe ratio,最典型的例子（是夏普比率）,canonical=公认标准的、教科书式的；源自 canon（正典）。
173,术语,The Sharpe ratio is computed by taking the average periodic return above the risk-free rate,夏普比率：超出无风险利率的平均收益除以收益波动率,衡量每承担一单位波动换得多少超额收益，数值越高越好。
173,生词,have shortened this moniker,把这个称呼简化了,moniker=名号、绰号（带口语色彩的书面词）。
173,难句,"A strategy with a 2 Sharpe is a strategy that delivers two percentage points of return (above the risk-free rate) for each point of variability (and this is a rather good Sharpe, if you can get it).",夏普比率为 2 的策略，意味着每承担 1 个百分点的波动就能交出 2 个百分点（超出无风险利率）的收益——这已是相当不错的夏普，能拿到的话。,主句为 A is a strategy that...；两处括号分别补充口径与评价；if you can get it 带调侃：这种水平可遇不可求。
173,词组,A close cousin of the Sharpe ratio,夏普比率的'近亲',close cousin 喻性质相近的同类变体。
173,术语,the information ratio,信息比率,与夏普比率同构，只是把无风险利率换成任意基准（最常用零）：即年化收益除以年化风险。
173,术语,"The Sterling ratio (average return divided by the variability of below-average returns), the Calmar ratio (average return divided by the worst peak-to-valley drawdown), and the Omega ratio (the sum of all positive returns divided by the sum of all negative returns)",Sterling、Calmar、Omega 比率（三种风险调整收益指标）,三者分母不同：Sterling 用低于均值部分的波动、Calmar 用最大回撤、Omega 用全部负收益之和。
174,生词,a synergistic relationship between the new idea and the existing strategy,新想法与既有策略之间协同增效的关系,synergy（协同效应）的形容词：整体效果大于各部分之和。
174,术语,Time Decay,时间衰减,信号的预测效力随执行延迟增加而递减的现象。
174,词组,initiate trades on a lagged basis,滞后地发起交易,on a ... basis=以…方式；lagged=延迟的（计量经济学中 lagged variable=滞后变量）。
174,难句,"In this way, he can determine his strategy’s sensitivity to the timeliness with which information is received, and he can also gain some information about how crowded the strategy is (because more crowding would mean sharper movements to a new equilibrium, i.e., faster degradation of profit potential).",这样他既能确定策略对信息及时性的敏感度，也能了解策略有多'拥挤'（因为越拥挤，价格向新均衡的移动就越急，即盈利潜力衰减得越快）。,the timeliness with which information is received 中 with which 引导定语从句；括号内 because 从句解释因果，i.e. 引出同义改述。
174,多义,how crowded the strategy is,策略有多'拥挤',本句义：crowded=同一策略被太多资金同时采用；常见义：（场所）拥挤。
174,生词,faster degradation of profit potential,盈利潜力更快的衰减,degradation=退化、衰减；与 deterioration 近义，前者更常用于性能/信号。
174,生词,deterioration in the aggregate recommendation level,总体评级水平的恶化,deteriorate=变坏、恶化；与 improvement 相对。
174,多义,five downgrades on April 28,4月28日的五次评级下调,本句义：downgrade=（分析师）调降评级；亦用于债券降级、软件降级。
175,难句,the quant trader must be careful not to allow his simulation to assume that he was able to transact in MSFT early enough to capture any of the 11.1 percent change.,量化交易员必须小心，不能让他的模拟回测假定自己当时能足够早地交易微软股票、吃到那 11.1% 变动中的任何一段。,allow sth to assume that... 使役结构；early enough to capture 为'足够…以至于能…'；his simulation 指回测程序。
175,术语,stress-testing a strategy’s dependence on timely information,对策略'依赖信息及时性'的程度做压力测试,stress test=在极端或不利假设下检验承受力；此处指故意延迟信号执行、观察绩效变化。
175,生词,pretty mediocre,相当平庸,mediocre=中不溜的、平庸的（贬义）；名词 mediocrity。
176,词组,does not necessarily bode well,未必是个好兆头,bode well/ill=预示吉/凶；bode 几乎只与 well、ill 连用。
176,难句,"In general, it is not comforting to know that you get a signal from your trading strategy that you not only can go without implementing for a little while (which would be the better result) but that you actually are better off ignoring for at least a full day after you get the signal.",总的来说，知道你的策略发出的信号'不但可以搁置一阵不执行（这还算好的情形），而且干脆无视整整一天反而更好'，实在令人难以安心。,主干 it is not comforting to know that...；a signal 带 not only...but (that)... 两层定语从句：can go without implementing（可不执行）/ are better off ignoring（无视更好）；括号为插入评价。
176,生词,mistrust both results and use neither in our model,对两个结果都不予信任、都不采用,mistrust=不信任；与 distrust 近义，mistrust 更偏基于疑虑的不放心；neither 与 both 对仗。
176,生词,Near-neighboring sets of parameters,相邻近的参数组合,near-neighbor（近邻）的形容词化：参数空间中彼此接近的取值组。
176,术语,indicate overfitting,表明过拟合,overfitting=模型过度贴合样本数据的偶然特征，以致对新数据失效。
176,多义,ways of gauging the performance,衡量业绩的方法,本句义：gauge=评估、测度；常见义（名词）：仪表、量规。
177,词组,entirely at peace with the fact,坦然接受这一事实,at peace with=与…相安无事、心平气和地接纳。
177,多义,your dataset is skewed in some way,你的数据集在某方面有偏,本句义：skewed=有偏的、失真的（统计）；本义：歪斜的。
177,生词,mathematical aptitude,数学天资,aptitude=天生的才能倾向；aptitude test=能力倾向测验。
177,多义,confounded simply by age,（这一相关性）只是被年龄这个混杂因素干扰了,本句义：confound=（统计）混杂——第三变量造成虚假相关；常见义：使困惑、挫败。
177,难句,"In other words, if you could fit a model on a sample that was really representative of the entire population and future, it’s likely that you would not have to worry very much about overfitting.",换句话说，如果你能在一个真正代表整个总体乃至未来的样本上拟合模型，你大概就不必太担心过拟合了。,if 虚拟条件句（could fit）+ 主句 it's likely that you would...；that was really representative of... 定语从句修饰 sample。
177,词组,a false sense of security,虚假的安全感,固定搭配：因误判形势而产生的放心错觉。
177,术语,"complex, dynamical systems like the capital markets",像资本市场这样复杂的动力系统,dynamical system=状态随时间按规则演化的系统（数学/物理概念）；资本市场兼具混沌与噪声。
177,生词,as many aspects of it as I can muster,我所能拿出的尽可能多的方面,muster=竭力聚集、鼓起（muster courage 鼓起勇气）。
177,生词,looks enticing,看上去很诱人,entice（引诱）的形容词；与 tempting 近义。
177,多义,the highest point of a broad plateau,宽阔平台区的最高点,本句义：plateau=参数曲面上的平缓高地；常见义：高原、（增长）停滞期。
177,文化,an Oxford comma,牛津逗号,"英文列举中最后一个 and 前的逗号（A, B, and C）；用与不用是英语写作圈的著名论战，作者在此打趣表态反对。"
178,难句,"When we see a lonely peak like the one represented by Point D in Exhibit 9.5, it is likely that our testing has uncovered some spurious coincidence in the fitting period that makes it especially favorable for that single parameter value.",当我们看到像图9.5中D点那样的孤峰时，很可能是测试撞上了拟合期里某种虚假巧合，使得恰好这一个参数值显得格外有利。,When 从句内 like the one represented by... 过去分词后置定语；主句 it is likely that...；句末 that makes it... 定语从句修饰 coincidence。
178,生词,some spurious coincidence in the fitting period,拟合期内某种虚假的巧合,spurious=伪的、假性的；统计中 spurious correlation=伪相关。
178,术语,a margin of safety around it on both sides,（参数值）两侧都留有的安全边际,预留的容错缓冲：即使估计有偏差仍不至于失败；价值投资与参数选择通用的概念。
178,语法,It bears discussing a bit about why this margin of safety is so important.,值得稍加讨论一下这个安全边际为何如此重要,it bears doing=值得做（bear 此处=承受得起、配得上）；同类表达：it bears mentioning/repeating。
178,文化,Past performance is not an indication of future results,过往业绩不代表未来表现,美国投资产品的标准免责声明；作者借它点出量化研究'以史为鉴'的内在悖论。
179,词组,err on the side of caution,宁可失之谨慎,err on the side of X=宁愿偏向X而犯错；err=犯错（error 的动词形式）。
179,术语,known as parsimony,称为简约原则,建模时用尽可能少的假设与参数去解释现象；参数繁多的模型更易过拟合。
179,生词,sparingness and frugality,俭省与节约,frugality=节俭；此为其拉丁词源 parsimonia 的本义，由此引出'简约'术语。
179,文化,known as Occam’s razor,奥卡姆剃刀,中世纪逻辑学家奥卡姆的威廉的原则：'如无必要，勿增实体'；科学上指优先选择最简理论。
179,生词,a Franciscan friar,一名方济各会修士,friar=托钵修士（外出传教），与闭门隐修的 monk 有别。
179,词组,the stripping away of unnecessary assumptions,剥除不必要的假设,strip away=层层剥掉；此处为动名词的名词化用法。
179,生词,adds an important caveat,加上了一条重要的但书,caveat=告诫、限制条件（拉丁语'让他当心'）。
179,术语,believe ex ante,事前就（有理由）相信,ex ante=拉丁语'事前、基于预期'，与 ex post（事后）相对；经济学常用。
179,难句,"if he adds a large number of factors to the mix, such as the color of the guest bathroom tiles or the type of roofing material, given that there is no reason to believe ex ante that such factors are top priorities for you as his client, his analysis would become muddled and confused.",如果他往组合里加入一大堆因素，比如客用卫生间瓷砖的颜色或屋顶材料的类型，那么鉴于事前并无理由认为这些因素是你这位客户的首要考量，他的分析就会变得混乱不堪。,if 条件句内嵌 such as 举例；given that...=鉴于…（原因状语插入）；主句用虚拟 would become；for you as his client=对作为其客户的你而言。
179,生词,become muddled and confused,变得混乱不清,muddle=搅浑、弄乱；muddled 常形容思路或分析一团乱麻。
179,词组,balancing on the tightrope,在钢丝上求平衡,tightrope=杂技钢丝；walk a tightrope=在两难之间小心行事。
180,术语,Type I and Type II,第一类错误与第二类错误,统计学：第一类=把不显著当显著（假阳性 false positive），第二类=把显著当不显著（假阴性 false negative）；分别对应过拟合与欠拟合。
180,术语,underfitting errors,欠拟合错误,模型过于简单、连数据中真实存在的规律都没抓住，与过拟合相对。
180,生词,the main (sole?) preoccupation of most researchers,多数研究者的头号（甚至唯一？）心头大事,preoccupation=全部心思所系；preoccupied=心事重重的。
180,生词,"the supply of alpha, relative to the demand for it, was ample",相对于需求，阿尔法的供给曾很充裕,ample=充裕的、绰绰有余的；比 enough 更强调宽裕。
180,难句,"However, as competition increased, and as market inefficiencies disappeared for various other reasons as well (e.g., Reg-FD, with regard to U.S. equities), it became harder to make money with broad/universal models, and more and more researchers began to push the envelope of fitting risk, trying to find the balance between overfitting and underfitting, between Type I error risk and Type II error risk.",然而，随着竞争加剧、市场低效也因其他种种原因（如针对美股的公平披露规则）而消失，用宽泛通用的模型赚钱变得更难，越来越多的研究者开始试探拟合风险的边界，力图在过拟合与欠拟合、第一类与第二类错误风险之间找到平衡。,两个 as 状语从句并列；主句由 and 连接两个分句（it became harder... / researchers began...）；trying to find... 现在分词伴随状语，两个 between... 短语同位复指。
180,术语,"Reg-FD, with regard to U.S. equities",公平披露规则（针对美股）,Regulation Fair Disclosure，SEC 2000年法规：上市公司须向所有投资者同时披露重大信息，压缩了选择性信息优势。
180,词组,push the envelope of fitting risk,把拟合风险的边界越推越远,push the envelope=挑战极限（源自航空试飞的'飞行包线'）。
181,词组,the low-hanging fruits are abundant,低垂的果实还很多,low-hanging fruit=最容易到手的机会；作者以果树喻阿尔法的供给。
181,生词,would shudder to think about,想到…都会不寒而栗,shudder=战栗；shudder to think=想想都后怕。
181,生词,a relative paucity of (relevant) data,（相关）数据相对匮乏,paucity=稀缺、不足（正式语）；与 dearth 近义。
181,生词,longitudinally (over time) and latitudinally (across groups of instruments),纵向（跨时间）与横向（跨标的组）,借经纬线作比：longitudinal=沿时间轴，latitudinal=跨截面；统计中 longitudinal data=追踪/面板数据。
181,难句,"Some trend indicator that only worked for treasuries was more likely to be overfit than one that worked well also for all other sectors, even if it worked a little less well in sample than the one that was more narrowly tailored did in just its narrow group.",一个只对国债有效的趋势指标，比一个对其他所有板块也都有效的指标更可能是过拟合——即便后者在样本内的表现，比那个窄适配版本在自己小范围里的表现略逊一筹。,比较结构嵌套：A was more likely to be overfit than B；even if 让步从句里再嵌一层比较 it worked less well than ... did，句末 did 替代 worked，in just its narrow group 限定比较范围。
181,词组,more narrowly tailored,更窄地量身定制的,tailor 作动词=按需定做；narrowly tailored 指只适配很小范围的对象。
181,术语,put/call ratios,看跌/看涨期权比率,看跌与看涨期权的成交量（或持仓量）之比，常用作投资者情绪指标。
181,多义,travel and hospitality companies,旅游与酒店接待业公司,本句义：hospitality=酒店餐饮接待行业；常见义：好客、款待。
182,词组,laughed out of the meeting in 2005,（在2005年）被笑着轰出会议室,laugh sb out of=用嘲笑把某人赶走；喻想法在当时完全不被当真。
182,难句,"As more and more interesting, “alternative” datasets have become available, as machine learning and statistical techniques generally have advanced, and as compute power has proceeded according to Moore’s law, the supply side of the equation has also advanced to render possible, feasible, maybe even straightforward what was once science fiction.",随着越来越多有趣的'另类'数据集变得可得、机器学习与统计技术整体进步、算力按摩尔定律推进，等式的供给端也随之进化，把昔日的科幻变成了可能、可行、甚至理所当然。,"三个 as 状语从句排比；render+一串形容词（possible, feasible, straightforward）+超长宾语 what was once science fiction 后置，是本句主要难点。"
182,文化,proceeded according to Moore’s law,按照摩尔定律推进,英特尔创始人摩尔的经验规律：芯片晶体管密度约每两年翻倍，长期代指算力指数增长。
182,词组,The state of the art,最先进水平,定冠词短语=某领域当前的最高技术水准；作形容词写作 state-of-the-art。
182,多义,"heavily, though not nearly fully, democratized",已大幅（尽管远未完全）普及化,本句义：democratize=使大众可得、去精英化；常见义：使民主化。
182,术语,the strength of a prior,先验（信念）的强度,prior=贝叶斯统计中、看数据之前就持有的概率判断；先验越强，需要的数据越少。
182,词组,in for a world of hurt,注定要吃大苦头,be in for=难免遭遇；a world of=大量的（a world of trouble/pain）。
182,生词,humans traveling or congregating,人们出行或聚集,congregate=（人群）聚集；同根 congregation=（教堂）会众。
182,多义,home staples like toilet paper,像卫生纸这样的居家必需品,本句义：staple=主要日用品、主粮；另一义：订书钉。
182,词组,give us a headstart at knowing,让我们抢先一步知道,head start=起跑线优势；源自赛跑中先出发。
182,词组,an outmoded dinosaur,一头过时的老恐龙,outmoded=过时的、跟不上时代的；dinosaur 喻守旧者，此处作者自嘲。
183,词组,the “cheat sheet” provided during in-sample testing,样本内测试时握有的'小抄',cheat sheet=作弊纸条/速查表；喻模型在样本内已看过全部答案。
183,术语,a rolling out-of-sample technique,滚动样本外测试,每次丢掉最旧一个数据点、加入最新一个，使拟合窗与检验窗同步前移并反复进行的方法。
183,难句,The rolling out-of-sample technique is thought to help refresh the model over time so that it does not depend on a single set of tests that might have been run some years previously.,滚动样本外技术被认为有助于让模型随时间不断刷新，从而不依赖于可能是多年前跑出来的某一组测试。,is thought to=被认为；so that 目的状语从句；that might have been run... 定语从句中'情态动词+完成被动'表对过去的推测。
183,语法,rendering impractical any general judgment about its effectiveness,使得对其效果作任何一般性判断都不可行,render+形容词+宾语的倒装语序：宾语 any general judgment... 较长而后置；render=使成为。
184,词组,break out the champagne,开香槟庆祝,break out=取出（珍藏的好东西）；常用于'先别急着庆祝'的语境。
184,难句,"The researcher, already having invested a lot of time on the model, decides to examine the reasons for the model’s failure over the out-of-sample period and discovers that the environment changed between the in- and out-of-sample periods in such a way that the model was making losing trades during the latter.",这位研究员因已在模型上投入大量时间，便决定细查模型在样本外失败的原因，结果发现样本内外两个时期市场环境发生了变化，以致模型在后一时期不断做出亏钱的交易。,already having invested... 完成式分词插入语（表原因）；decides 与 discovers 并列谓语；in such a way that=以致；the latter 回指样本外区间。
184,生词,This sullies the purpose of an out-of-sample test,这玷污了样本外测试的本意,sully=玷污、败坏（名声、纯洁性）（书面语）。
184,生词,a subtle and nefarious form,一种隐蔽而恶劣的形式,nefarious=穷凶极恶的、阴险的（书面语）。
184,术语,"look-ahead bias, which is a critical problem in research",前视偏差,回测时不自觉用到了当时不可能得到的未来信息，使历史业绩虚高。
184,术语,called burning data by some quants,被一些量化从业者称为'烧数据',行话：反复用样本外数据检验并据此改模型，使其失去检验价值、形同耗尽。
184,生词,withholding a significant portion,扣下相当大的一部分（数据不给研究员看）,withhold=扣留不发；构词 with-（相当于 against）+hold。
185,难句,"In this way, the researcher, in theory, cannot even see what data he has and doesn’t have, making it much more difficult for him to engage in look-ahead activities.",这样一来，研究员理论上根本看不到自己有哪些、没有哪些数据，从而大大加大了他'偷看未来'的难度。,in theory 插入语；what data he has and doesn't have 宾语从句内正反并列；making it... 现在分词结果状语，it 为形式宾语、真宾语是 for him to engage in...。
185,生词,Less draconian,没那么严苛的（做法是……）,draconian=严刑峻法式的，源自古雅典立法者德拉古；句首形容词短语引出较温和的替代方案。
185,生词,extra vigilance regarding the in-sample results,对样本内结果加倍警惕,vigilance=警觉、戒备；vigilant（警惕的）的名词。
185,词组,a bit of a myth in the first place,本来就多少是个'神话'（并不真正成立）,a bit of a+名词=有点…性质；myth 此处=广被相信却站不住脚的说法。
185,术语,"commissions and fees, slippage, and market impact",佣金费用、滑点与市场冲击成本,交易成本三大件：slippage=决策价与实际成交价之差；market impact=自身订单推动价格造成的额外成本。
185,术语,equity market-neutral,股票市场中性（策略）,多空规模大致相抵、剔除大盘涨跌影响，只赚个股相对强弱的策略。
186,术语,actually breakeven on 55 percent of its trades,实际上55%的交易只是盈亏平衡,breakeven=不赚不亏；breakeven point=盈亏平衡点。
186,难句,"Stated generally, overestimating transaction costs will cause a quant to hold positions for longer than is likely optimal, whereas underestimating transaction costs will cause a quant to turn over his portfolio too quickly and therefore to bleed from the excess costs of transactions.",一般而言，高估交易成本会让量化交易员持仓超过最优时长，而低估交易成本则会让他换手过快、从而被多余的交易成本不断放血。,Stated generally 过去分词句首状语；whereas 对比连接两个平行分句；longer than is likely optimal 中 than 兼作从句主语；to turn over 与 to bleed 为并列不定式。
186,多义,turn over his portfolio too quickly,换手过快,本句义：turn over=调仓换手；常见义：翻转；名词 turnover 另指营业额/换手率。
186,多义,bleed from the excess costs,被多余成本不断'放血',本句义：bleed=资金持续流失；本义：流血。
186,多义,when the stock market tumbles,当股市暴跌时,本句义：tumble=（价格）大幅下挫；常见义：跌倒、翻滚。
186,术语,hard-to-borrow lists,难借券名单,券商因找不到可借股票而限制做空的股票清单。
186,多义,locate shares to borrow,找到可借的券源,本句义：locate=找到、锁定；常见义：be located=位于。
186,术语,"a naked short sale, which is illegal in the United States",裸卖空（在美国属违法）,未事先借到（locate）股票就直接卖空的行为。
186,生词,the formative stage,形成期；奠基阶段,formative=塑造性格/形态的（formative years=成长关键期）。
186,词组,only scratched the surface,只触及了皮毛,scratch the surface=只挠到表面、未及深处。
187,词组,become baked into a strategy,被'焙进'策略、固化其中,baked into=像烤进面包一样成为内在组成，事后无法剔除。
187,难句,"This tradeoff, between generality and specificity, between robustness and accuracy, is the key challenge faced by quant researchers.",这种在一般性与特异性之间、在稳健与精准之间的取舍，是量化研究者面对的核心挑战。,主语 This tradeoff 后接两个 between A and B 同位介词短语（逗号隔开的插入成分）；faced by... 过去分词后置定语。
187,词组,no “one-size-fits-all” answer,没有'一刀切'的万能答案,源自均码服装（one size fits all），喻不加区分的通用方案。
191,文化,"Torture numbers, and they’ll confess to anything.",对数字严刑逼供，它们什么都会招。,"torture 本义""拷打逼供""，此处喻指对数据反复加工总能挤出想要的结论；confess to 招认。讽刺统计结果可被人为操纵。"
191,难句,We have defined two broad classes of exposures: those that generate returns in the long run (alpha and beta) and are intentionally accepted and those that do not generate long-term returns (risks) or are incidental to the strategy.,我们已定义了两大类敞口：一类能在长期产生回报（阿尔法与贝塔）且是被有意接受的；另一类不产生长期回报（即风险），或只是策略的附带产物。,"冒号后为两个并列的 those that... 定语从句结构；第二个 those 内部又有 or 连接的并列谓语；incidental to 意为""附带的、非有意的""。"
191,多义,"generic, low-cost index instruments",通用的、低成本的指数工具,"generic 本句义""通用、无差异化的""；常见义""（药品）仿制的、非品牌的""。"
191,词组,This risk of “out-of-favor” exposure,"敞口""失宠""（暂不被市场奖励）的风险",out of favor 指策略所依赖的因子暂时不被市场定价奖励；与 in favor（受青睐）相对。
191,术语,Model risk is the most basic form of risk any quant system brings to an investor,模型风险,指模型不能准确描述、匹配或预测其试图利用的真实世界现象的风险；可存在于策略的任何模块（数据、阿尔法、风险、成本、执行）中。
192,多义,even in a benign environment for momentum,有利的；温和的,"benign 本句义""（市场环境）温和有利的""；常见义""（肿瘤）良性的；和善的""。"
192,术语,model misspecification,模型设定错误,"指模型形式或假设与真实世界不符的错误设定；与""模型根本不适用""及""实现错误""并列为模型风险三大来源。"
192,生词,Inapplicability of modeling is a fundamental error,不适用（性）,"inapplicability = in-（否定）+ applicability（适用性），指量化建模从一开始就不适用于该问题（如""评判音乐家好坏""）。"
192,多义,lull practitioners into feeling safe,麻痹从业者、哄得他们产生安全感,"lull sb into 本句义""使放松警惕""；lull 常见义""哄（婴儿）入睡；（风浪）间歇""。"
192,生词,But this feeling is illusory,虚幻的；错觉的,illusory 与 illusion（幻觉）同根；注意与 elusive（难以捉摸的）形近不同义。
192,生词,The global market turmoil in 2008,动荡；混乱,turmoil 指大范围的混乱动荡，程度强于 disturbance；常与 market、political 搭配。
192,多义,which was fueled in part by the securitized mortgage business,助推；推波助澜,"fuel 本句义""为…火上加油、助长""；常见义为名词""燃料""。"
192,术语,the securitized mortgage business,证券化的,证券化指把住房抵押贷款等资产打包成可交易证券（如 MBS）出售；各银行的结构化产品部门（structured products desks）以此为业。
192,难句,"They modeled what would happen in various scenarios, and on the back of the comfort gained in the output of these models, they issued AAA-rated bonds backed by instruments that, each on its own, were toxic.","他们模拟了各种情景下会发生什么，然后仗着模型输出带来的""安心感""，发行了AAA评级的债券——而支撑这些债券的底层工具单个来看个个有毒。","on the back of...（凭借、仰仗）介词短语作状语；backed by... 过去分词短语修饰 bonds；插入语 each on its own（单独来看）修饰 instruments；toxic 喻""有毒资产""。"
192,生词,"subtler and, probably because of this subtlety",更微妙 / 微妙之处,subtle 的比较级 subtler；subtlety 为其名词形式，指不易察觉的细微之处；注意 b 不发音。
192,生词,the error of misapplication,（对本来有效的方法的）误用,"mis- 前缀表""错误地""；与 inapplicability（方法本身不适用）相对，misapplication 指方法有效但用错了对象。"
193,术语,value at risk (VaR),在险价值（VaR）,用历史波动率与相关系数矩阵估计给定置信度下组合在一定期限内的最大可能损失；其正态分布与线性相关假设常不成立。
193,术语,fat tails,肥尾,"指收益分布中极端值出现的频率远高于正态分布（俗称 bell curve，钟形曲线）的预期，分布尾部比正态""更肥""。"
193,难句,"In fact, the S&P has posted a return this poor on average once per 13 months, or 119 times more frequently than you’d be led to believe from a normal distribution.",事实上，标普平均每13个月就录得一次这么差的回报，频率比正态分布让你以为的高119倍。,"this poor 中 this 作副词修饰 poor（""这么差""）；be led to believe 被动结构""被误导而相信""；or 引出换算说明的同位成分。"
193,文化,would look more like the Gateway Arch in St. Louis than a straight line,更像圣路易斯大拱门而非一条直线,Gateway Arch 是密苏里州圣路易斯市的抛物线形拱门地标；此处喻指两只股票收益的最优拟合线呈弧形，即关系是非线性的。
193,词组,Practically speaking,从实际角度讲,与 strictly speaking、generally speaking 同类的独立分词结构，作全句状语。
195,词组,in the aftermath of August 2007,在2007年8月（那场危机）之后,"aftermath 原指灾后余波、后果；in the aftermath of 固定搭配""在…之后（的一段时期里）""。"
195,多义,their own holdings in these names,这些股票/标的,"name 本句义为华尔街行话""个股、标的""；常见义""名字""。"
195,难句,"What they learned, however, was that if many large traders liquidate similar holdings at the same time, the aggregate size of these positions matters more than the size any individual trader holds.",然而他们学到的是：如果许多大机构同时清仓相似的持仓，这些头寸的总规模比任何单个交易者所持的规模更要紧。,"What they learned 主语从句；表语从句 that... 内部嵌套 if 条件句；matters 作动词""要紧""；the size (that) any individual trader holds 省略了关系代词。"
195,多义,pieces of software residing in hardware and network architectures,驻留在硬件与网络架构中的软件,"reside 本句义""（程序、数据）驻留于""；常见义""居住""。"
195,术语,using limit orders,使用限价单,限价单指定可接受的成交价格上/下限，与市价单（market order）相对；可能不成交，但不会以更差价格成交。
195,多义,with the signs reversed,正负号被写反,"sign 本句义""（数学）正负号""；常见义""标志、迹象、招牌""。"
195,术语,paying the bid/offer spread on every trade,每笔交易都在支付买卖价差,bid 为买方出价、offer（ask）为卖方要价，两者之差即价差；挂单方赚取价差，跨价差成交方支付价差。
195,难句,"In August 2012, Knight Trading lost more than $400 million in a mere 30 minutes due to a software bug that caused a dormant piece of software to come back online, multiplying order sizes and causing Knight to accumulate massive positions at highly elevated prices.",2012年8月，骑士交易公司在短短30分钟内亏损逾4亿美元，起因是一个软件缺陷让一段休眠代码重新上线，成倍放大了订单规模，使公司以严重虚高的价格积累了巨额头寸。,due to 引出原因；that 定语从句修饰 bug；multiplying 与 causing 两个现在分词短语作结果状语；dormant（休眠的）、elevated（虚高的）。
195,多义,the nine-figure losses mounted,九位数的亏损不断攀升,"mount 本句义""（数额）不断增加""；常见义""登上；安装""。nine-figure 指金额达九位数（上亿美元）。"
195,生词,a consortium of investors,财团；银行团,consortium 指为特定交易联合出资的机构联合体；复数形式 consortia。
195,词组,at a steep discount,以大幅折价,"steep 此处义""（幅度）陡峭的、离谱的""，常修饰 price、discount、rise。"
195,词组,in order to remain afloat,以求维持不倒,"afloat 原义""漂浮着的""；keep/remain/stay afloat 喻指企业勉强维持经营、不破产。"
195,词组,Not to pick on them,不是要专门挑他们的毛病,"pick on sb 意为""挑刺、针对某人""；不定式独立作插入语，用于缓和语气。"
196,多义,to settle the case,以了结此案；达成和解,"settle 本句义""（以和解、缴罚金方式）了结（诉讼）""；常见义""定居；安顿；解决""。"
196,难句,"In their case, the error appears to have been introduced in April 2007, but it was not discovered until June 2009, and even after it was discovered, certain AXA executives apparently decided to hide the issue from their CEO, not to disclose it to investors, nor even to fix the issue.",在这起案件中，错误似乎是2007年4月引入的，但直到2009年6月才被发现；即便发现之后，AXA某些高管显然还决定向CEO隐瞒，不向投资者披露，甚至不去修复。,"appears to have been introduced 完成不定式表""看来早已…""；not...until 直到…才；decided 后接 to hide、not to disclose、nor even to fix 三个并列不定式，nor 承接否定。"
196,生词,the hefty compensation and penalty,巨额的赔偿与罚金,"hefty 指（数额）很大的、可观的，常修饰 fine、price、sum；compensation 此处义""赔偿金""而非""薪酬""。"
196,语法,no signals whatsoever from the alpha model,来自阿尔法模型的任何信号都没有,whatsoever 置于否定名词短语之后加强否定，相当于 at all，是 whatever 的强调形式。
196,词组,until it manifested itself in this unfortunate manner,直到它以这种不幸的方式显现出来,"manifest itself（问题、症状）显现、暴露；manifest 作形容词义""明显的""。"
196,生词,a specific quirky error,一个特定的古怪错误,quirky 古怪的、难以预料的；名词 quirk 指怪癖或离奇巧合（a quirk of fate）。
196,语法,the Knight episode in 2012 notwithstanding,尽管有2012年骑士事件（这一例外）,notwithstanding 可后置于名词短语之后表让步，相当于 despite the Knight episode；正式书面语。
196,术语,REGIME CHANGE RISK,市场机制切换风险,"regime 指市场运行所处的""状态、机制""（如高波动 vs 低波动、价值占优 vs 成长占优）；机制突变会使基于历史关系的模型失效。"
196,词组,the relationships and behavior he is counting on,他所依赖的那些关系和行为,count on 依赖、指望，同 rely on；关系代词 that/which 在从句中被省略。
197,多义,this isn’t necessarily an indictment of these strategies,这并不必然是对这些策略的否定/控诉,"indictment 本句义""（对…的）谴责、否定""；本义为法律术语""起诉书、公诉""。"
197,术语,better risk-adjusted returns,更好的风险调整后收益,指单位风险所获得的回报（如夏普比率衡量），而非绝对收益高低。
197,术语,a large trend reversal,一次大的趋势反转,reversal 为 reverse 的名词形式；趋势反转是趋势跟随策略的直接亏损来源。
197,难句,"However, if the reversal is also associated with the breakdown of established relationships, this can be quite painful because of the relative part of the strategy.","然而，如果这次反转还伴随着既有关系的瓦解，那么由于策略中""相对""的那一部分，情况可能相当痛苦。","be associated with 伴随、关联；breakdown 此处义""（关系的）崩坏失效""；the relative part 指策略押注两标的相对关系（而非单边方向）的部分。"
198,词组,rose and fell with the likes of Ameritrade and E*Trade,与Ameritrade、E*Trade这类公司同涨同跌,"the likes of 意为""像…这样的（同类）""，略带随意口吻；rise and fall with 同涨同跌。"
198,生词,reverted uncannily to MER’s level,出奇地回落到与美林相当的水平,uncannily 出奇地、诡异地（uncanny 神秘得令人不安的）；revert to 回归到。
198,词组,crisis that traces its roots to early 2007,那场根源可追溯到2007年初的危机,trace one's roots to 把根源追溯至；也说 trace back to。
198,难句,A quant betting on this relationship’s persistence would have suffered through two reasonably significant periods in the past 10 years in which the relationship did not hold up at all.,一个押注这一关系会持续的量化交易者，在过去10年里会熬过两段相当长的时期，其间该关系完全失效。,betting on... 现在分词短语后置修饰 quant；would have suffered 虚拟完成式（假想此人存在并持仓）；in which 引导定语从句；hold up 保持有效、经得住考验。
198,生词,permanently decoupled,永久脱钩,decouple 解除耦合、脱钩（de- + couple）；反义为 couple、link。
198,术语,A structural shift in the markets,市场的结构性变化,指市场底层关系发生持久改变而非短期波动，是机制切换（regime change）的实质。
198,术语,“value” stocks and “growth” stocks,价值股与成长股,价值股指估值低廉的股票；成长股指盈利增长快、估值较高的股票；二者构成一对经典风格因子。
198,术语,as quants unwound their portfolios,随着量化基金拆解平仓其组合,"unwind（过去式 unwound）指逐步平掉既有头寸；名词 unwind 即""平仓潮""。"
198,词组,set off a massive rebound in Growth relative to Value,引发了成长股相对价值股的大幅反弹,set off 触发、引爆；relative to 相对于。
199,多义,another brief but violent six-trading-day period,又一段短暂却剧烈的六个交易日,"violent 本句义""（价格变动）剧烈的""；常见义""暴力的""。"
199,词组,recovered another 36 percent of its lost ground,又收复了36%的失地,lost ground 失地（喻价格或价差的跌幅）；recover/regain ground 收复失地。
199,生词,cause many other types of relationships to falter,使许多其他类型的关系动摇失灵,falter 摇摇欲坠、失灵；也指（声音、脚步）迟疑颤抖。
199,多义,tend to become the new laggards,往往沦为新的落后者,laggard 落后者（lag 落后 + -ard），与 leader、outperformer 相对。
199,词组,moves as almost the mirror image of the Value/Growth spread,走势几乎是价值/成长价差的镜像,"mirror image 镜像，喻走势方向完全相反；后文 mirroring reversals 即""互为镜像的反转""。"
200,术语,exogenous shocks,外生冲击,exogenous（外生的）指信息来自市场体系之外（恐怖袭击、开战、监管干预等），与 endogenous（内生的）相对。
200,生词,it dropped precipitously,急剧地；断崖式地,precipitous 陡峭的（与 precipice 悬崖同根）；副词形容下跌又快又深。
200,语法,only to recover much of that ground rather quickly,结果却很快收复了大部分失地,only to + 动词原形表出乎意料或与前述动作相反的后续结果，作结果状语。
200,难句,"Ignoring the obviously horrible nature of the attack on civilians, the downward move in markets was actually a continuation of the downward trend in stocks that had begun in March 2000 and therefore benefited trend-following strategies.",撇开这场袭击针对平民的可怕性质不谈，市场下跌其实是2000年3月开始的股市下行趋势的延续，因此反而让趋势跟踪策略获了利。,Ignoring... 现在分词短语作让步状语（撇开…不谈）；that had begun... 定语从句用过去完成时；and therefore benefited 与 was 并列作谓语。
201,词组,markets began moving in lockstep with each other,各市场开始步调完全一致地联动,in lockstep（原指队列齐步行进）喻完全同步变动，是相关性骤升的形象说法。
201,术语,the bailout of Bear Stearns,对贝尔斯登的救助,"bailout 指对濒临倒闭机构的紧急注资救助；动词短语 bail out 原义""（为某人）保释；舀水自救""。"
201,生词,investigating potential wrongdoing in the rumors,调查谣言中可能存在的不法行为,wrongdoing 不当、不法行为（正式语），比 crime 含义更宽泛。
201,多义,short battered financial stocks,做空遭受重创的金融股,"battered 本句义""（股价）遭受重创的""；batter 常见义""连续猛击""。"
201,多义,government-brokered buyout,政府撮合促成的收购,"broker 此处作动词""居间撮合""；-brokered 构成复合形容词""由…斡旋促成的""。"
201,生词,endogenous or exogenous to the market,市场内生的还是外生的,endo-（内）/ exo-（外）+ -genous（产生的）；经济学术语，指变量产生于系统内部还是外部。
201,生词,it is unassailably true that,无可辩驳地正确,unassailable 无懈可击的（assail 攻击）；副词 unassailably 强调结论不容置疑。
202,术语,"contagion, or common investor, risk",传染风险（共同投资者风险）,指风险并非来自策略本身，而是因其他投资者持有相同策略、并在危机中被迫抛售而传导亏损。
202,多义,tend to blow up periodically,时不时爆仓/崩盘,"blow up 本句义""（策略、基金）爆掉、巨亏崩盘""；常见义""爆炸；放大""。"
202,多义,how crowded the quant strategy in question is,（策略的）拥挤程度,"crowded 指同一策略被过多资金持有；in question 意为""所讨论的、该""。"
202,术语,the ATM effect,提款机效应,指一处策略巨亏时，投资者反而抛售另一无关但流动性好的策略来套现补亏，如同把后者当提款机。
202,术语,in the face of financial distress and margin calls,面对财务困境与追加保证金通知,financial distress 财务困境；margin call 指保证金不足时经纪商要求追加资金、否则强制平仓的通知。
202,术语,merger arbitrage,并购套利,押注已公告的并购交易最终完成、赚取目标公司市价与收购价之间价差的策略。
202,难句,"In both cases, a credit crisis leading to illiquidity in credit instruments sparked a forced sale of more liquid assets that had nothing to do with the credit crisis.",在这两次事件中，信用危机导致信用类工具丧失流动性，进而引发了对流动性更好、却与信用危机毫不相干的资产的强制抛售。,leading to... 现在分词短语后置修饰 a credit crisis；主句谓语为 sparked（引燃、引发）；that had nothing to do with... 定语从句修饰 assets。
202,术语,relative value equity arbitrage positions,相对价值股票套利头寸,押注两只经济上等价或高度相关股票的价差收敛的头寸，如两地上市的同一公司。
202,术语,defaulting on its debt obligations,债务违约,default on 对（债务）违约；debt obligations 债务偿付义务。
202,文化,used by Lowenstein in When Genius Failed,洛温斯坦《赌金者》（When Genius Failed）,罗杰·洛温斯坦2000年出版的财经名著，记述LTCM从辉煌到1998年崩盘的全过程。
202,术语,a dual-listed company,两地上市公司,指同一经济实体在两个交易所分别挂牌（如当年的 Royal Dutch 与 Shell），理论上两边股价应等值。
202,多义,trading at an 8–10 percent premium to Shell,相对壳牌有8%–10%的溢价,"premium 本句义""溢价""；常见义""保险费；额外费用""。at a premium/discount to 相对…溢价/折价。"
203,多义,LTCM had to vacate this position,不得不撤出这一头寸,"vacate 本句义""撤出（头寸）""；常见义""腾空（房间）、退（职位）""。"
203,难句,The Russian bond holdings were part of a relative yield trade that paired a long position in high-yield Russian debt and a short position in lower-yielding U.S. debt (which was a hedge against interest rates moving higher globally and which financed the long Russian position).,那些俄债持仓属于一笔相对收益率交易：做多高收益的俄罗斯债券，同时做空收益率更低的美国债券（后者既对冲全球利率上行的风险，又为做多俄债提供了融资）。,that 定语从句修饰 trade；paired A and B 把两腿配成一对；括号内两个 which 从句并列，说明空头美债的双重作用（对冲＋融资）。
203,词组,the billions of dollars of their debt that LTCM was stuck with,被套牢甩不掉的数十亿美元俄债,be stuck with 被迫持有、甩不掉；stuck 为 stick 的过去分词。
203,词组,"To be sure, some of those who worked at LTCM were quite good at mathematics.",诚然，LTCM的一些人数学相当好。,"to be sure 作让步插入语""诚然、固然""，后文常跟 but 类转折。"
203,词组,"a highly leveraged, one-way bet on ongoing stability",一场高杠杆押注持续稳定的单边赌注,one-way bet 单边押注（不对冲、只赌一个方向）；ongoing 持续进行中的。
203,词组,much closer to home for most quant funds,对多数量化基金而言切身得多,close to home（打击、话题）切身相关、感同身受；比较级 closer 强化程度。
203,生词,Several drivers coincided,几个驱动因素同时发生,"coincide 同时发生、恰好重合（名词 coincidence 巧合）；driver 此处义""驱动因素""。"
203,术语,the cross-ownership of these strategies with far less liquid ones,这些策略与流动性差得多的策略被交叉持有,指同一批投资者同时持有流动性好与差的策略；危机中流动性好的先遭抛售。
203,术语,many blue-chip managers,许多蓝筹（一线大牌）管理人,"blue-chip 原指绩优蓝筹股（源自扑克中最值钱的蓝色筹码），引申为""一流的、信誉卓著的""。"
203,术语,individual retail investors,个人散户投资者,retail investor 散户，与 institutional investor（机构投资者）相对。
203,术语,the low turnover and longer-term investment horizons,低换手率与更长期的投资期限,investment horizon 投资期限；低换手、长期限的策略才容纳得下大规模资金。
204,术语,about $1 trillion in gross positions,约1万亿美元的总头寸,gross positions 指多头市值与空头市值绝对值之和，与 net（净头寸）相对；文中括号即给出此定义。
204,多义,enough of them had sufficient overlap,它们之间有足够多的持仓重叠,"overlap 本句义""持仓重叠""；常见义""（时间、范围的）重叠部分""。"
204,生词,The second driver of the debacle,惨败；崩盘,debacle 惨败、灾难性崩溃（源自法语）；重音在第二音节。
204,生词,had already begun to suffer subpar returns,已开始出现低于平均的回报,subpar 低于标准或平均水平的（par 标准杆、面值）；反义 above par。
204,术语,flat or negative year to date before August,8月之前的年初至今（业绩）持平或为负,"year to date（YTD）年初至今；flat 此处义""持平、零收益""。"
204,词组,tend to chase recent performance,往往追逐近期业绩,chase performance 指资金流向近期表现好的策略或基金，即机构版的追涨杀跌。
204,词组,especially itchy trigger fingers for risk managers,"让风控经理们的""扳机指""格外手痒","itchy trigger finger 字面""扣扳机的手指发痒""，喻动辄开枪，此处指急于砍仓降风险。"
204,术语,cross-collateralizing many strategies against each other,让多个策略互为担保,collateral 抵押品；cross-collateralize 指多策略共用保证金池，一处亏损会牵连其他策略被迫减仓。
204,词组,attest to their exposure to credit spreads,印证了他们在信用利差上的敞口,attest to 证明、佐证（正式语）；credit spread 信用利差（公司债收益率与无风险利率之差）。
204,多义,experienced spectacular and sudden losses,遭受触目惊心且突如其来的亏损,"spectacular 本句义""（规模）惊人的""；常见义""壮观的、精彩的""。"
204,术语,risk targeting,风险目标制,通过反向调节杠杆使组合波动率维持在目标水平的做法；低波动期会因此推高杠杆。
204,语法,whereby risk managers target a specific level of volatility,风控经理借此瞄准特定的波动率水平,whereby = by which，引导定语从句说明前述做法的运作方式；正式书面语。
205,难句,"However, note that these two phenomena can be causally linked in that markets tend to become more volatile precisely because they are being driven by a risk factor that also leads to higher-than-normal correlation among individual instruments.",但请注意，这两个现象可能存在因果关联：市场之所以变得更波动，恰恰是因为驱动它的那个风险因子同时也导致个券之间出现高于正常水平的相关性。,in that（因为、就在于）引导原因从句；precisely because 强调原因；that also leads to... 定语从句修饰 risk factor；波动率与相关性同升会使VaR骤增。
205,词组,by virtue of the use of risk targeting models for leverage,凭借；由于,"by virtue of 正式介词短语，""凭借、依靠…""；与 by means of 近义。"
205,生词,would have necessitated increasing leverage by at least one-and-a-half to two times,将需要把杠杆至少提高1.5到2倍,necessitate 使成为必要（正式语），后接动名词；虚拟完成式表示对假想情形的推断。
205,术语,a four-times gross leverage strategy,四倍总杠杆的策略,gross leverage =（多头＋空头绝对值）／资本金；由四倍升到六至八倍意味着同样资本承载的头寸接近翻倍。
205,词组,reliable producers of double-digit returns,稳定产出两位数回报的策略,double-digit 两位数的（10%–99%）；与后文 low single-digit（个位数低段）相对。
205,多义,wanted better nominal returns,想要更高的名义回报,"nominal 本句义""名义上的（未经风险调整的绝对数字）""；常见义""象征性的（nominal fee）""。"
205,词组,as the credit crisis began in earnest,随着信用危机全面爆发,"in earnest 动真格地、全面地展开；earnest 作形容词义""认真诚挚的""。"
205,词组,To review,回顾一下；小结一下,置于段首引出对前文要点的小结，与 to recap 同义。
205,术语,began to deleverage their portfolios,开始对组合去杠杆,deleverage 去杠杆，即减少借入资金、压缩总头寸；反义为 lever up（加杠杆）。
206,词组,the most liquid strategy at hand,手头流动性最好的策略,at hand 手边现成的、可即刻动用的。
206,术语,sold off their longs and covered their shorts,卖掉多头并回补空头,cover a short 指买回股票平掉空头头寸；longs、shorts 名词化指多头、空头持仓。
206,生词,"substantial, fundamentally inexplicable price declines",基本面上无法解释的大幅价格下跌,"inexplicable 无法解释的（in- + explicable）；fundamentally 此处指""从基本面角度""。"
206,术语,the quadratic nature of market impact,市场冲击的二次方特性,指冲击成本随交易量非线性（近似平方）增长：交易量增一倍，冲击成本远不止增一倍。
206,词组,on the wrong side of a tipping point,越过了临界点（到了不利的一侧）,tipping point 临界点、引爆点；on the wrong side of 处于…不利的一侧。
206,术语,paying as much as 15 percent in market impact,支付高达15%的市场冲击成本,market impact 指自身交易推动价格朝不利方向变动造成的隐性成本，与佣金、滑点并列为交易成本。
206,生词,As soon as the liquidation pressure subsided,消退；平息,subside（洪水、风暴、压力）退去、平息；与 recede 近义。
206,词组,which by all accounts was during the afternoon of August 9,据各方说法是在8月9日下午,"by all accounts 据大家所说、公认地；account 此处义""叙述、说法""。"
206,多义,the stock resumed its downward march,该股恢复了下跌行军,"march 本句义""（持续的）行进、进程""，喻价格单向持续走势；常见义""行军、游行""。"
207,词组,Statistical arbitrageurs usually feast on environments like this,统计套利者通常把这种环境当作盛宴,feast on 大快朵颐、尽情享用；价差异常拉大对统计套利本是获利良机。
207,多义,being sold at extremely depressed levels,在被极度压低的价位遭抛售,"depressed 本句义""（价格）被压低的""；常见义""抑郁的；萧条的""。"
207,难句,"These stocks had diverged from their peers so significantly that they must have appeared to be excellent trading opportunities to the average stat arb trader, who bets that such stocks will converge again to a “fair” relative value.","这些股票与同类股的背离如此之大，以至于在一般统计套利交易员看来必定像是绝佳的交易机会——这类交易员押的正是此类股票会重新收敛到""合理""的相对价值。",so...that 结果状语从句；must have appeared 对过去情况的肯定推测；who 非限定性定语从句补充说明统计套利交易员的行为逻辑。
207,多义,taking on the inventory of other quant funds,"接下其他量化基金抛出的""存货""","inventory 本句义""（接盘方手中的）持仓存货""；常见义""库存清单""。take on 承接、接手。"
207,词组,In front of this tidal wave,面对这股狂潮,"tidal wave 本义海啸巨浪，喻源源不断的抛压；in front of 此处近""面对、挡在…之前""。"
207,词组,"became anxious to go to cash, adding fuel to the fire",急于换成现金，火上浇油,go to cash 清仓持币；add fuel to the fire 火上浇油、使局面更糟。
207,词组,losing money at breakneck speed,以极快的速度亏钱,breakneck（快得）像要折断脖子似的，形容速度危险地快；常与 speed、pace 连用。
207,词组,the dam broke on August 8,8月8日大坝决堤,the dam breaks 喻长期积聚的压力瞬间释放、局面彻底失控。
207,文化,"Thursday, August 9, was pure bedlam in quant-land.",8月9日周四，量化圈彻底乱成一团。,"bedlam 源自伦敦 Bethlem 皇家疯人院之名，泛指喧嚣混乱的场面；quant-land 戏称""量化圈""。"
207,词组,extremely far removed from the original losers,与最初亏损策略相去极远的策略,far removed from 与…相距甚远、大不相同；removed 此处为形容词。
207,词组,began to bleed money,开始持续失血亏钱,"bleed money 喻资金像血一样不断流失；bleed 亦有""榨取（钱财）""义。"
207,多义,literally every minute of the day ticked lower and lower,当天几乎每一分钟都在一格格走低,"tick 本句义""（价格、盈亏）逐跳变动""（tick 为最小价格变动单位）；常见义""钟表滴答声；打勾""。"
207,词组,any stock that was unattractive for any reason was running up,不管因为什么不被看好的股票反而在被拉升,run up（价格）快速上冲；与前文 sold down（被砸低）相对，凸显行情完全颠倒。
208,生词,a period of exceedingly perverse behavior,一段极其反常悖理的市场行情,perverse 反常的、有悖常理的；exceedingly = extremely（书面）。
208,语法,"Not only were tried-and-true factors not working, they were actually working negatively.",久经考验的因子不仅失灵，甚至在反向起作用。,not only 置于句首引起部分倒装（were tried-and-true factors...）；后半句省略 but also；tried-and-true 久经考验的。
208,难句,"And because the primary discretion employed by a great many quant managers is the decision to unwind positions in the event that the models are behaving badly, quant managers did exactly that, leading other managers with any overlap experiencing losses and doing exactly the same thing in response.","而且，由于许许多多量化经理所动用的主要人工判断就是""模型表现失常时平仓离场""这一决定，他们也确实这样做了，结果导致其他任何持仓有重叠、正在亏损的经理也纷纷照做回应。",because 从句的主语为 the primary discretion、表语为 the decision to unwind...；in the event that 万一、若发生…；leading... 现在分词短语作结果状语。
208,生词,tried to convene its investment committee,试图召集投资委员会开会,"convene 召集（会议、委员会），正式语；不及物用法义""开会集合""。"
208,多义,the lieutenants managing the portfolio day to day,日常管理组合的副手们,"lieutenant 本句义""副手、下属干将""；常见义""（军衔）中尉""。"
208,词组,the committee elected to hold the course,委员会选择按兵不动、维持原方针,elect to do 选择做（正式语）；hold/stay the course 坚持既定路线不改变。
208,词组,liquidating their portfolios only very late in the game,直到局面很晚的阶段才清仓,late in the game 喻事态发展到后期、为时较晚之时。
208,词组,at the tail end of an already massive deleveraging,在一场已然巨大的去杠杆浪潮的尾声,tail end 末尾、收尾阶段；already 强调抛售早已展开，晚来者只能承受最高的冲击成本。
208,生词,Reports of losses at extremely prestigious funds abounded.,极负盛名的基金亏损的报道比比皆是。,abound（不及物）大量存在、比比皆是；prestigious 声望卓著的。
208,生词,few equity traders emerged unscathed from this event,几乎没有股票交易者能从这场风波中毫发无损地脱身,unscathed 毫发无损的（scathe 伤害），常与 emerge、escape 连用。
208,词组,down in the small single digits,跌幅在个位数低段,single digits 个位数（1–9%）；small single digits 指其中偏小的区间。
208,词组,nothing short of a liquidity crisis,不折不扣是一场流动性危机,nothing short of 完全称得上是、简直是，表强调。
209,术语,the cost of liquidation and market impact,清仓（被迫平仓）成本与市场冲击,"指亏损来自被迫卖出这一行为本身的成本，区别于""方向判断本身错误""造成的亏损。"
209,多义,"This is a fine, mostly academic, distinction",细微的（区别）,"fine 本句义""细微精细的""（a fine distinction 细微差别）；常见义""好的；罚款""。"
209,术语,crowding became a risk of quant trading strategies,拥挤交易,crowding 指过多资金挤入同一策略，使集体退出时互相踩踏、放大亏损。
209,多义,merits a discussion of quant-specific tools,值得（专门讨论）,"merit 作动词""值得、应得""；名词义为""优点、功绩""。"
209,词组,described risk models at some length,相当详尽地,"at (some/great) length 详细地、长篇地；与物理""长度""无关。"
209,术语,"exposure monitoring, profit and loss monitoring, execution monitoring, and systems performance monitoring",敞口监控、损益监控、执行监控与系统性能监控,量化机构四类主要实时监控工具，分别盯持仓敞口、盈亏、订单执行与软硬件运行状况。
209,词组,off-the-shelf software such as BARRA or Northfield,现成的、拿来即用的（商用）软件,off-the-shelf 货架上现成的、非定制的，与 proprietary（自研的）相对；BARRA 与 Northfield 为知名股票风险模型供应商。
209,多义,to various buckets of market capitalizations,分组；分桶,"bucket 本句义""（按市值划分的）档、组""；常见义""水桶""。"
209,术语,style factors such as value and growth,风格因子（如价值、成长）,风格因子指解释股票收益的共同特征维度（价值、成长、市值、动量等），是股票风险模型的核心构件。
209,多义,the art is in how to use them,妙处（功夫）在于如何使用,"art 本句义""技艺、火候""，指依赖经验判断的部分；与 straightforward（工具本身简单直白）相对。"
209,词组,exposures are out of line based on either limits or expectations,超出正常范围；不对劲,out of line 越界、与应有水平不符；与 in line with（相符）相对。
210,生词,check the reasons for this anomalous behavior,反常的；异常的,anomalous 偏离正常规律的；名词 anomaly（异象、异常现象）。
210,难句,"We know of at least one manager who noticed this intraday pattern and, as a result, quickly conducted research that enabled him to reduce his risk much earlier than most, thereby saving him much of the loss experienced by other traders who only acted later.",我们知道至少有一位基金经理注意到了这一日内规律，并因此迅速做了研究，使他得以远早于多数人降低风险，从而躲过了其他动手更晚的交易员所蒙受的大部分损失。,who 定语从句含 noticed 与 conducted 两个并列谓语；that enabled... 修饰 research；thereby + 现在分词表结果；experienced by... 过去分词短语后置修饰 loss。
210,术语,the realized and unrealized gains and losses,已实现与未实现（浮动）盈亏,realized 指已平仓兑现的损益；unrealized（浮盈浮亏）仍随市价波动、尚未落袋。
210,词组,cut losing positions quickly and ride winning positions longer,快速砍掉亏损头寸、让盈利头寸多跑一段,交易格言 cut losers and ride winners 的完整表述；ride（骑乘）喻继续持有获利头寸。
210,术语,frequently tracks a hit rate,胜率,hit rate 指策略在单笔头寸上盈利的次数占比；与之互补的指标是盈亏比（盈利单均值／亏损单均值）。
210,多义,what orders are currently being worked,（订单）正被拆单执行,"work an order 指把大单拆小、逐步执行；work 常见义""工作""。"
210,术语,Fill rates for limit orders are also tracked,成交率,fill 指订单成交；限价单可能挂而不成，故成交率是衡量执行算法表现的重要指标。
210,术语,more passive execution strategies,被动执行策略,指多用限价单等待对手方来成交、少主动跨价差吃单的执行方式；省价差但承担不成交风险。
210,术语,monitor slippage and market impact,滑点与市场冲击成本,slippage（滑点）指决策时的参考价与实际成交价之间的差异；两者均为隐性交易成本。
210,术语,latency in the communication of messages to and from the exchanges,延迟,latency 指信号、订单在传输与处理中的时延，是高频交易的核心竞争维度。
210,词组,sniffing out systems errors,嗅出；排查出,sniff out（猎犬）嗅出，喻通过持续监控发现隐藏的系统错误。
211,词组,"The discipline, computing power, and scientific rigor brought to bear on the challenge",投入运用到；施加于,bring sth to bear on 把（资源、力量）用于…；brought to bear 过去分词短语后置修饰三个并列的主语名词。
211,多义,certainly pay dividends overall,带来回报；见成效,"pay dividends 本句义""（努力）产生回报""；dividend 字面义""股息""。"
211,多义,help mitigate the downside associated with the risks,缓解与这些风险相伴的不利一面,"mitigate 减轻、缓解（正式语）；downside 此处义""负面、代价""，亦常指""下行风险""。"
211,生词,criticisms of quant trading that are widely espoused in the marketplace,信奉；拥护,espouse（正式）信奉、拥护（观点、事业）；与 spouse（配偶）同源但词义已分化。
213,文化,Computers are useless. They can only give you answers.,计算机毫无用处，它们只会给你答案。,毕加索名言，作者以此作本章题词：计算机只会执行指令给出答案，提出正确的问题仍然靠人。
213,词组,still love to hate quants,最爱拿…当靶子黑,love to hate 固定搭配：一边关注一边痛骂，带调侃意味。
213,术语,a sort-of-quant strategy known as portfolio insurance,组合保险,用股指期货动态对冲给股票组合「上保险」的策略，1987年10月股灾中被指为祸首；sort-of-quant＝「算是半个量化」。
213,词组,Spoiler alert,剧透警告（先说结论）,源自影视剧透场景，此处指抢先把结论说破：组合保险并非那次股灾的原因。
213,生词,from leery and suspicious to overtly negative,警惕怀疑的,leery＝提防戒备的，常与 of 连用；overtly＝公开地、明显地，反义 covertly（暗地里）。
213,生词,Some of the predilection is likely owed to,（先入为主的）偏好；倾向,predilection＝预先形成的偏好，此处指公众「讨厌量化」的倾向；be owed to＝归因于；形近词 prediction（预测）。
213,多义,occasional and sensational blowups,耸人听闻的,sensational 本句义「轰动的、耸人听闻的」；口语中另有「极好的」义。
213,生词,permeated our society,渗透；弥漫,permeate＝像流体一样渗入各处；与 pervade 近义，permeate 更强调穿透过程。
213,难句,"As time has passed, and more acceptance of quantitative methods have permeated our society—savvy kids and even adults are totally fine, somehow, with their data being sold, shared, and mined by arguably adversarial agents—the criticisms have slightly abated.",随着时间推移、量化方法被社会广泛接受——精明的年轻人甚至成年人不知怎么地都完全不介意自己的数据被可以说怀有敌意的机构出售、共享和挖掘——对量化的批评也稍稍平息了。,主干 As time has passed…the criticisms have abated；两个破折号之间为让步性插入语；be fine with sth＝不介意；savvy＝精明懂行的；arguably＝可以说。
213,生词,the criticisms have slightly abated,减弱；平息,abate＝（风暴、批评、疼痛）减退；法律语境另指减免。
214,生词,a very much ingrained fear,根深蒂固的,ingrain 原指染料渗入纤维，引申为（观念、恐惧）深植难除。
214,词组,has its pluses and minuses,有利有弊,plus/minus 名词化用法，相当于 pros and cons。
214,生词,I also present counterpoints in defense of quants,反驳观点,counterpoint 此处＝反方论点；音乐术语中指对位法。in defense of＝为…辩护。
214,语法,"Where relevant, I also present counterpoints",凡涉及之处；在相关的地方,Where relevant＝where it is relevant 的省略：状语从句中省略「主语+be」。
214,术语,Neither can be proven right ex ante,事前（拉丁语）,ex ante＝仅凭事前信息判断；反义 ex post（事后）。金融文献常用。
214,难句,"At this point, given the accomplishments of OpenAI, Midjourney, and others—note that the leaders in the field today, in late 2023, might remain dominant players, or might be footnotes in the history of this rather important space—I think the criticism of art being the sole domain of biological humans has been settled pretty squarely.",时至今日，鉴于 OpenAI、Midjourney 等公司的成就——注意今天（2023年末）该领域的领军者可能继续称霸，也可能沦为这个相当重要领域历史上的注脚——我认为「艺术是碳基人类专属领地」这一论调已被相当干脆地终结了。,主干 I think the criticism…has been settled；given…作原因状语；破折号内为提醒式插入；art being the sole domain 为动名词复合结构；footnote 比喻「无足轻重的注脚」；squarely＝干脆利落地。
214,词组,more of a when than an if,是「何时」的问题而非「会不会」的问题,把疑问词名词化的口语句式，表示事情必然发生、只欠时间。
214,多义,impervious to computerized improvement,不受…影响的；无法被…改进的,impervious 本义「不透水的」，引申为「油盐不进、完全不受影响」。
214,词组,reminiscent of the persecution of scientists such as Galileo and Copernicus,令人联想起（对伽利略、哥白尼等科学家的迫害）,be reminiscent of＝使人想起；persecution（迫害）注意与 prosecution（起诉）形近。
215,术语,making markets in stocks,做市,make markets＝持续双边报价、赚取买卖价差并提供流动性。
215,生词,the benefit and cachet of doing things manually,声望；格调,cachet（法语借词）＝独特的威望与身份象征。
215,多义,is a bit less easily dismissed,驳回；不予理会,dismiss 本句义「（把论点）打发掉」；常见义「解雇；解散」。
215,词组,something humans do with mixed results,结果好坏参半,mixed 此处＝有好有坏的；类似 mixed feelings（喜忧参半）。
215,难句,"But in many cases, quant trading included, it is entirely feasible to demonstrate that something humans do with mixed results can be done just as well by computers: to profit from trading the markets.",但在很多情形下——量化交易也在其中——完全可以证明：一件人类做起来成绩时好时坏的事，计算机同样能做好，那就是从交易市场中获利。,it 为形式主语，真主语是 to demonstrate that…；quant trading included＝including quant trading 的倒置插入语；冒号后不定式补充说明 something 的内容。
215,词组,as evidenced by the results of some of the quant firms,正如…所证明的,evidence 作动词（多用于被动或分词结构），书面语。
215,词组,components of truth and of falsehood,谬误；虚假,falsehood＝虚假、谎言，与 truth 对举，比 lie 书面。
215,多义,distill the concept of risk down to a single number,提炼；浓缩成,distill 本义蒸馏，引申为把复杂事物提炼成精简形式；常与 down to 搭配。
216,术语,"large-scale, crowded trading strategies",拥挤交易策略,crowded trade＝太多资金挤在同一策略上，集体退出时互相踩踏放大亏损。
216,词组,I can drum up a model of my wealth,鼓捣出；拼凑出,drum up 本义敲鼓招揽（生意、支持），此处戏谑指随手编造。
216,多义,"all of my assumptions are highly suspect, at best",可疑的；靠不住的,suspect 此处为形容词（重音在前）；作动词（重音在后）＝怀疑。at best＝往好了说也不过如此。
216,生词,developed to appease risk managers,安抚；迁就,appease＝用让步平息对方，常含贬义（绥靖）。
216,生词,the difficult and nuanced work,细致入微的,nuance（细微差别）的形容词，指需要分辨微妙之处的工作。
216,难句,"Indeed, VaR itself was developed to appease risk managers and banking regulators who were interested in having a single number to summarize downside risk, rather than do the difficult and nuanced work of understanding risk from many perspectives.",事实上，VaR 本身就是为迎合风控经理和银行监管者而开发的——他们只想要一个数字来概括下行风险，而不愿去做从多角度理解风险这种困难而细致的工作。,who 定语从句修饰 risk managers and banking regulators；rather than do 与 having a single number 对照，rather than 后用动词原形与 have 平行。
216,词组,underestimate worst-case scenarios,最坏情形,worst-case scenario＝设想中最糟的情境；反义 best-case scenario。
216,词组,in the aftermath of a disastrous event,在…之后（的余波中）,aftermath 原指割草后再生的草，引申为灾难后的余波期。
216,多义,should not be simply discounted,无视；不当回事,discount 本句义「低估、不予理会」；常见义「打折」。
216,术语,five distinct drawdowns,回撤,drawdown＝净值从峰值到谷底的跌幅，衡量下行风险的常用指标。
216,生词,reached a nadir of −45 percent,最低点,nadir＝天文学「天底」，引申为最低谷；反义词 zenith（顶点）。
217,术语,the quant liquidation crisis,量化平仓危机,指2007年8月初多家量化股票基金因持仓雷同被迫集中平仓、互相踩踏的一周。
217,术语,the bear market of March 2000 through October 2002,熊市,由互联网泡沫破裂引发的持续下跌；bear（空头）与 bull（多头）相对。
217,多义,I reject wholesale the idea,全盘地；一概地,wholesale 此处为副词「不加区分地」；常见义「批发」。
217,术语,the Dow's realized volatility,已实现波动率,由历史实际价格计算的波动率；与由期权价格反推的隐含波动率相对。
217,术语,"Implied volatility, as measured by the VIX index",VIX指数（恐慌指数）,由标普500期权隐含波动率编制，衡量市场对未来30天波动的预期。
217,多义,an impressive stretch of the imagination,牵强附会,stretch 此处＝牵强、勉强延伸；常用短语 by no stretch of the imagination。
217,难句,"From the close of trading on August 3 through August 9, 2007, certainly the worst part of the quant liquidation crisis, the Dow was actually up an estimated 1.1 percent—scarcely cause for alarm.",从2007年8月3日收盘到8月9日——这无疑是量化平仓危机最惨烈的阶段——道指实际上反而上涨了约1.1%，根本谈不上值得恐慌。,句首为长时间状语；certainly the worst part…为同位语插入；破折号后 scarcely cause for alarm 是省略 it was 的评注。
217,词组,run-of-the-mill manias and panics,平平无奇的；家常便饭的,run-of-the-mill＝流水线量产的普通货色，引申为不足为奇。
217,多义,the extraordinary events of 2008 bear discussion,值得讨论,bear 此处＝值得、经得起（bear repeating/scrutiny）；常见义「承受」。
217,生词,this is not a polemic against high frequency trading,论战；抨击檄文,polemic＝针对某观点的猛烈笔伐，比 criticism 火药味重。
217,难句,"Specifically, they are detecting that other traders/investors are piling onto something in a slow-moving train wreck kind of way, and they're simply insisting on being paid to take on that risk.",具体说，这些算法察觉到其他交易者/投资者正以「慢镜头火车事故」的方式扎堆涌入某个方向，而它们只是坚持要为承接这一风险收取报酬。,pile onto＝蜂拥挤入；a slow-moving train wreck＝眼睁睁看着灾难缓慢发生的比喻；insist on being paid 为动名词被动式；take on risk＝承接风险。
218,词组,flash crash of sorts,勉强算是；某种意义上的,of sorts 后置修饰，表示「不太典型的、姑且算是的」。
218,生词,days from a complete meltdown,崩溃；大崩盘,meltdown 原指核反应堆堆芯熔毁，引申为系统性崩溃；days from＝距离…只有几天。
218,生词,brought us to that precipice,悬崖边缘,precipice＝悬崖，比喻灾难临界点；同根词 precipitous（陡峭的）。
218,多义,to discuss how quants fared,表现如何；过得怎样,fare 作动词＝（在某境遇中）表现；常见义为名词「车费」。
218,生词,lent money without proper diligence,尽职调查；审慎核查,diligence 此处是 due diligence 的简说；常见义「勤奋」。
218,生词,ignored and/or exacerbated the situation,加剧；恶化,exacerbate＝使坏局面更糟；形近词 exaggerate（夸大）。
218,生词,Dodgy accounting practices,不靠谱的；有猫腻的,dodgy（英式口语）＝可疑、耍滑头的；同根 dodge（闪躲）。
218,多义,skewed compensation practices,扭曲的；畸形的,skew 本义使歪斜；统计学中 skewness＝偏度。
218,词组,irresponsible rumormongering on the Internet,散布谣言,-monger 后缀＝贩卖…的人（如 warmonger 战争贩子）；rumor-mongering＝造谣传谣。
218,生词,divert attention from the real causes and culprits,罪魁祸首,culprit＝元凶、罪犯；divert attention from＝转移对…的注意力。
218,多义,loudly lobbying for banning short sales,游说,lobby 作动词＝向立法/监管者施压争取；名词义「大堂」。
218,难句,"It was caused by irresponsible banks that lent money without proper diligence to unqualified consumers, who acted with total disregard to their own financial realities; enabled by ratings agencies that had lost all sense of independence and objectivity—though, perhaps more accurately, they only made a breathtakingly clear example of their conflicted interests; and regulators, who ignored and/or exacerbated the situation.",危机由不负责任的银行造成——它们不做尽职调查就放贷给完全无视自身财务状况的不合格消费者；又有丧失独立性与客观性（更准确地说，只是把自身利益冲突暴露得触目惊心）的评级机构推波助澜；还有对局面视而不见甚至火上浇油的监管者。,caused by…; enabled by…; and regulators 三个并列施动者以分号分隔；that/who 定语从句层层嵌套；破折号内为作者的修正性插入；conflicted interests＝利益冲突。
219,生词,written by our interloping friend Michael Lewis,闯入（别人领域）的；不请自来的,interlope＝闯进他人地盘插一脚；此处调侃《大空头》原作者 Michael Lewis 屡屡「闯入」金融题材。
219,词组,despite the attempted smokescreen,烟幕弹；障眼法,smokescreen 原指军事烟幕，引申为转移视线的幌子。
219,术语,toxic balance sheets,有毒资产负债表,toxic assets＝价值暴跌、无人接盘的问题资产；toxic 为金融引申义。
219,多义,uncounted and untold billions in losses,数不清的,untold 此处＝多得说不清的；另义「未被讲述的」。
219,多义,enough to stem the pace of the collapse,遏制；止住,stem 此处为及物动词「堵住、遏制」；注意与 stem from（源于）区分。
219,多义,the most benign monetary policy in American history,宽松温和的,benign 本句指货币政策极度宽松；医学义「良性的」，常见义「和善的」。
219,词组,one hell of a very real mess,不折不扣的；十足的,one hell of a＝口语强调「非常了不得的」，可褒可贬。
219,词组,those railing against hedge funds and short sellers,猛烈抨击,rail against＝大声疾呼地谴责；与「铁轨」rail 同形异义。
219,多义,one week after the ban was lifted,解除（禁令）,lift 此处＝撤销（禁令、封锁）；常见义「举起」。
219,生词,"when it burst, unleashed all this havoc",释放出（浩劫）,unleash＝解开狗链放出，引申为释放破坏力；havoc＝大破坏。
219,多义,precipitated anything associated with the real economic crisis,促发；触发,precipitate 作动词＝使提前/突然发生；化学义「沉淀」；同根 precipice（悬崖）、precipitous（陡然的）。
219,术语,mispricings between various tranches of a company's capital structure,（资本结构的）分层；份额,tranche（法语「切片」）＝同一发行中按风险与优先级切分的层级。
219,术语,buying massively distressed assets,不良的；陷入困境的（资产）,distressed assets/debt＝发行方濒临违约、价格深度折让的资产。
219,难句,But inferring that they were involved in the creation of a crisis is like saying the world is round because California grows good avocados.,但据此推断他们参与制造了危机，就好比说「因为加州盛产好牛油果，所以地球是圆的」。,动名词短语 inferring that…作主语；is like saying…类比结构，讽刺前后毫无因果关联。
220,多义,far more instrumental in the crisis of 2008,起重要作用的,instrumental 本句义「起关键作用的」；另义「乐器的；工具的」。
220,术语,buying fancy houses with no down payments,首付,down payment＝分期购房的首付款；no down payments＝零首付。
220,生词,no proof of financial wherewithal,财力；所需资金,wherewithal（不可数）＝做某事所需的钱财资源，常与 the 连用。
220,术语,an abuse of the concept of diversification,分散化,diversification＝通过分散持仓降低单一风险；此处指其被滥用于为劣质贷款打包背书。
220,生词,it was infamously assumed,臭名昭著地,infamous（读音 /ˈɪnfəməs/）＝因坏事出名，并非 famous 的简单否定。
220,术语,no systemic risk,系统性风险,systemic＝波及整个体系的；辨析 systematic（系统化、有条理的）。
220,难句,"But making a huge number of equally bad loans was probably a completely fine idea because, it was infamously assumed, not all those loans would go bad all at once.",但（他们认为）发放海量同样糟糕的贷款大概完全没问题，因为——这一假设后来臭名昭著——这些贷款不会全部同时变成坏账。,making…loans 动名词作主语；it was infamously assumed 为插入语；go bad＝变质、变坏账；all at once＝同时。
220,术语,"copulas, Lévy models, saddlepoint approximations",Copula（连接函数）等定价数学工具,copula 用于刻画多资产违约相关性，是CDO定价的核心模型；Lévy 模型、鞍点近似同为信用衍生品定价技术。
220,生词,nothing to do with their promulgation throughout the investment community,推广；传播,promulgate＝正式颁布/广泛传播；此处指结构化产品在投资界的扩散。
220,术语,the financial engineering that drives the creation of structured products,金融工程,指设计与定价衍生品、结构化证券的学科；作者强调它与量化交易几乎无交集。
220,多义,Quant traders do not originate securities,创设；发起（证券）,originate 此处为信贷术语「发起（贷款/证券）」；常见义「起源于」。
220,词组,follow the path of least resistance,走阻力最小的路,物理学比喻：人如水流趋易避难；常用于描述制度激励下的行为规律。
221,词组,awarded free (to them) do-overs,免费重来的机会,do-over（美式口语）＝推倒重来的机会；(to them) 插入强调代价由别人承担。
221,文化,Selah,（希伯来语）到此打住、细细品味,《圣经·诗篇》段落结尾的礼仪性标记词，作者借用表示「此节说完，请自行体会」。
221,多义,2008 was a banner year,丰收的；大获成功的（年份）,banner 作形容词＝极出色的；本义「横幅」。
221,多义,even if −10 percent was the norm,常态；普遍水平,norm 此处＝普遍水准；另义「规范」（social norms）。
221,生词,"Many large, storied money market funds have gone bust",声名显赫的；富有传奇的,storied＝有辉煌历史的（与 story 同根，非「楼层」义）；go bust（口语）＝破产倒闭。
221,词组,To my way of thinking,依我看,＝in my opinion 的书面变体。
221,生词,it is categorically untrue,断然地；完全地,categorically＝斩钉截铁地（否认/声明）；源自逻辑学「范畴」。
221,多义,the last two severe market dislocations,市场失灵；价格错位,dislocation 本句指市场剧烈失序；医学义「脱臼」。
221,多义,immune from losses or unaffected by market turmoil,不受（亏损）影响的,immune 本句义「免受…的」；医学义「免疫的」；turmoil＝动荡。
221,词组,an immense double standard applied to quants,双重标准,double standard＝对不同对象宽严不一的评判尺度。
221,语法,"in order for the event to be of importance to a quant, the regime change must be both large and without much warning",要使（事件对量化真正构成影响）,in order for A to do＝不定式带逻辑主语A；be of importance＝be important 的名词化表达；regime change＝市场状态切换。
222,术语,faced a liquidity crisis,流动性危机,指市场深度骤降、持仓卖不出去，只能大幅折价成交的局面。
222,多义,at least three separate episodes of substantial pain,（一轮）发作；一波,episode 本句指一段疼痛期；常见义「（剧集的）一集」。
222,难句,The trend favoring growth over value from May 2007 to January 2008 is easily seen to be sharper than that which favored value before May 2007.,2007年5月至2008年1月成长股跑赢价值股的趋势，明显比2007年5月之前价值股占优的趋势更为陡峭。,主语 trend 带现在分词后置定语 favoring growth over value；that which favored value 中 that 替代前述 trend；is easily seen to be 为「被动+不定式」结构。
222,词组,two other periods catch the eye,引人注目,catch the eye＝抓住眼球；以引人注意的事物作主语。
223,生词,becomes inverted at such times,颠倒的；反转的,invert＝上下/内外颠倒；此处指市场原有行为规律整个反转。
223,多义,able to successfully navigate these periods,安然渡过；应对,navigate 本句义「设法穿越（困难时期）」；常见义「导航」。
223,词组,sit on the sidelines during normal times,在场边观望,sideline＝球场边线；on the sidelines＝不下场参与。
223,生词,the resumption of such longer-term trends,恢复；重新开始,resume 的名词形式；辨析 résumé（简历）。
223,术语,These counter-trend traders,逆势（策略）交易者,专做长期趋势短暂反转行情的策略，常在趋势策略的受难期获利。
223,术语,known as breakout trading,突破交易,平时空仓观望、待价格突破区间或出现大错位才入场的策略。
223,词组,in the wake of the disastrous performance,紧随…之后；在…之后,in the wake of＝船尾航迹的比喻，指紧接某事件之后。
223,生词,it is a patently false claim,明显地；显而易见地,patently＝一眼可见地（多与 false/obvious/absurd 连用）；与专利 patent 同形。
223,生词,with both vehemence and certainty,激烈；斩钉截铁,vehemence＝言辞的激烈强度；形容词 vehement。
223,术语,The number of degrees of freedom,自由度,统计与建模术语：可独立选择的参数或决策维度的个数。
223,生词,ostensibly looking for the same types of anomalies,表面上；名义上,ostensible＝表面宣称的（未必属实）；辨析 ostentatious（炫耀的）。
223,难句,"Though the kinds of phenomena are not very numerous, all the other considerations are ways the quant can differentiate his approach from those of others who are ostensibly looking for the same types of anomalies.",虽然（可利用的）现象种类并不多，但其余所有这些决策环节，都是量化交易者把自己的方法与那些表面上在寻找同类异象的同行区分开来的途径。,Though 让步从句；ways 后接省略 in which 的定语从句；those of others＝the approaches of others，代词避免重复。
223,术语,we have separately managed accounts,专户（SMA）,separately managed account＝投资者单独开设、委托管理人交易的账户，持仓对投资者透明。
224,多义,held in opposite directions on the exact same names,同一批股票（name＝个股）,name 在交易行话中指具体证券/标的；常见义「名字」。
224,生词,This belies the notion that quants are all the same,证明…不实；与…相矛盾,belie＝（事实）戳穿（说法）；并非 believe 的变体。
224,难句,"With a third to a half of all potentially overlapping positions held in opposite directions, it is difficult to accept an argument that quants are all the same.",所有可能重叠的持仓中有三分之一到一半方向相反，这样一来就很难接受「量化都是一路货」的论调了。,With+名词+过去分词的独立结构作原因状语；it 为形式主语；that quants are all the same 是 argument 的同位语从句。
224,术语,ranging from convertibles to risk arb and macro strategies,可转债,convertibles＝可转换债券，可按约定条件转成股票；risk arb＝风险套利（并购套利），押注已公告并购完成赚取价差。
224,术语,the equity hedge and event-driven styles,事件驱动（策略）,围绕并购、重组、破产等公司事件建仓的对冲基金风格。
224,术语,fund of funds indices,基金中的基金（FOF）,fund of funds＝把资金分散投给多只对冲基金的母基金。
224,生词,ONLY A FEW LARGE QUANTS CAN THRIVE IN THE LONG RUN,兴旺；发展壮大,thrive＝茁壮成长、繁荣；辨析 strive（努力）。
225,多义,outperform their smaller cousins,同类；同行,cousin 本句为比喻「同类机构」；常见义「表亲」。
225,词组,fall by the wayside,掉队；被淘汰,源自《圣经》撒种比喻：落在路边的种子无法生根。
225,生词,either underperformance or investor attrition,流失；损耗,attrition＝逐渐消耗（客户流失、人员减员）；war of attrition＝消耗战。
225,难句,"The best shops, furthermore, are so good that they ultimately replace their investors' capital with their own, leaving the investor who desires to invest in quant trading in a quandary",更有甚者，最优秀的机构好到最终会用自有资金替换掉投资者的资金（不再接受外部投资），让想投量化的投资者陷入两难。,so…that 结果从句；leaving…现在分词作结果状语；quandary＝进退两难，in a quandary 固定搭配；who desires…定语从句嵌在 the investor 与 in a quandary 之间。
225,词组,"if they kick out their investors later, so be it",那就随它吧,so be it＝虚拟语气残留，表示无奈接受；kick out＝赶走。
225,多义,simply avoid this space altogether,这个领域；赛道,space 本句为行业用语「细分领域」；常见义「空间」。
225,生词,This criticism and its corollaries,推论；必然结果,corollary＝由主命题自然推出的结论，数学用语。
225,生词,one sacrifices nimbleness while gaining size and resources,灵活性,nimble（敏捷的）的名词形式；指大资金调仓笨重、失去灵活。
225,词组,extremely costly in times of stress,在市场承压时期,in times of＝在…时期；stress 此处指市场压力，非「精神压力」。
225,词组,they cannot put enough money to work there,把钱投出去；让资金发挥作用,put money to work＝让资金进场产生回报。
225,术语,has very limited capacity,（策略）容量,capacity＝策略在收益未明显衰减前所能容纳的资金规模。
225,生词,become complacent or uninvolved,自满的；安于现状的,complacent（自满）≠ complaisant（殷勤顺从）。
225,生词,any more an impediment for quants,障碍,impediment＝阻碍（正式）；speech impediment＝语言障碍。
225,多义,As one small discretionary trader put it,如此说道；这样表述,put it＝措辞、表达，put 的熟词僻义。
225,难句,"Regardless, there isn't a particularly good reason to believe that the lack of resources any small trader faces, relative to those who are much larger and trade similar strategies, is any more an impediment for quants than for discretionary traders.",无论如何，没有充分理由认为：小机构相对于规模大得多、策略相似的同行所面临的资源匮乏，对量化交易者的阻碍会比对主观交易者更大。,that 从句的主语 the lack of resources 带省略关系词的定语从句 any small trader faces；relative to…为插入比较；any more…than 比较结构横跨全句。
226,词组,"to build on success, a larger trader must incorporate other strategies",在（成功）基础上更进一步,build on＝以…为基础扩展；incorporate＝纳入。
226,词组,is mixed at best,充其量好坏参半,mixed＝正反证据都有；at best 进一步压低评价。
226,文化,The so-called 80–20 rule,二八定律（帕累托法则）,80%的价值来自20%的资源或人员；源自帕累托对财富分布的观察。
226,生词,this may be suboptimal,次优的；不理想的,sub-（低于）+ optimal（最优）；委婉的批评用语。
226,生词,a great deal of (admittedly anecdotal) evidence,诚然；无可否认地,admittedly＝说话人先承认己方证据的弱点；anecdotal＝轶事性、非系统的。
226,难句,"Instead of having a mathematician who doesn't understand software development (or hardware issues, or network optimization) and may not have a great deal of trading expertise or experience, it may be better to have senior partners whose skillsets span multiple areas relevant to quant trading (math, computer science, and finance).",与其要一个不懂软件开发（或硬件、网络优化）、也未必有多少交易经验的数学家，不如要几位技能横跨量化交易多个相关领域（数学、计算机科学、金融）的资深合伙人。,Instead of+动名词与 it may be better to 形成「与其…不如…」；who 从句内两个并列谓语；whose 从句修饰 partners；span＝横跨。
226,难句,"The jargon is almost always different, the approach to communicating can be different, the assumptions are often different, and, perhaps most importantly, the understanding of what problems can be solved (and what can't be solved) by people in other fields is simply not at a high enough level to maximize the efficiency of communication between specialists of differing fields.",行话几乎总是不同，沟通方式可能不同，假设也常常不同；或许最重要的是，各领域的人对「哪些问题能解决（哪些不能）」的理解水平不够高，以致无法让不同领域专家之间的沟通效率最大化。,四个并列分句层层递进；末句主语为带 of what…宾语从句的长名词短语；not at a high enough level to…＝不足以…。
227,词组,trying to plug the holes in communication,堵住（沟通中的）漏洞,plug the holes＝补漏；plug 名词义「插头」。
227,词组,this energy was often spent in vain,徒劳地,in vain＝白费；vain 另义「虚荣的」。
227,生词,This is not an indictment of that particular group,控诉；谴责,indictment 本为法律术语「起诉书」（c 不发音），引申为严厉指责。
227,生词,a well-known problem endemic to any field,（某领域）特有且普遍存在的,endemic to＝在某范围内固有流行；辨析 epidemic（爆发流行的）。
227,词组,expertise from a multitude of disciplines,大量的；众多的,a multitude of＝许多（正式）；multitude 亦指「人群」。
227,词组,competes favorably with a portfolio of larger quant managers,与…相比毫不逊色,compete/compare favorably with＝相比之下不吃亏。
227,术语,rely on data vendors,数据供应商,vendor＝供应商；数据商向机构出售行情、基本面等数据（如彭博、路透）。
227,词组,gained traction with previously unwilling investors,获得认可；打开局面,traction 本义轮胎抓地力，引申为想法或产品开始被接受。
227,生词,Investors vie for access to “hot” launches,争夺,vie for＝竞相争夺（vie with sb for sth）；launch 此处指新基金发行；hot＝抢手的。
227,多义,far from airtight,（论证）无懈可击的,airtight 本义密不透风，引申为（论证、案子）无破绽；far from＝远谈不上。
227,多义,a great deal of expertise and firepower,实力；资源「火力」,firepower 军事比喻：机构的资金、人才、算力等综合实力。
227,词组,it boils down to an evaluation of managers,归结为,boil down to＝熬汤收汁的比喻，最终浓缩为；后文 bottom up＝自下而上逐个考察，与 top down 相对。
228,术语,no valid “top down” evidence,自上而下,top down＝从整体规律（如规模大小）作先验判断；与 bottom up（自下而上逐个考察）相对。
228,词组,Data mining is given a fairly bad name in financial circles,败坏…的名声,give sth a bad name＝使…名声不好；financial circles＝金融圈。
228,生词,It is used interchangeably with another term,可互换地,interchangeable＝可相互替换的；此处指 data mining 常被与 overfitting 混用。
228,词组,This is a fine line,微妙的界限,fine 此处＝细微的（a fine line between A and B）；不是「好」。
228,生词,The only discernible difference,可辨识的；看得出的,discern（辨别）+ -ible；辨析 discreet（谨慎的）与 discrete（离散的）。
228,生词,the primary subject of scrutiny,严格审查；细察,scrutiny＝逐项细查；under scrutiny＝受到审视。
228,生词,no one would espouse it as a valid approach,信奉；拥护,espouse＝公开支持（主义、观点）；与 spouse（配偶）同根，本义「迎娶」。
228,词组,rooting out potential terrorist activities,揪出；根除,root out＝连根拔起，强调彻底清除。
228,多义,to borrow again from the framework,借用（说法、框架）,borrow from 此处指借用概念表述；常见义「借钱/借物」。
228,难句,"The only discernible difference is that, in theoretical science, a human is expected to derive an explanation that seems reasonable to other people, whereas in empirical science, the method of analyzing data is the primary subject of scrutiny.",唯一看得出的差别在于：理论科学要求人给出一个别人觉得合理的解释；而实证科学中，受到严格审视的首先是分析数据的方法。,is that…表语从句；whereas 引导前后对比；be expected to＝按惯例应当。
229,生词,focus on the most lucrative clients,高利润的；赚钱的,lucrative＝有利可图的；同根 lucre（钱财，贬义）。
229,多义,spend less time on less lucrative prospects,潜在客户,prospect 本句为销售术语「潜在客户」；常见义「前景」。
229,词组,lend themselves to data-mining,适合用于；便于,lend itself to＝（事物性质上）适合被用于；无「借出」义。
229,词组,it's largely a moot point,无实际意义的问题,moot point＝争了也白争的问题；moot 原指假设性辩论。
229,词组,Overfitting is another story entirely,完全是另一回事,another story＝性质完全不同的另一码事。
229,文化,"the answer is, not bloody likely",门儿都没有；绝无可能,bloody 为英式加强语气词（略粗俗）；语出萧伯纳《卖花女》的著名台词。
229,术语,the Fed announcing rate hikes,加息,rate hike＝央行上调政策利率；hike 本义远足，引申为大幅上调。
229,难句,"We could, if we were overfitting, draw a conclusion that Fed announcements are always bad, and this conclusion would be successful so long as future Fed announcements are met with the same reaction as past announcements.",如果我们在过拟合，就可能得出「美联储公告总是利空」的结论；只要未来的美联储公告引发与过去相同的市场反应，这个结论就还会灵验。,if we were overfitting 虚拟条件从句插在主句中间；that 同位语从句；so long as＝只要；be met with＝遭遇（某种反应）。
229,生词,idly clicked on a handful of books,漫不经心地；随手,idle（闲置的）的副词形式；辨析 idol（偶像）。
230,难句,"Overfitting ignores this basic fact and burdens a limited supply of data too much, asking it to explain more than is realistic, given the amount of data.",过拟合无视这一基本事实，让本就有限的数据背上过重的负担，要求它解释超出实际可能的东西。,asking…现在分词作伴随状语；more than is realistic 中 than 兼作从句主语；given＝考虑到。
230,词组,These models are finely tuned to the past,精细调校的,fine-tune＝微调；tune 原指乐器调音、收音机调频。
230,词组,the moment that the future is out of step with the past,与…步调不一致；脱节,out of step＝行军步伐不齐的比喻；the moment that＝一…就…。
230,多义,the model breaks down,失效；崩溃,break down 本句义「（模型、关系）失灵」；常见义「（车）抛锚；分解」。
230,多义,a gross and incorrect generalization,粗略笼统的；严重的,gross 本句义「粗疏离谱的」；金融常见义「毛（收入）的」，口语另义「恶心的」。
230,生词,more amenable to data mining,适合…处理的,amenable to＝易于接受/适用于；本义「顺从的」。
230,词组,a useful rule of thumb,经验法则,rule of thumb＝不求精确、凭经验的粗略法则（相传源自木匠以拇指估长）。
230,术语,strategies with holding periods of less than a day,持有期,holding period＝一笔头寸从建仓到平仓的时间跨度。
230,术语,the number of betting periods is so small,押注周期,指策略能独立「下注」的次数；次数太少则统计检验无从谈起。
230,生词,a hybrid approach that combines data-mining techniques and sound market theory,混合的,hybrid＝杂交、混合（hybrid car 混动车）；sound 此处＝扎实可靠的。
230,难句,"But just as we do not reject analysis because some people are prone to overanalyzing things, we should not so quickly dismiss quantitative modeling (even data mining) just because it is possible (or even easy) for some people to do it badly.",正如我们不会因为有人爱过度分析就否定「分析」本身，我们也不应仅仅因为有人可能（甚至很容易）把量化建模做砸，就轻率否定量化建模（哪怕是数据挖掘）。,"just as…, we should not…平行类比结构；两个 because 从句分别服务前后半句；be prone to＝易于。"
230,术语,the (perhaps equally dangerous) pitfalls of underfitting,欠拟合,underfitting＝模型过于简单、未学到数据中的真实规律，与过拟合相对；pitfall＝隐蔽的陷阱。
231,生词,Quant trading is no magic elixir,灵丹妙药,elixir＝炼金术士的万能药、长生不老药。
231,多义,strategies that are commonplace and crowded,平庸常见的,commonplace 作形容词＝老生常谈、毫无新意的；名词义「陈词滥调」。
231,生词,the prognosis for the activity,预后；前景判断,prognosis 医学术语「预后」，引申为对前景的预测；辨析 diagnosis（诊断）。
231,生词,the difficulty of divining who will succeed,占卜；猜测,divine 作动词＝凭直觉推测（原指占卜）；形容词义「神圣的」。
231,词组,let's recap some salient points,概括最突出的几个要点,recap＝recapitulate 的缩略「小结」；salient＝最显著突出的。
231,词组,falling prey to the temptation of false precision,沦为…的猎物；受…之害,fall prey to＝被…捕获/坑害；false precision＝虚假精确。
231,难句,"Quants must also remain aware of relationships within the market and must have a detailed understanding of the kinds of bets they are making and how they are expressing these bets in their portfolios, allowing them to navigate violent regime changes.",量化交易者还必须始终留意市场内部的关联，并详细理解自己在下什么样的注、以及这些注是如何在组合中表达的，这样才能安然渡过剧烈的市场状态切换。,两个 must 并列；understanding of 后名词短语与 how 从句并列作宾语；allowing…分词作结果状语。
231,多义,gives some good color both on the regulatory and other sources of the problem,背景细节；补充信息,color 此处为金融/新闻行话「背景信息」（give color on…）；常见义「颜色」。
233,文化,"The avocation of assessing the failures of better men can be turned into a comfortable livelihood, providing you can back it up with a Ph.D.",评判比自己强的人如何失败，这门副业可以变成一份舒服的谋生手段——只要你能拿个博士学位来撑腰。,本章题记，出自美国小说家 Nelson Algren（1909—1981），讽刺以点评他人失败为业的评论者。
233,生词,avocation,副业；本职之外的营生,与 vocation（本职、天职）相对；avocation 指正业之外的事，不是 vacation（假期）。
233,语法,providing you can back it up with a Ph.D.,只要你能拿个博士学位来撑腰,"providing (that) 在此是连词，等于 provided that / as long as，引导条件从句，不是""提供""的分词形式；back it up = 为之提供支撑。"
233,词组,separate the good from the mediocre and the mediocre from the poor,把优秀的与平庸的、平庸的与差劲的区分开,"mediocre 平庸的（贬义）；the good / the mediocre / the poor 为""the+形容词""指一类人。"
233,多义,has very natural analogues in discretionary trading,在主观交易里有非常自然的对应物,"analogue 本句义""对应之物、可类比的做法""；常见义""模拟（信号）的""。"
233,多义,significant parallels in the work of a quant trader to the work of a corporate CEO,量化交易员的工作与企业CEO的工作之间存在明显的相似之处,"parallel 名词本句义""相似之处、类似点""；常见义""平行线""。"
233,术语,various corporate bond offerings,各类公司债发行,offering 指证券的发行/发售，此处即企业发债募资。
233,多义,pierce the walls of secrecy that quants build around their methods,刺穿量化交易者围绕其方法筑起的保密之墙,"pierce 本句义抽象的""突破、看穿""；常见义""刺穿（实物）""。"
233,多义,It also owes to how we ask these questions,这也归因于我们提问的方式,"owe to 本句义""归因于""（= be due to）；常见义""欠（钱、人情）""。"
234,生词,It is critical to ascertain whether the quant team is skilled,查明；确定,ascertain = 通过查证把不确定的事弄清楚，比 make sure 更正式。
234,多义,the integrity of the people involved,相关人员的品行正直,"integrity 本句义""正直、诚信""；常见义""完整性、完好无损""。"
234,词组,In hedge fund parlance,用对冲基金圈的行话来说,parlance 指某个圈子/行业的特定说法；in ... parlance 是固定搭配。
234,难句,"All these components of the analysis of a quant ultimately serve to help the evaluator answer perhaps the most central question in the evaluation of any kind of trader: Why should I believe that this particular team, utilizing this particular strategy, is actually likely to make money in the future?",对量化经理的这些分析环节，最终都是为了帮助评估者回答评价任何一类交易者时或许最核心的那个问题：我凭什么相信，这支特定的团队、用这套特定的策略，未来真的可能赚到钱？,主干是 All these components ... serve to help the evaluator answer ... question；冒号后是 question 的同位语内容；utilizing this particular strategy 是修饰 team 的分词短语插入语。
234,生词,Quants are notorious for their secrecy and paranoia,"量化交易者以保密和多疑而""出名""",be notorious for = 因某事出名，只用于负面；与 famous for 的褒义相对。
234,生词,their secrecy and paranoia,偏执多疑,paranoia 指过度怀疑他人图谋不轨的心态。
234,语法,And this is not without reason.,而且这并非没有道理。,"not without = 双重否定表肯定，""不是没有…""，语气比 has reason 更含蓄。"
234,生词,comes from experience and knowhow,来自经验和实操诀窍,knowhow（know-how）指实践中积累、难以言传的操作诀窍，与理论知识相对。
234,文化,"There is an excellent book called The Interrogator, by Raymond Toliver",有一本很棒的书叫《审讯者》，作者是 Raymond Toliver,该书写二战德国空军（Luftwaffe）审讯官 Hanns Joachim Scharff，他不用暴力、靠建立信任和掌握大量背景信息从盟军飞行员口中取得情报。
234,多义,downed Allied pilots,被击落的盟军飞行员,"downed 本句义""被击落的""（down 作及物动词""击落""）；Allied 指二战同盟国一方。"
234,术语,"trust building, domain knowledge, and an organized system for tracking and retrieving information",建立信任、领域知识，以及一套有组织的信息追踪与检索系统,domain knowledge 指某一专门领域的内行知识，是提问者能问到点子上的前提。
235,难句,"But there is one similarity, I believe, that allows lessons from the latter to be useful in the former: In both cases, information that one party is reluctant to provide is needed by the other.",但我认为两者有一点相似，正是它让后者的经验对前者有用：在这两种情形里，一方不愿提供的信息，恰恰是另一方需要的。,I believe 为插入语；the latter/the former 分别指前文提到的后者（审讯者与俘虏）和前者（投资人与量化经理），顺序与中文习惯相反。
235,生词,an actual propensity to talk about what other quants do,倾向；习性,propensity to do sth = 做某事的癖性，比 tendency 更正式。
235,多义,in the strictest confidence,以最严格的保密方式,"confidence 本句义""保密""（in confidence = 私下地、不外传）；常见义""信心""。"
235,词组,bits and pieces,零零碎碎的东西；零散片段,固定搭配，指不成系统的零星部分。
235,多义,without compromising proprietary information,不泄露专有信息,"compromise 本句义""泄露、危及（机密/安全）""；常见义""妥协""。proprietary = 独家的、不外传的。"
235,词组,They were frequently lulled into thinking,他们常被哄得放松警惕，以为…,"lull sb into (doing) sth = 使某人麻痹大意而做某事；lull 本义""哄睡""。"
235,生词,since their captor knew so much already,俘获者；看押者,captor 与 captive（俘虏）是一对：前者抓人，后者被抓。
235,生词,blatant,公然的；明目张胆的,形容毫不掩饰的（通常是不当的）行为。
235,生词,a similarly voluminous amount,海量的；篇幅浩大的,源自 volume（卷、量），指数量或体量极大。
235,生词,obviates the need for most of the secrecy,使…变得没有必要,obviate the need for = 免去对…的需要，即让某事不再必要。
235,多义,the menu available to a quant,"量化交易者可选的""菜单""","menu 在此为比喻义""可供选择的项目清单""，作者用它指本书列出的各种策略选项。"
236,术语,whether they are relative or intrinsic,是相对型还是内生（绝对）型,相对阿尔法比较标的之间的相对优劣（如配对交易）；内生阿尔法只根据标的自身特征给出预测。
236,多义,in what instruments and geographies,在哪些标的和哪些地域市场,"geography 本句义复数""地域市场、所在区域""；常见义""地理学""。"
236,生词,they had a dossier,档案；卷宗,dossier 指关于某人/某事汇编的成套材料。
236,多义,Keeping information organized furthers the goal,把信息管理得井井有条能推进这一目标,"further 本句义为动词""促进、推进""；常见义为副词""更远、进一步""。"
236,术语,a robust research pipeline,稳健的研究管线,research pipeline 指源源不断产出待检验想法、并逐步推进到上线的研究流程。
236,生词,a process wherein modules,在其中（= in which）,wherein 是正式书面语，等于 in which，常见于合同和学术写作。
236,多义,suddenly appear in production,突然出现在正式运行的系统里,"production 本句义""生产环境、正式上线运行""（与研究/测试环境相对）；常见义""生产、产量""。"
236,生词,sloppiness in the research process,马虎；草率,sloppy（马虎的）的名词形式。
236,难句,"If every three months you ask a quant, for example, what types of research projects he is working on and what new pieces he has added to the model over the past three months, over time, you should see a rational life cycle that repeatedly takes a robust research pipeline and turns it into implemented improvements to the strategy.",举例来说，如果你每三个月就问一次量化经理：他在做哪些研究项目、过去三个月又往模型里加了哪些新模块，那么时间一长，你应该能看到一个合理的循环周期：研究管线里的储备被反复转化为策略上已落地的改进。,if 条件从句里套了两个 what 引导的宾语从句；over time 是主句的时间状语；that 定语从句修饰 life cycle，takes ... and turns it into ... 是并列谓语。
236,语法,you have to have carefully managed the information,你必须事先就已经细致管理好这些信息,"have to have + 过去分词，表示""到这个时点为止早就必须已经完成""，动作先于当前时刻；句末 to begin with = 一开始就。"
237,术语,"Data sourcing, gathering, cleaning, and management",数据的来源获取、采集、清洗与管理,sourcing 指去哪里找到并买到数据；cleaning 指剔除错误值、拆并股调整等。
237,术语,Investment selection and structuring,投资标的选择与头寸构造,structuring 指决定用什么形式表达观点：做多还是做空、对谁做对冲、用什么工具。
237,生词,the myriad decisions,无数的,myriad 作形容词直接修饰名词，不接 of。
237,词组,an ad hoc approach is taken,采取临时随意的做法,"ad hoc（拉丁语）本义""为此专设的""，引申为""没有章法、临时拍脑袋的""。"
237,词组,scores of discretionary stock pickers,数十位主观选股型基金经理,"score 本义""二十""，scores of = 几十个、大量；stock picker 指靠个人判断挑股票的经理。"
237,词组,spin tremendous yarns,编出天花乱坠的故事,"spin a yarn 为固定搭配，指绘声绘色地讲长故事，含""未必属实""的意味。"
237,生词,vacuous,空洞的；言之无物的,与 vacuum（真空）同源，指内容空空如也。
237,多义,Those charged with evaluating managers,那些负有评估基金经理之责的人,"be charged with 本句义""被赋予（职责）""；常见义""被指控""。"
237,难句,"But when asked how they decide how to size these positions in their portfolios, the answers are often vacuous, given without deep thought or analysis.",但一问到他们如何决定这些头寸在组合里的大小，得到的回答往往空洞无物，既没有深入思考也没有分析。,"when asked 是省略了主语和 be 的状语从句（= when they are asked）；size 在此作动词""确定…的规模""；given without ... 是修饰 answers 的过去分词短语。"
237,术语,"e.g., trend, reversion",例如趋势、均值回归,作者对阿尔法策略风格的标准分类；reversion 即 mean reversion（均值回归）。
238,术语,in what investment universe,在哪个投资标的池里,investment universe 指策略允许交易的全部标的集合。
238,术语,objective function,目标函数,组合构建时优化器要最大化（或最小化）的那个量，如夏普比率、收益/最大回撤比。
238,生词,intervene with your model,干预；介入,intervene 指中途插手打断原有进程；此处指人工推翻模型的决定。
238,多义,This is but a small sampling of the hundreds of questions,这不过是我会问的几百个问题中的一小部分样例,"but 在此是副词""仅仅、不过""，等于 only，属正式书面用法；sampling 指抽样出来的一小撮。"
238,多义,are sympathetic to the goals of an investor,理解并认同投资人的目的,"sympathetic 本句义""认同、赞成（某目标）""；常见义""有同情心的""。"
238,词组,It is largely laid out in this book,它在本书里已基本完整铺陈过了,"lay out 本句义""清楚地摆出、系统阐述""；另有""布局、摊开""等义。"
238,多义,the footprint left behind by the strategy,"策略留下的""足迹""",footprint 比喻策略在市场数据里留下的可观察痕迹，此处即其收益历史。
238,生词,should corroborate the fundamental understanding,印证；佐证,corroborate 指用另一独立证据来支持已有结论。
238,难句,"Imagine that an investor learns, by asking many questions such as those I’ve listed, that a quant is using a trend-following strategy on various individual instruments, with a six-month average holding period.",设想有位投资人通过问一大堆类似我上面列出的问题，得知某量化经理在多个单一标的上运行一套趋势跟踪策略，平均持仓周期为六个月。,learns 与其宾语从句 that a quant is using ... 被插入语 by asking many questions ... 隔开；with 短语补充说明策略的持仓周期。
239,生词,ACUMEN,敏锐的判断力；才干,business/investment acumen 指在某领域快速做出准确判断的能力。
239,生词,pervades the strategy she builds,遍布；渗透进,pervade 为及物动词，直接跟宾语，不加 in/through。
239,词组,easier said than done,说来容易做来难,固定表达，主语常为前文提到的那件事。
239,生词,From a dispositional standpoint,从性情/秉性的角度来看,disposition 指人的性格倾向；standpoint = 立场、角度。
239,词组,in light of the massive array of subtleties and traps,鉴于；考虑到,in light of = 考虑到（某事实）；an array of = 一大堆、一系列。
239,多义,polluted data,被污染的数据（脏数据）,"polluted 本句义""含错误、被污染的（数据）""；常见义指环境污染。"
239,词组,by extension,推而广之；由此引申,用于从已提到的事物顺势推及与之相连的事物。
239,生词,a source of potential differentiation from other traders,差异化；与他人拉开区别,"differentiation 此处指做法上的区别，不是微积分的""求导""。"
239,多义,turn these positions over relatively frequently,相当频繁地把这些头寸换手,"turn over 本句义""（把持仓）换掉、周转""；常见义""翻转、移交""。名词 turnover 即换手率。"
239,难句,"The reality is, however, that evaluating whether scientists know what they are talking about at a deep level is not the easiest task for someone who is not technically proficient.",然而现实是：对技术上并不精通的人来说，判断科学家们是否真的懂行绝非易事。,"主干为 The reality is that ...，however 作插入语；that 从句的主语是动名词短语 evaluating whether ...；not the easiest 是""绝非易事""的委婉说法。"
240,词组,they put on $2 of long positions,他们建立2美元的多头头寸,put on a position = 建仓、把头寸挂上去；反义为 take off / unwind。
240,术语,$400 million in dollar volume each day,每天4亿美元的成交金额,dollar volume 指按金额计的成交量（股数×价格），区别于按股数计的 share volume。
240,语法,optimize her executions such that she makes 0.01 percent more per dollar traded,优化她的执行，使得每交易一美元能多赚0.01%,"such that 引导结果状语从句，""以至于/使得""；per dollar traded 中 traded 是后置的过去分词定语。"
240,多义,plainly incorrect at a high level,在大方向上就明显做错了,"at a high level 本句义""在宏观、粗颗粒度的层面""，与后文 at a fairly detailed level 相对；不是""高水平地""。"
240,词组,comes down to his decisions at a fairly detailed level,归结为；最终取决于,come down to = 归根结底在于某事。
240,多义,skew the size of winning trades versus losing trades slightly,使赢单与输单的规模稍微向一边倾斜,"skew 本句义动词""使偏斜、使分布偏向一侧""；名词 skew 指分布的偏度。"
240,难句,"Quants often depend on being right only slightly more often than they are wrong and/or on making only slightly more on winning trades than they lose on losing trades in order to generate profits (though trend-following futures strategies tend to lose as much as 70 percent of the time, with dramatically larger payoffs on the winners than the losses suffered on the losers).","量化交易的盈利往往只靠""对的次数比错的略多""和/或""赢单赚的比输单亏的略多""（不过趋势跟踪期货策略可能有高达70%的时间在亏损，只是赢单的回报远大于输单的亏损）。",depend on A and/or on B 为并列结构，A、B 均为动名词短语；in order to generate profits 是目的状语，作用于整个 depend 结构；括号内 with 短语表伴随情况。
240,生词,the details of the few areas that you spot-check,抽查,spot-check = 随机挑几处做检查，以此推断整体质量。
240,生词,rigor is a key component of success,严谨；缜密,rigor（英式 rigour）指做研究一丝不苟、方法严密。
240,文化,some of the biggest failures in quant trading have won Nobel Prizes,量化交易史上一些最惨的失败者还得过诺贝尔奖,暗指 LTCM：其合伙人 Merton 与 Scholes 于1997年获诺贝尔经济学奖，基金1998年即崩盘。
240,术语,revealed to an investor during due diligence,尽职调查,due diligence（DD）指投资前对管理人、策略、运营的系统性核查。
241,生词,somewhat more reticent to provide such details,缄默的；不愿多说的,"reticent about/to do = 对某事守口如瓶；与 reluctant（不情愿的）形近义近但侧重""不肯开口""。"
241,词组,pass judgment on them,对它们作出评判,"pass judgment on = 下判断、作出评价（常含""有资格评判""的意味）。"
241,多义,divine the quality,推断出；揣摩出,"divine 本句义为动词""凭蛛丝马迹推测出""；常见义为形容词""神圣的""。"
241,多义,clues about its particulars,关于其细节的线索,"particulars 复数名词义""详细情况、具体细节""；单数 particular 常作形容词""特定的""。"
241,生词,seem plausible enough at first glance,貌似有理的,plausible 指表面上说得通、听着合理，未必真成立；at first glance = 乍一看。
241,语法,just because a quant pays a lot of money to a data vendor for clean data,"仅仅因为某量化经理花大钱向数据商买""干净""数据","just because ... , it doesn't mean ... 是口语化的让步结构：不能由前一事实推出后一结论。"
241,词组,The saving grace for the non-quantitative investor,可取之处；能挽回局面的一点,saving grace 指某人某事虽有诸多不足，但有一点足以补救。
241,术语,a key issue to focus on is the idea of an edge,优势（edge）,"edge 在此定义为""使胜算偏向该经理的东西""，来源有三：投资流程、缺乏竞争、结构性因素。"
241,词组,puts the odds in favor of the portfolio manager succeeding,使胜算偏向该基金经理,odds 指赔率/几率；in favor of = 有利于。
241,多义,more intrinsic than comparative,更多是自身固有的，而非比较得来的,"intrinsic 本句义""内在固有的""（与 comparative 相对），不同于前文""内生阿尔法""里的用法。"
241,难句,"A valid idea with a valid implementation might make little or no money if there is too much competition, whereas a mediocre strategy might make money if there is none.",一个有效的想法配上有效的落地实现，若竞争过于激烈，也可能几乎不赚钱；反过来，一个平庸的策略，若完全没有竞争，倒可能赚到钱。,"whereas 表前后对比，""反之、而""；句末 if there is none 中 none 回指 competition，即 if there is no competition。"
242,词组,one more point bears mentioning,还有一点值得一提,"bear 在此义为""值得、经得起""，常见于 bear mentioning / bear repeating / bear scrutiny。"
242,生词,How a quant deals with adversity,逆境；不顺的处境,adversity 指持续的困难时期，此处指策略持续亏钱的阶段。
242,词组,a knee-jerk reaction,下意识的应激反应,"knee-jerk 本义""膝跳反射""，比喻不经思考的条件反射式反应。"
242,多义,A sound approach,稳妥而合理的做法,"sound 本句义形容词""稳健的、站得住脚的""；常见义""声音""。"
242,多义,pinpoint problems,精确定位问题,"pinpoint 本句义动词""准确找出（位置/原因）""；名词义为""针尖""。"
242,生词,several hallmarks of a high-quality process,标志性特征,"hallmark 本义为贵金属上的纯度印记，引申为""典型标志""。"
242,生词,vigorous and prolific,有力而多产的,prolific 指产出数量多且持续；vigorous 指强度大、劲头足。
242,术语,overfitting,过拟合,模型把样本里的噪声也当规律学了进去，样本内表现漂亮而样本外失效。
242,术语,geolocational data derived from GPS signals on cell phones,由手机GPS信号得到的地理定位数据,一种另类数据（alternative data），可用来实时估算客流、产量等宏观或微观指标。
242,术语,a data edge,数据优势,凭借独有的数据来源，或更强的数据采集、清洗、存储能力而获得的优势。
242,语法,the care with which a manager has developed the entirety of an investment strategy,一位经理在打磨整套投资策略时所下功夫的细致程度,"""介词+which""引导的定语从句：with which 还原后即 a manager has developed ... with the care；the entirety of = 整个、全部。"
242,难句,"This is because most quant models eventually decay into mediocrity, and successful ongoing research must be implemented in live trading strategies to stay ahead of this decay.",这是因为大多数量化模型最终都会衰减到平庸，因此必须把持续研究的成果落到实盘策略里，才能跑在这种衰减前面。,"decay into 表示""逐渐退化成…""；不定式 to stay ahead of this decay 表目的；stay ahead of = 领先于、抢在…前面。"
243,生词,It is a truism in economics that,经济学里有条不言自明的道理：,truism 指人人皆知、无需论证的老生常谈；与 truth（真理）同根但强调“不值一提的显然”。
243,难句,"It is a truism in economics that, if higher-than-average profit margins can be had in some activity, more and more players will compete until the margins compress and normalize at levels more typical in the broader marketplace.",经济学里有条不言自明的道理：如果某项活动能获得高于平均的利润率，就会有越来越多的玩家进来竞争，直到利润率被压缩、回落到整个市场更常见的水平。,It 为形式主语，that 从句是真主语；从句内部 if 条件句在前，主句 more and more players will compete 后接 until 时间状语；can be had 是 have 的被动式，意为“可以取得”。
243,多义,the margins compress and normalize,（利润率）被压缩、回落到常态,compress 本句义“（利润空间）收窄”；常见义“压缩（文件、体积）”。normalize 本句义“回归正常水平”。
243,多义,players vacate the space,（参与者）撤出这一领域,vacate 本句义“退出、腾空（某个市场领域）”；常见义“搬离（房屋）”。space 本句义“（业务）领域”，非“空间”。
243,词组,leaving more of the pie (and therefore better margins again) for the fewer players who remain,把更大一块蛋糕（以及随之回升的利润率）留给剩下的少数玩家,pie 喻可分的总利润；leave sth for sb 把某物留给某人。
243,生词,more difficult for new entrants,对新进入者来说更难,entrant 进入者、参赛者；此处指新进入某市场的竞争对手，与 entrance（入口）同根。
243,词组,they had to branch into other areas,他们不得不拓展进入其他领域,branch into 从主干业务分岔进入新领域；与 branch out（向外扩张）近义。
243,多义,"their edge, which was largely related to a lack of competition, was eroded",他们那种主要靠“缺乏竞争”得来的优势被侵蚀殆尽,erode 本句义“（优势、价值）被逐步侵蚀”；常见义“（水土）侵蚀”。edge 本句义“（交易上的）优势”。
243,术语,caused a massive drawdown in their fund,导致基金出现巨额回撤,drawdown（回撤）指净值从阶段高点跌到低点的幅度，是衡量策略风险的核心指标。
243,多义,these are among the most fleeting kinds of edges,这类优势属于最转瞬即逝的一种,fleeting 短暂易逝的；among the most... 属于最…之列，是英文常见的弱化最高级说法。
243,术语,Structural edges,结构性优势,指来自市场结构或交易身份（而非投资判断）的优势，通常由监管造就、也由监管消除。
243,词组,puts the wind in the sails of a market participant,为某个市场参与者扬帆助力；让他顺风顺水,航海比喻：给帆灌满风；与 take the wind out of sb's sails（挫某人锐气）方向相反。
243,多义,a trader in the pits of the New York Mercantile Exchange,纽约商品交易所场内交易池里的一名交易员,pit 本句义“（交易所的）交易池、公开喊价场”；常见义“坑、深洞”。
243,术语,"liquidity provision, or the rebate, on ECNs",在 ECN 上提供流动性所得的返佣,ECN（电子通信网络）对挂单提供流动性的一方给予返佣，使“成交这一行为本身”成为收入来源。
244,生词,payments by ECNs for order flow will dwindle,ECN 为订单流支付的费用会逐渐减少,dwindle 指数量逐步缩减直至微不足道；order flow（订单流）指送到某场所成交的客户订单。
244,生词,"this edge, too, will be eradicated",这种优势也会被彻底消除,eradicate 连根拔除、根除，语气比 remove 强；来自拉丁语 radix（根）。
244,文化,"on a “trust, but verify” basis",本着“信任，但要核实”的原则,源自俄语谚语，因里根在美苏裁军谈判中反复引用而成为英语常用语。
244,词组,Here we have a few tools at our disposal,在这方面我们有几种可用的手段,at one's disposal 供某人支配、可随时动用；disposal 此处非“处置垃圾”义。
244,词组,should probably serve as a red flag,多半应视为一个危险信号,red flag 警讯、危险信号；serve as 充当、起到…的作用。
244,多义,this is a tricky proposition,这是件棘手的事,proposition 本句义“要应付的事情、难题”；常见义“提议；命题”。
244,生词,the mistakes or misdeeds in a quant’s past,量化经理过往的错误或劣迹,misdeed 由 mis-（错误、不良）+ deed（行为）构成，指不端行为。
244,难句,"The investor must determine whether the mistakes or misdeeds in a quant’s past served to “teach her a lesson,” or whether they indicate a likely pattern of behavior that will repeat, even if not in exactly the same way.",投资者必须判断：量化经理过去的错误或劣迹究竟是让她吸取了教训，还是预示着一种很可能重演（即便形式不完全相同）的行为模式。,determine 后接两个并列的 whether 宾语从句；serve to do 起到…作用；that will repeat 修饰 pattern；even if not... 为省略式让步状语。
244,术语,"as a potential fiduciary, acting on behalf of the investor",作为代投资者行事的潜在受托人,fiduciary（受托人）在法律上负有为委托人最大利益行事的信义义务；on behalf of 代表。
244,多义,Fiduciaries are bound to act in their clients’ best interest,受托人必须以客户的最大利益行事,be bound to 本句义“（受法律或义务）约束而必须”；常见义“必定会（发生）”。
244,词组,to be very open and upfront about any potential conflicts of interest,对任何潜在利益冲突都非常坦诚、直言不讳,upfront 坦率的、事先讲明的；conflict of interest 利益冲突。
244,生词,anything else that could impede their fulfilling their duties,任何可能妨碍他们履行职责的事情,impede 阻碍、妨碍（进程）；后接动名词复合结构 their fulfilling。
244,多义,Using the mentality of the fiduciary as a compass,把受托人的思维方式当作指南针,compass 本句义“（判断方向的）准绳、指引”；常见义“罗盘；圆规”。
244,语法,More helpful still is to seek out references that the manager did not provide herself,更有帮助的做法是，找到并非由该经理自己提供的推荐人,表语前置引起主谓倒装：正常语序为 To seek out... is more helpful still；still 在比较级后表“更加”。
245,多义,even someone intent on deceiving,即便是存心行骗的人,intent 本句为形容词，intent on doing 一心想做某事；常见义为名词“意图”。
245,生词,to be facile in answering questions about them,能对这些问题对答如流,facile 轻松流利的（有时含“流于表面”的贬义）；与 facility（才能、便利）同根。
245,难句,"Though even less-skilled quants might have answers at hand for higher-level questions about their strategies and process, even someone intent on deceiving rarely thinks through low-level details sufficiently to be facile in answering questions about them.",尽管技艺较差的量化经理也可能对策略和流程的高层次问题有现成答案，但即便是存心欺骗的人，也很少会把低层细节想得足够透彻，以至于能流利回答关于细节的提问。,Though 引导让步状语从句；主句中 rarely 置于动词前表否定；sufficiently to do 表“足以做到…”，与前面 thinks through 搭配。
245,词组,a common and successful interrogation technique in law enforcement,执法领域一种常见且有效的审讯技巧,interrogation 审讯（比 questioning 正式且带强制意味）；law enforcement 执法（机关）。
245,生词,quickly and convincingly provide an alibi,迅速而令人信服地给出不在场证明,alibi 源自拉丁语“在别处”，指证明案发时人在他处的辩解。
245,词组,making up answers to questions about details on the fly,临场现编关于细节问题的答案,make up 编造；on the fly 在飞行中→引申为“即时、临场、边做边定”。
245,多义,these questions he likely has not rehearsed beforehand,这些他多半没有事先演练过的问题,rehearse 本句义“事先排练、打好腹稿”；常见义“（戏剧）排演”。
245,词组,these answers also have to be able to stand up on their own,这些回答本身还必须站得住脚,stand up 本句义“经得起推敲、成立”（如 stand up in court）；on their own 单独看、就其本身而言。
245,多义,answers that are internally inconsistent or are deficient in other ways,自相矛盾或在其他方面有欠缺的回答,internally inconsistent 内部自相矛盾；deficient 有缺陷的、不足的，与 sufficient 相对。
245,语法,"It should not take much to say “no,” in other words, whereas it should take an incredible amount of confidence to say “yes.”",换言之，说“不”不该费多大力气，而说“是”则该需要极大的把握。,两处 it takes... to do 句型（做某事需要…）；whereas 引导对比状语从句，前后形成不对称的门槛对照。
245,生词,who her dissertation committee included,她的博士论文答辩委员会有哪些人,dissertation（博士）学位论文，美式用法中比 thesis 更常指博士论文；committee 此处为论文指导/答辩委员会。
245,文化,verifiable with her alma mater,可以向她的母校核实,alma mater 拉丁语“慈母”，英语中固定指毕业院校。
245,词组,I would put forth that,我想提出这样一个看法：,put forth 提出（主张、观点），比 propose 更书面；另有“长出（枝叶）”义。
245,文化,Bernie Madoff and the other scandals that were announced on a nearly weekly basis in late 2008,麦道夫案以及2008年末几乎每周都在曝光的其他丑闻,Madoff 以稳定正回报吸引资金、实为庞氏骗局，2008年底败露；on a weekly basis 每周一次地。
245,多义,maintaining that his strategy,（他）坚称自己的策略…,maintain 本句义“坚称、主张”；常见义“维护、保养”。
245,多义,was too proprietary,太过机密、属于独门专有,proprietary 本句义“专有的、不外传的”；金融语境另有“自营的”（proprietary trading）义。
246,语法,Though insufficient to uncover all potentially fraudulent (or simply unprofitable) investments,尽管不足以揪出所有可能的欺诈（或仅仅是不赚钱的）投资,Though + 形容词的省略式让步结构（省去 they are）；fraudulent 欺诈的，名词为 fraud。
246,词组,in conjunction with an equally rigorous operational due diligence process,与同样严格的运营尽职调查流程配合使用,in conjunction with 与…结合、配合；operational due diligence 运营尽调，专查后台、估值、托管、合规等非投资环节。
246,生词,"being victimized by fraud, malfeasance, or other misbehavior",沦为欺诈、渎职或其他不当行为的受害者,malfeasance 指受托者的违法失职行为；victimize 使成为受害者。
246,术语,balancing the levels of various types of exposures,平衡各类敞口的水平,exposure（敞口）指组合对某一风险来源的暴露程度；组合构建本质即在各类敞口间取舍。
246,术语,"trend, reversion, technical sentiment, value/yield, growth, and quality",趋势、回归、技术情绪、价值/收益率、成长、质量,作者对 alpha 来源的分类：前两类基于价格，后几类基于基本面；technical sentiment 指由持仓、资金流等技术面反映的市场情绪。
246,难句,"A quant doing trend following is not likely to be so incredibly different, from a portfolio construction viewpoint, than a discretionary trader who is seeking to identify trends.",从组合构建的角度看，一个做趋势跟踪的量化交易者，与一个试图识别趋势的主观交易者，多半并没有那么天差地别。,主干 A quant... is not likely to be so different than B；from a... viewpoint 为插入语；different than 是美式口语用法（英式多用 different from）。
246,生词,the tireless vigilance of a computerized trading strategy,计算机化交易策略不知疲倦的警觉,vigilance 警觉、时刻监视；tireless 不知疲倦的（tire + -less）。
246,生词,out of naiveté,出于天真无知,naiveté（法语借词）天真、缺乏经验；out of + 名词表动机“出于…”。
246,语法,"But, as trend following in general goes, so it is likely that the human and computerized trader both go.",趋势跟踪这一大类整体表现如何，人工与电脑趋势交易者多半也一起如何。,"as... so... 对应结构（正如…，也就…）；go 在此表“（形势）发展、走向”，如 as goes X, so goes Y。"
246,多义,the blended allocations to various types of alpha,对各类 alpha 的混合后总配置,blended 本句义“混合汇总后的”；常见义“（食物）搅拌的”。allocation 资金配置比例。
246,词组,in line with the levels that the investor has determined are desirable,与投资者认定为理想的水平相一致,in line with 与…一致、相符；that... 从句中 the investor has determined 为插入的主谓，真正谓语是 are desirable。
247,术语,single-instrument bets,单标的下注,只押某一标的自身涨跌，与 relative bets（押两标的相对强弱）相对。
247,多义,counting on the stability of the relationships among the instruments,指望各标的之间关系保持稳定,count on 本句义“依赖、指望”；count 常见义“数数”。
247,词组,relative mean reversion strategies are prone to losses,相对型均值回归策略容易亏损,be prone to 易于（发生不好的事）；mean reversion 均值回归：押价格向历史均值回归。
247,术语,large regime changes,市场状态的大幅切换,regime（市场状态/机制）指波动率、相关性等统计特征相对稳定的一段时期；切换时依赖历史关系的策略最易受伤。
247,难句,This is because this strategy tends to bet against the prevailing trend while remaining indifferent to the destabilizing effects of a large trend reversal on the relationships depended on by a relative alpha strategy.,这是因为该策略倾向于逆着现行趋势下注，同时并不在意趋势大反转对标的间关系的破坏——而相对型 alpha 策略恰恰依赖这些关系。,while 引导伴随状语（remaining 现在分词）；effects of A on B 结构中 A = a large trend reversal，B = the relationships；depended on by... 为后置的被动分词短语修饰 relationships。
247,生词,the destabilizing effects of a large trend reversal,趋势大反转带来的破坏稳定的效应,destabilize = de-（去）+ stabilize（使稳定）；trend reversal 趋势反转。
247,多义,This is but one example of how bet structures can impact results,这只是下注结构影响结果的一个例子,but 本句义为副词“仅仅、只不过”（= only）；常见义为转折连词“但是”。
247,术语,relative and intrinsic mean reversion,相对型与内在型（单标的）均值回归,intrinsic 指押标的自身价格回归，relative 指押两个标的价差回归，二者风险来源不同。
247,生词,longer and streakier performance cycles,更长、更“一阵一阵”的业绩周期,streaky 由 streak（连续的一串好运/背运）派生，指表现成片扎堆、时好时坏。
247,词组,for several quarters on end,连续好几个季度,on end 接连不断地（如 for hours on end）；另有“竖立着”义。
247,术语,they are subject to crowding risk,它们会受到拥挤交易风险的影响,crowding risk（拥挤风险）指过多资金持有同类头寸，一旦同时平仓会引发踩踏式亏损；be subject to 易受…影响。
247,多义,as seen so vividly in August 1998 and August 2007,正如1998年8月和2007年8月所鲜明呈现的那样,vividly 本句义“（事例）鲜明、活生生地”；常见义“（色彩）鲜艳地”。
247,词组,Many traders are tempted to grow their assets when assets are available,许多交易者一有钱可募就忍不住想把规模做大,be tempted to do 受诱惑去做；grow 此处为及物动词“使…增长”。
248,词组,As with all things related to portfolios,与组合相关的一切事情一样,as with 就像…的情况一样，用于类比引出下文。
248,多义,these considerations closely mirror the taxonomy of theory-driven alphas,这些考量与理论驱动型 alpha 的分类体系高度呼应,mirror 本句义为动词“与…如出一辙、映照”；常见义为名词“镜子”。taxonomy 分类体系。
248,多义,"the investment universe (asset class, instrument class, or geography)",投资范围（资产类别、工具类别或地域）,universe 本句义“可投资标的的全集”；常见义“宇宙”。
248,生词,various other subtleties,其他各种细微差别,subtlety 微妙之处、细微区别，形容词 subtle。
249,术语,model specification or run frequency,模型设定或运行频率,model specification 指模型的具体形式与变量选择；run frequency 指模型多久重算一次。
249,多义,are particularly impactful in portfolio construction,在组合构建中特别有影响力,impactful 影响显著的（由 impact 派生的现代用法）；此处非“冲击力强”的物理义。
249,词组,distinctions along the lines of the three portfolio considerations,按照上述三条组合考量思路作出的区分,along the lines of 按照…的思路/路线；distinction 区分、差别。
249,生词,the quality and vigor of the process,流程的质量与力度,vigor 精力、劲头，此处指研究流程的强度与旺盛程度；形容词 vigorous。
249,词组,extract and piece together information,把信息挖出来并拼凑成完整图景,piece together 把碎片拼合起来（如拼图、线索）。
249,难句,"Ultimately, an investor has to determine whether a quant has an edge, what the sources of this edge are, how sustainable the edge is, and what could threaten it in the future.",归根结底，投资者必须判断：这位量化交易者是否有优势、优势来源何在、这种优势能持续多久、以及未来什么可能威胁到它。,determine 后并列四个宾语从句（whether / what / how / what）；注意从句均用陈述语序（the sources of this edge are）。
249,多义,Once quants have been vetted,一旦量化经理通过了审查,vet 本句义为动词“审查、把关（背景与资质）”；常见义为名词“兽医”。
249,语法,bet structures to complement best the other components of the investor’s portfolio,用不同的下注结构去最好地补足组合中的其他部分,副词 best 被提到宾语之前（complement best the other components），是为避免动词与长宾语被切断的书面语序。
249,术语,one of the best quant shops in the world,全球最顶尖的量化机构之一,shop 在业内口语中指“公司、机构”（如 quant shop、trading shop）。
249,词组,I asked him how on earth they had done so well,我问他，他们究竟是怎么做得这么好的,how on earth 用于疑问句加强语气，表示困惑或惊讶（究竟、到底）。
249,词组,both concise and seemingly on target,既简明又似乎切中要害,on target 命中目标→引申为“说到点子上”；concise 简洁扼要。
249,词组,"To quote him, loosely",大意引述他的话,loosely 此处指“不逐字、大致地”；与 to quote him verbatim（逐字引用）相对。
249,文化,There is no secret sauce.,没有什么秘方绝技。,secret sauce 源自快餐业的独家酱料，喻不可复制的独门诀窍。
249,生词,relentlessly work to improve everything we do,不懈地改进我们所做的每一件事,relentlessly 持续不放松地；形容词 relentless（不间断的、无情的）。
251,文化,"The Interrogator: The Story of Hanns Scharff, Luftwaffe’s Master Interrogator",《审讯者：德国空军审讯大师汉斯·沙尔夫的故事》,Scharff 是二战德国空军审讯官，以闲聊套话、不用刑而闻名，其技巧至今被执法机构研究；Luftwaffe 即德国空军。
251,文化,The British author Tony Buzan popularized this concept,英国作家托尼·博赞使这一概念（思维导图）广为人知,Buzan 于1970年代推广 mind map（思维导图），以中心主题向外放射分支的方式组织信息。
251,生词,Porphyrius’s third-century explications of Plato’s teachings,波菲利在三世纪对柏拉图学说的阐释,explication 详细阐释（比 explanation 更书面、更强调逐层剖析）；Porphyrius 为新柏拉图主义哲学家。
255,文化,I’m so fast that last night I turned off the switch in my hotel room and was in bed before the room was dark.,我快到昨晚关掉旅馆房间的灯之后、房间还没黑我就已经躺上床了。,"拳王穆罕默德·阿里的著名自夸段子；作者借它引出高速交易的""速度""主题。"
255,词组,fresh off of (a harrying near-Depression experience),刚刚经历完…,fresh off 刚从…出来；off of 为美式口语中介词叠用。
255,生词,harrying,折磨人的；令人疲于奔命的,动词 harry（不断袭扰、折磨）的分词作形容词；与 hurrying（匆忙）形近易混。
255,词组,a new breed of trading firms,新一类的；新品种的（交易公司）,"breed 本义""（动物）品种""，引申指""类型、一代新事物""。"
255,词组,so secretive as to make quant trading shops look like glass houses,保密到让量化交易公司相比之下都像玻璃房一样透明,so + 形容词 + as to do 表程度；glass house 玻璃房，喻毫无遮掩、一览无余。
255,多义,prompted a chorus of cries of “no fair”,"引发异口同声的一片""不公平""喊声","chorus 本句义""齐声、异口同声""；常见义""合唱（团）；副歌""。"
255,难句,"What was most alarming to the public about this case had nothing to do with Aleynikov, Goldman, or Teza (intellectual property theft cases are almost never of interest to the broader public).",这桩案子最令公众警觉之处与 Aleynikov、高盛或 Teza 本身都无关（知识产权盗窃案几乎从来引不起大众兴趣）。,主语是 What 引导的名词性从句；have nothing to do with 与…无关；括号补充解释原因；of interest to 引起…兴趣的。
255,生词,The prosecuting attorney,公诉检察官,"prosecute 起诉、检控；attorney 美式""律师/检察官""。"
255,词组,in an effort to add weight to,为了给…增加分量；佐证,add weight to 给（指控、论点）加码使其更有分量。
255,生词,allegedly,据称；据指控,"表示""被指称但未经证实""；同根名词 allegations（指控）。"
256,术语,manipulate markets in unfair ways,以不公平的方式操纵市场,market manipulation（市场操纵）是证券监管认定的核心违法行为；manipulate 操纵、摆布。
256,生词,eye-catching,抓人眼球的,复合形容词；catch one's eye 吸引目光。
256,多义,overturned and vacated by an appeals court,被上诉法院推翻并撤销,"vacate 本句法律义""撤销（判决）""；常见义""腾空、搬离""；appeals court 上诉法院。"
256,词组,the damage was done and the stage was set,伤害已然造成，大幕已经拉开,两个被动短语并列：既成事实＋后续风波的铺垫已就绪；set the stage for 为…做铺垫。
256,生词,meltdown,崩盘；灾难性暴跌,本义核反应堆堆芯熔毁，引申指市场的灾难性下跌。
256,多义,a fierce rally,一轮凶猛的反弹,"rally 本句义""（价格）急速回升""；常见义""集会；拉力赛""。"
256,词组,wiped out most of the 600-point loss,一举收复了600点跌幅的大部分,"wipe out 本句""抹平（跌幅/亏损）""；另可指""彻底摧毁""。"
256,术语,the Flash Crash,闪电崩盘（2010年5月10日）,道指盘中暴跌逾千点、又在数十分钟内收复大半的事件；因高速发生而得名。
256,生词,it suffices to say that,足矣；只需说,suffice 足够；正式书面句型，常作 for now it suffices to say。
256,生词,esoteric markets,冷门小众的市场,esoteric 深奥的、只有内行才懂的。
256,多义,pegs the total revenue from HFTs globally at,把全球高频交易总收入估定为,"peg...at 本句""测算/估定在（某水平）""；peg 常见义""木钉；（汇率）钉住""。"
256,多义,lay people,外行人,"lay 本句义""外行的、非专业的""（同 layman）；常见义""放置；躺""。"
256,生词,monolithic,铁板一块的；单一同质的,monolith 独石巨碑；喻内部毫无差异的整体。
256,生词,homogeneous,同质的；清一色的,与 heterogeneous（异质的）相对；词根 homo- 相同。
256,多义,an enormously diverse constituency,一个极其多元的构成群体,"constituency 本句义""（构成整体的）群体""；常见义""选区；选民""。"
256,难句,"The fastest HFTs (sometimes referred to as ultra-high-frequency traders, or UHFTs) will no doubt scoff at the notion that someone who holds positions for as much as six and a half hours should be considered high frequency.","最快的那批HFT（有时被称为超高频交易商UHFT）无疑会对""持仓长达六个半小时的人也算高频""这一说法嗤之以鼻。",主干 HFTs will scoff at the notion；that 引导同位语从句解释 notion，内嵌 who 定语从句；as much as 强调数量之大。
256,术语,overnight risk and intraday risk,隔夜风险与日内风险,多数个股消息在闭市时段发布，故隔夜持仓与日内持仓的风险性质截然不同。
257,生词,arbitrary,武断的；任意划定的,无客观依据、纯凭人为规定的。
257,术语,algorithmic execution engines,算法执行引擎,替长线投资者把大额订单拆细、自动执行以降低冲击成本的算法系统。
257,文化,I know it when I see it,（虽然定义不了）但我一看便知。,"美国最高法院大法官 Potter Stewart 1964年谈""何为色情""的名言，常被借喻难以下定义之事。"
257,多义,a common footing when discussing the topic,讨论该话题时的共同立足点,"footing 本句义""立足点、基础""；常见义""脚下站稳（lose one's footing）""。"
257,术语,"“flat,” in industry lingo","行话所说的""无持仓""（已平仓）","flat 此处指日终不留任何净头寸；行情语境中另指""横盘""；lingo 行话、黑话。"
257,多义,tends to exactly offset,往往正好相互抵消,"offset 本句动词""抵消""；另有名词义""偏移量""。"
257,语法,"However many shares or contracts were bought of a given instrument had to have been sold as well, otherwise there would be a net position at the end of the day.",某一标的当天买了多少股或多少张合约，就必须同样卖出多少，否则日终就会留下净头寸。,"However many... 引导让步性名词从句整体作主语；had to have been sold 情态动词＋完成被动，表""必定已经卖出""。"
257,术语,incurs large market impact costs,招致巨大的市场冲击成本,market impact：自身买卖压动价格造成的隐性成本；incur 招致、蒙受。
257,术语,Unwinding such positions,把这些头寸平掉,unwind 平仓；逐步解除已建立的头寸。
257,词组,of limited magnitude,幅度有限的,magnitude 量级、幅度；of + 抽象名词短语作表语。
258,术语,exchange rebates for providing liquidity,交易所为提供流动性支付的返佣,maker-taker 收费模式：被动挂单成交可从交易所获得返佣。
258,生词,It is instructive to compare,不妨对比一下，颇能说明问题,instructive 有启发的、能说明问题的。
258,多义,This fee translates to about $0.006 per share,这笔费用折合每股约0.006美元,"translate to 本句""折合、换算为""；常见义""翻译""。"
258,词组,to reconcile these numbers with,要把这些数字与…对得上号,"reconcile 本句""使（数字/账目）相符""；常见义""调和；使和解""。"
258,词组,To put this into perspective,作个对照；放进参照系看,put sth into perspective 通过比较让人对规模大小形成正确认识。
258,多义,"accounts for, say, 5 percent",占到比如说5%,"say 插入语义""比如说、假设""；account for 占（比例）。"
258,术语,an extraordinarily successful outlier,极其成功的离群值,outlier 统计上远离样本主体的异常点；喻远超同行的个例。
258,多义,a modest ($8 billion market cap company),"市值""不过""（80亿美元的公司）","modest 本句义""不大的、体量一般的""；常见义""谦虚的""。"
258,难句,"And since there are a large number of firms competing, even a successful one that accounts for, say, 5 percent of the U.S. equity market’s volumes (which would make them an extraordinarily successful outlier) is making something like $65 million per year in revenues, before accounting for the extensive technological, operational, compliance, and human resource costs that are required to compete.",而且由于竞争者众多，即便一家成功到占美股成交量（比如说）5%的公司——这已算极其成功的离群值——一年营收也不过6500万美元左右，这还没计入参与竞争所必需的庞大技术、运营、合规和人力成本。,主干 even a successful one is making $65 million；one 后接 that 定语从句，内嵌 which 非限定从句作评注；before accounting for 状语再带一个 that 定语从句。
259,词组,in the grand scheme of things,从全局来看；放在大格局里看,"scheme 本句义""体系、格局""，非""阴谋""。"
259,生词,miniscule,极其微小的,minuscule 的常见变体拼写；原为书法术语，与 majuscule（大写体）相对。
259,词组,Armed with this definition,掌握了这一定义之后,"armed with 本义""武装着""，引申""具备、备好（知识/工具）""。"
259,词组,separate truth from myth,把真相与迷思区分开,"myth 此处指流传甚广的错误认知，非""神话故事""。"
259,词组,there is clearly “real money” to be made in HFT,高频交易里显然确实有真金白银可赚,"there is money to be made 固定句型""有钱可赚""；real money 真金白银。"
261,文化,In skating over thin ice our safety is in our speed.,在薄冰上滑行，安全全在于速度。,爱默生名言；作者借喻高速交易中速度即生存。
261,生词,Foremost among these,其中最重要的是,foremost 首要的；介词短语置于句首表强调。
261,生词,conflated,被混为一谈,conflate 把两个不同概念错误地合而为一。
261,生词,reasonably savvy investors,相当在行的投资者,"savvy 精明内行的；名词义""实际见识""。"
261,词组,gives rise very naturally to the second,非常自然地催生了后者,give rise to 引起、产生。
261,术语,low-latency trading,低延迟交易,latency（延迟）：从事件发生到系统作出反应的时间；低延迟交易即高速交易的别名。
261,多义,"cousins, but not synonymous",近亲但并非同义词,"cousin 本句喻""性质相近之物""；常见义""表/堂亲""。"
261,难句,"It refers to the need, on the part of various types of traders, to access the markets with minimal delays, and to be able to act on decisions with minimal delays.",它指的是各类交易者以最小延迟接入市场、并能以最小延迟执行决策的需求。,the need 后接两个并列不定式 to access / to be able to act；on the part of...（就…而言）作插入语，隔开 need 与其不定式补语。
261,文化,Rothschild Bank in London famously used carrier pigeons to find out about Napoleon having lost the battle of Waterloo,伦敦的罗斯柴尔德银行用信鸽率先得知拿破仑兵败滑铁卢，随即做空法国国债大赚一笔,金融史著名典故：信息速度优势变现的最早案例之一；carrier pigeon 信鸽。
261,词组,got his start,起家；开始发迹,get one's start 指开创事业的起点。
261,生词,Physical proximity,物理上的邻近,proximity 邻近、接近；后文引出 proximity hosting（邻近托管）。
262,生词,Parisian bourses,巴黎的证券交易所,bourse 法语借词，泛指（欧陆）证交所。
262,术语,passive orders are limit orders that cannot be immediately filled,被动订单：无法立即成交的限价单,挂进订单簿等待对手方成交；与主动（aggressive）订单相对；fill（订单）成交。
262,多义,immediately actionable,立即可执行成交的,"actionable 本句义""可（立即）执行的""；法律语境常见义""可起诉的""。"
262,术语,limit order book,限价订单簿,汇集某标的当前全部被动挂单的列表，按价格与时间排序展示。
262,术语,a price/time priority,价格优先、时间优先,同价挂单按到达先后排序；部分市场（如欧洲美元期货）采用价格/数量优先。
262,生词,the tie-breaker,决胜规则；打破平局的依据,tie 平局；tie-breaker 平局时用来分出先后的标准。
262,生词,Mockup of an Order Book,订单簿的示意模型,mockup 实物模型、仿真样例。
263,术语,Market orders are always aggressive,市价单永远是主动订单,market order 市价单：只指定数量、不限定价格、立即按对手价成交。
263,词组,without regard to price,不考虑价格,without regard to 不顾及、不把…纳入考虑。
263,多义,"use up the 2,000 share offer",吃掉那笔2000股的卖单,"use up 本句""（把挂单）消耗殆尽""；常见义""用完（物品）""。"
263,多义,the sell order was exhausted,这笔卖单被全部吃光,"exhaust 本句""耗尽（订单数量）""；常见义""使精疲力竭；（汽车）尾气""。"
264,多义,terms that bear definition,值得专门定义的术语,"bear 本句义""值得、需要""（bear definition/mentioning）；常见义""承受；忍受""。"
264,术语,joining and improving,加入挂单与改善报价,join 在现有最优价上加量（时间优先排后）；improve 报出更优价格从而排到最前。
264,术语,"the first level of the order book, or the inside market","订单簿第一档，即""内盘市场""",inside market 指最优买价与最优卖价构成的最内侧价位。
264,术语,narrows the bid/offer spread,收窄买卖价差,spread：最优买价与最优卖价之差；报出更优价格会使价差变窄。
264,术语,providing liquidity,提供流动性,"行话把被动挂单称为""提供""流动性、主动吃单称为""拿走""（taking liquidity）；作者随后指出这种等同并不准确。"
264,生词,many practitioners,从业者；实践者,practice（执业、实践）的行为者名词；指业内实际操盘的人。
265,术语,the August 2007 quant liquidation,2007年8月的量化大清算,多家量化股票多空基金同时被迫平仓、因子集体反转的连锁亏损事件。
265,词组,on the wrong side of those moves,站在那波行情错误的一边,on the wrong side of 处于不利的一方。
265,生词,sell into the downdraft,在急跌中抛售,downdraft 本义下沉气流，喻价格的急速下坠；sell into 顶着（跌势）卖出。
265,多义,extremely additive to liquidity,对流动性有极大增益,"additive 本句形容词""起增添作用的""；常见名词义""添加剂""。"
265,术语,peer-reviewed academic journals,同行评审的学术期刊,peer review：论文发表前由同领域专家匿名评审的制度。
265,生词,"immediacy, size, and a fair price",即时性、数量与公允价格,immediacy 立即可得性；作者定义流动性的三要素。
265,难句,"In fact, in both instances, imbalances in the volumes of buys versus sells led to incredible illiquidity for anyone on the wrong side of those moves (e.g., owners of SPY who wanted to sell into the downdraft on May 6, 2010).",事实上，这两次事件中买卖量的失衡，都让站在行情错误一边的人（例如2010年5月6日想在急跌中卖出SPY的持有者）遭遇了惊人的流动性枯竭。,主干 imbalances led to illiquidity；for anyone... 介词短语限定受害对象；括号内举例；buys versus sells 买盘对卖盘。
265,词组,few self-respecting candidates,但凡有点自尊的应聘者都不会…,"self-respecting 有自尊心的；常用于否定句表""像样的…都不会""。"
265,词组,is broadly reflective of the fundamentals,大体反映基本面,reflective of 反映…的；作者判定价格公允的第一条标准。
266,多义,biasing our candidate pool toward the bad side,使我们的候选人池偏向差的一端,"bias 本句作动词""使产生系统性偏差""；常见名词义""偏见；偏差""。"
266,词组,Just so,正是如此；同理,承接上文类比、引回正题的书面过渡语。
266,生词,make you rue buying those shares,让你后悔买了那些股票,rue 懊悔（正式/文学用词）；rue the day 悔不当初。
266,生词,A prospective seller,潜在的卖家,prospective 未来可能的、潜在的；与 perspective（视角）形近易混。
266,术语,"the mid-market price, which is the simple average of the best bid and the best offer",中间价：最优买价与最优卖价的简单平均,常用作衡量成交质量与估算退出成本的基准价。
266,多义,a money-losing proposition,一桩亏钱的买卖,"proposition 本句义""（要应付的）事情、买卖""；常见义""提议；命题""。"
266,词组,one can exit the trade at no cost,可以零成本平仓离场,exit a trade 平仓；与 enter / put on（建仓）相对。
266,词组,come into play,开始起作用；派上用场,即 begin to have an effect or influence。
266,难句,"In other words, buying the bid and selling the offer is a money-losing proposition in the absence of liquidity provision rebates.","换句话说，若没有流动性返佣，""按买价买入、按卖价卖出""这种纯被动做法本身是一桩亏钱的买卖。",动名词短语 buying... and selling... 并列作主语；in the absence of 在没有…的情况下。
267,术语,at the top of the queue,排在队列最前,queue placement（排队位次）：同价位按时间先后排队，队首最先成交、逆向选择最小。
267,词组,the odds are not bad that,…的可能性不小,the odds are that... 很可能…；odds 胜算、几率。
267,词组,at least in the extreme near term,至少在极短期内,near term 短期；extreme 进一步压缩时间尺度。
267,生词,a truly staggering figure,一个着实令人咋舌的数字,"stagger 本义使踉跄，引申""使震惊""。"
267,生词,examined empirically,以实证方式检验过,empirical 基于观测数据而非理论推演的。
267,难句,"So, yes, you did technically buy at the bid, but the bid immediately went down and the price you received immediately became the subsequent best offer.",所以，没错，严格说来你确实按买价买到了，但买价随即下移，你的成交价立刻变成了之后的最优卖价。,"technically 本句""严格说来、名义上""；did buy 强调式助动词；三个分句层层转折。"
268,词组,on the order of (dollars per share),在（每股数美元的）量级上,on the order of 大约、在…数量级。
268,生词,an oversimplification,过度简化的说法,over-（过度）+ simplification；把复杂问题说得过分简单。
268,词组,get factored into,被计入；被纳入考量,factor into 把…当作因素算进去。
268,多义,as to warrant at least some investment,以至于值得投入一定资金,"warrant 本句动词""使…有正当理由、值得""；常见名词义""权证；搜查令""；sufficiently high as to 高到足以…。"
268,词组,the top tier of speed,速度的第一梯队,tier 层级；top-tier 顶级的。
268,多义,is a function of,是…的函数；取决于,"function 本句义""函数（随之变化的量）""；常见义""功能""。"
268,多义,an order already resting,已挂在簿中等待成交的订单,"rest 本句义""（订单）驻留、挂着""；常见义""休息""。"
268,语法,"Typically, the smaller and longer-term the investor, the less is the need for higher speed.",通常，投资者规模越小、期限越长，对更高速度的需求就越小。,the + 比较级...
268,难句,"It has been argued by some that long-term investors (who hold positions for years and hope for profits on the order of dollars per share) should not care about the loss of a penny or two per share by virtue of being a slow, passive trader.",有人主张：长线投资者（持仓数年、期望每股赚数美元量级）不必在意因为自己是又慢又被动的交易者而每股损失一两美分。,It 形式主语＋被动语态 has been argued；括号内 who 定语从句；by virtue of being 因为身为…。
269,术语,an aggressive limit order,激进限价单,指价格设在能立即或近乎立即成交一侧的限价单，主动去吃对手方挂单；与被动挂单等待成交相对。
269,词组,others may beat you to that price,别人可能抢在你之前拿到那个价位,beat sb to sth 抢在某人之前得到某物。
269,词组,they both enter limit orders to that effect,两人都为此下达了限价单,to that effect 意为“大意如此、为达此目的”，指代前文所述内容。
269,多义,"the resting $100.01 offer for 2,000 shares",挂在簿上待成交的 100.01 美元、2000 股卖单,resting 本句义“（挂单）驻留在订单簿上等待成交”；常见义“休息的”。
269,术语,subject to adverse selection biases,要承受逆向选择偏差,逆向选择：挂单最容易在价格即将朝不利方向变动时被成交；be subject to 受制于、易遭受。
269,难句,"If the price continues to climb, and the trader whose order came to market second continues to lag behind other participants, one of three scenarios may apply to his order: (1) it will be filled at $100.01 but is subject to adverse selection biases; (2) it will be filled at a higher price if he cancels and replaces with a higher-priced bid; or (3) it will end up not being filled at all.",如果价格继续上涨，而那位订单第二个到达市场的交易者又持续落后于其他参与者，他的订单可能出现三种情形之一：(1) 以 100.01 美元成交，但要承受逆向选择偏差；(2) 若他撤单并改挂价格更高的买单，则以更高价格成交；(3) 最终根本没能成交。,两个 if 条件并列作状语；主句为 one of three scenarios may apply；whose order came to market second 是修饰 the trader 的定语从句；冒号后 (1)(2)(3) 三个并列分句展开 scenarios。
269,多义,we have very little control over the price of the fill,我们几乎无法控制成交价,fill 本句义“成交（价）”；常见义“填充、装满”。
269,语法,we will most likely end up with a worse fill than had we been faster,我们多半会得到比“当初更快一些”更差的成交,than had we been faster 是虚拟条件句的倒装，等于 than if we had been faster。
269,术语,reaches the queue and gets filled first,先进入排队队列并率先成交,queue 指撮合引擎中按价格—时间优先排列的订单队列，排位靠前者先成交。
270,难句,"What’s more, the greater the accuracy of the forecasts (from the alpha model) that drove the desire to trade in the first place, the larger our concern over slippage is.",而且，当初驱动这笔交易的（阿尔法模型）预测越准确，我们对滑点的担心就越大。,"the + 比较级…, the + 比较级… 结构；that drove the desire to trade 是修饰 forecasts 的定语从句；in the first place 当初、一开始。"
270,生词,The cancelation of passive orders that have already been placed,撤销已经挂出的被动订单,cancelation 为美式拼写（英式 cancellation）；passive order 指挂在簿上等待成交、不主动跨价成交的限价单。
270,词组,by virtue of some small fluctuation in XYZ’s price,凭借 XYZ 价格的某点小幅波动,by virtue of 由于、凭借，正式书面语。
270,生词,as it has a tendency to do at the most inopportune times,就像它总爱在最不合时宜的时候那样,inopportune 不合时宜的；do 在此代替前面的 moving quickly。
270,多义,I would want to lift my order as quickly as possible,我会想尽快撤掉自己的挂单,lift 本句义“撤回（自己挂出的订单）”；常见义“举起”。
270,多义,it is highly probable that my offer will be lifted,我的卖单很可能会被人吃掉,lift an offer 指买方主动成交掉挂着的卖单，与同页 lift my order（撤单）方向相反。
270,语法,the price at which I sold at would be inferior to what I could have sold at,我实际卖出的价格会劣于我本可以卖到的价格,at which … at 是原文的介词重复（口语化冗余）；would be / could have sold 表与事实相反的虚拟语气；be inferior to 劣于，本身含比较义，不用 than。
270,词组,will no doubt cost me dearly over the course of a year,一年下来无疑会让我付出高昂代价,cost sb dearly 使某人损失惨重；over the course of 在…期间。
270,术语,the rate of cancelations in U.S. equities,美股市场的撤单率,撤单率＝撤销订单数占报单总数的比例，是高频交易争议中的焦点指标。
270,语法,XYZ might well be on its way up to well above my $100.00 offer price,XYZ 很可能已经一路涨到远高于我 100.00 美元的报价,might well 很可能；句中两个 well 词义不同，前者加强 might，后者修饰 above 表“远远”。
271,词组,logically the first order of business,理所当然是头等要务,the first order of business 首要事项、当务之急。
271,多义,"as opposed to stale, which is what practitioners call orders that haven’t been refreshed very recently",与之相对的是“陈旧”，业内用这个词指近期未刷新过的订单,stale 本句义“（订单、报价）过时未更新的”；常见义“（食物）不新鲜的”。as opposed to 与…相对。
271,术语,The matching engine,撮合引擎,交易所用来给订单打时间戳、排定优先级、撮合买卖双方并广播行情的软件。
271,术语,time-stamp and prioritize all inbound orders,给所有到达的订单打时间戳并排定优先次序,inbound 传入的、到达的；prioritize 此处指按价格—时间优先原则排序。
271,术语,When a trading firm colocates its server,当交易公司把服务器托管进（交易所机房）,colocate（共置托管）：把自有服务器放进交易所撮合引擎所在的数据中心，以缩短传输距离。
271,术语,cross-connect,交叉互连,托管服务器与交易所撮合引擎之间在同一机房内的直连线路。
271,术语,proximity hosting,邻近托管,不进交易所机房、而把服务器放在附近设施的折中方案。
271,多义,quants can elect to host nearby,量化机构可以选择在附近托管,elect 本句义“选择（做某事）”，后接 to do；常见义“选举”。
271,语法,with nearby being a totally arbitrary term here,而这里的“附近”完全是个随意的说法,with + 名词 + doing 的独立主格结构，作补充说明，不与主句共用主语。
271,多义,The difference between being near the exchange and being far away can be material,离交易所近与远之间的差别可能是实质性的,material 本句义（形容词）“重大的、有实质影响的”；常见义（名词）“材料”。
271,词组,To put some metrics on it,用具体数字来衡量一下,put metrics on 给…加上可量化的指标。
271,生词,let’s assume that this time is negligible for now,暂且假设这段时间可以忽略不计,negligible 微不足道的、可忽略的（动词 neglect 忽视）。
272,术语,at the 99th percentile,在第 99 百分位上,百分位：把观测值排序后，99% 的观测低于该值；此处指最繁忙的那 1% 时段。
272,多义,posted to the various order books for EBAY,被报送到 EBAY 各个订单簿上的,post 本句义“报送、挂出（订单或消息）”；常见义“邮寄；张贴”。
272,语法,your orders will be very far behind other orders given the 100 millisecond delay,考虑到 100 毫秒的延迟，你的订单会远远落后于其他订单,given 此处是介词“考虑到、鉴于”，不是动词过去分词。
272,语法,we care far more about the message rate and activity at the 99th percentile than we do about the median level,我们更关心第 99 百分位上的消息速率与活跃度，而不是中位数水平,than we do 中的 do 代替前面的 care，避免重复；far more … than 构成比较。
272,多义,everything in between reside on servers,中间的一切都驻留在服务器上,reside 本句义“（软件、数据）驻留、存放于”；常见义“居住”。
272,多义,One possibility is to locate them on your own premises,一种做法是把它们放在自家场地上,premises 本句义“（公司的）房产、经营场所”，恒用复数；常见义“前提”。
272,词组,"expensive, mission-critical servers",昂贵的关键任务级服务器,mission-critical 指一旦故障就会导致业务瘫痪的关键系统。
272,术语,data centers (also known as colocation facilities),数据中心（也称托管机房）,colocation facility：向多家客户出租机柜空间、让其服务器与交易所比邻而居的设施。
272,术语,these consolidated data feeds contain substantial latency,这些整合后的行情源含有相当大的延迟,consolidated data feed：由第三方把多个交易场所行情合并后转发的数据源，比自建合并慢。
272,生词,can be visualized as a “mesh,可以想象成一张“网状结构”,mesh 网格、网状；此处指各交易所数据中心两两互连的拓扑形态。
273,多义,"are very keen to know, with minimal latency",迫切想以最小延迟知道,be keen to 本句义“急切想要（做某事）”；keen 常见义“锋利的；敏锐的”。
273,词组,which generally trade in the vicinity of New York City,它们一般在纽约市附近交易,in the vicinity of 在…附近（正式书面语）。
273,术语,the S&P E-Mini futures contract (called the “ES” futures contract),标普 500 小型（E-Mini）期货合约（业内称 ES 合约）,芝加哥商品交易所上市的小合约版标普 500 指数期货，是全球最活跃的股指期货。
273,多义,the ES tends to lead both the SPY,ES 往往领先于 SPY（先行反应）,lead 本句义“（价格）先行、领先反应”；常见义“带领”。
273,多义,Data can’t be beamed through the air,数据无法以光束形式在空中直传,beam 本句义（动词）“以波束/无线方式发送”；常见义（名词）“横梁；光束”。
273,生词,due to the curvature of the Earth,由于地球曲率,curvature 曲率、弯曲度（形容词 curved 弯曲的）。
273,术语,a one-way latency of seven to eight milliseconds,单向延迟七到八毫秒,one-way latency 单程延迟，与 round trip（往返）延迟相对，后者约为其两倍。
273,难句,"This is over a fiber optic network, which (1) transmits data through glass (the material that fiber optics are essentially made from), and (2) is somewhat circuitous, as there is no telecommunications company with a direct route between Chicago and New York.",这是通过光纤网络实现的，而光纤网络 (1) 让数据在玻璃中传输（光纤基本上就是玻璃做的），(2) 路径有些绕，因为没有哪家电信公司拥有芝加哥到纽约的直达线路。,which 引导非限定性定语从句，其谓语被 (1)(2) 拆成两个并列部分；as 引导原因状语从句；circuitous 迂回绕路的。
273,多义,They leased and bought tracts of land along this path,他们沿这条路径租下并买下大片土地,tract 本句义“一片（土地）”；常见义“（学术）短论；（人体）道，如 digestive tract”。
273,多义,employed 126 four-person crews to lay a one-inch-wide line,雇了 126 支四人施工队来铺设一条一英寸宽的线路,crew 此处指施工班组；lay 铺设（管线），过去式 laid，勿与 lie（躺）混淆。
273,词组,contracts rumored to cost on the order of $10 million,传闻造价在 1000 万美元量级的合约,on the order of 大约在…数量级（口径上等于 roughly）。
273,语法,"If this were somehow possible, it would take just under four milliseconds",如果这以某种方式可行，只需不到四毫秒,were + would 是与现在事实相反的虚拟语气；just under 略少于。
274,文化,this “arms race to zero”,这场“延迟趋零的军备竞赛”,借冷战军备竞赛作比，指各家不断砸钱把延迟压向零的竞争。
274,词组,as the pursuit of minimum latency is less-than-affectionately known,追求最低延迟这件事被人不无揶揄地这样称呼,be known as 的插入式变体；less-than-affectionately 字面“毫无爱意地”，即带贬义、揶揄地。
274,词组,scarcely ended with Spread Networks’ unveiling,远未随着 Spread Networks 的亮相而结束,scarcely 几乎不、远非；unveiling 揭幕、正式推出（源自 unveil 揭开面纱）。
274,术语,a microwave solution (which bounces microwave transmissions between towers),微波方案（在塔与塔之间接力反射微波信号）,微波在空气中传播快于光在玻璃中传播，故延迟低于光纤，但带宽小、易受天气影响。
274,生词,microwaves tend to move faster through the air than photons move through glass,微波在空气中的传播快于光子在玻璃中的传播,photon 光子；此处 glass 指光纤的玻璃材质。
274,文化,There is some light (no pun intended) at the end of the tunnel,隧道尽头总算有点光亮（无意双关）,light at the end of the tunnel 喻困境将尽、转机在望；因本段正在谈光传输，作者自注双关。
274,术语,"a closely monitored, dedicated fiber optic line",一条严密监控的专用光纤专线,dedicated line（专线）指只服务单一客户、不与他人共享带宽的线路。
274,词组,The “state-of-the-art” connection between London and New York,伦敦与纽约之间“最先进水平”的线路,state-of-the-art 代表当前最高技术水平的。
274,词组,This translates into a latency reduction of approximately 5 milliseconds,这相当于把延迟降低约 5 毫秒,translate into 转化为、意味着（某结果）。
274,难句,"In general, the utility for reducing latency in communication between various markets (really, data centers) can be understood to be driven by the relationship between the instruments being traded in those disparate places.",总体而言，降低各市场（其实是各数据中心）之间通信延迟的价值，可以理解为取决于这些分散各地的场所所交易标的之间的关联关系。,主语是 the utility for reducing latency…；can be understood to be driven by 为双重被动；being traded 是现在分词被动式作 the instruments 的后置定语；disparate 迥异的、分散各处的。
274,难句,"There is not only a direct, one-to-one correspondence between the weighted sum of the underlying stocks in the index and the futures contract, as well as various ETFs that derive from the S&P 500 index, but also many indirect relationships as well.",不仅指数中成分股的加权和与期货合约（以及各种源自标普 500 指数的 ETF）之间存在直接的一一对应关系，还存在许多间接的关联。,not only … but also 分置句首与句尾；correspondence between A and B 表 A 与 B 一一对应；as well as 引出的插入成分把 ETF 并入 B 一侧。
274,词组,To the extent that you can garner a speed advantage,只要你能取得速度优势（能取得多少算多少）,to the extent that 在…限度内、只要；garner 获取、积累（正式）。
274,词组,you stand a better chance of profiting from these relationships,你就更有机会从这些关联中获利,stand a chance of doing 有做成某事的可能。
274,术语,"in the form of messages (new orders, cancelations, and trades)",以消息（新订单、撤单、成交）的形式,交易所推送的是逐条事件消息流，完整订单簿需由接收方自行重建。
275,多义,There can be no dropped messages.,一条消息都不能丢。,dropped 本句义“（数据包、消息）被丢失”；常见义“掉落的”。
275,术语,timestamping,打时间戳,给每条消息标记精确到微秒的时间，用于还原跨场所事件的先后顺序。
275,术语,For markets that are fragmented (as in the case of U.S. equities),对于碎片化的市场（如美国股市）,市场碎片化：同一只证券在多个交易所与暗池并行交易，行情与流动性被分散。
275,术语,one consolidated order book,一本合并订单簿,把多个交易场所的挂单按价格档位合并而成的统一订单簿。
275,多义,The challenges described above are compounded by the task of combining these multiple information sources correctly.,上述挑战又因“必须正确合并多个信息源”这项任务而进一步加剧。,compound 本句义“使加剧、雪上加霜”；常见义（金融）“以复利计算”。
275,多义,this must be accounted for when building the consolidated order book,在构建合并订单簿时必须把这一点计算在内,account for 本句义“把…考虑进去、作相应处理”；常见义“占（比例）；解释”。
275,难句,One of the most significant (and somewhat unique) challenges facing someone building a high-speed trading infrastructure is the fact that messages do not arrive at an even rate throughout the day.,搭建高速交易基础设施的人所面临的最重大（且颇为独特）的挑战之一，是消息在一天之中并非以均匀速率到达。,主语 One of the … challenges 后接现在分词短语 facing someone building… 作定语（其中 building 又修饰 someone）；系动词 is 后接 the fact that 同位语从句。
275,生词,This is an extremely sneaky problem that bears some discussion.,这是个极其隐蔽狡猾的问题，值得展开讲一讲。,sneaky 暗中作祟、不易察觉的；bear discussion 值得讨论。
275,术语,rates of consumption of bandwidth would be basically stationary,带宽消耗速率基本上是平稳的,stationary（平稳）：统计性质（均值、方差）不随时间改变；勿与 stationery（文具）混淆。
275,术语,the Poisson-distribution,泊松分布,描述固定区间内独立随机事件发生次数的离散分布，前提是到达率恒定且事件互相独立。
275,词组,that is tailor-made for this application,简直是为这一用途量身定制的,tailor-made 量身定制的（源自 tailor 裁缝）。
276,术语,call arrival rate was constant and calls arrived independently,呼叫到达率恒定且各次呼叫相互独立,arrival rate（到达率）恒定与相互独立，正是泊松分布成立的两个前提。
276,文化,has an incredibly high average call rate,（母亲节）的平均通话量高得惊人,美国母亲节为五月第二个周日，历来是电话网络的年度话务高峰。
276,语法,the very action of one person trading causes another to take action,正是一个人交易这个动作本身，引发了另一个人也采取行动,the very + 名词表强调“正是…本身”；one person trading 为“名词＋动名词”的复合结构，表某人做某事。
276,术语,This results in a positive feedback loop,这就形成了正反馈循环,正反馈：结果反过来放大起因，使波动自我强化，与负反馈的自我抑制相对。
276,生词,To further elaborate,进一步展开说,elaborate（动词）详述、展开说明，重音在第二音节；elaborate on sth。
276,多义,for various slices of time from 1 second down to 1 millisecond,针对从 1 秒到 1 毫秒的各种时间切片,slice 本句义“（时间的）一段、切片”；常见义“（面包的）一片”。
276,难句,What is most interesting about Exhibit 14.11 is that it shows directly and empirically how non-stationary the message rates are.,图表 14.11 最有意思之处在于，它直接、实证地展示了消息速率有多么不平稳。,What 引导主语从句，is that… 引导表语从句，从句内再嵌 how + 形容词 + 主谓的宾语从句；empirically 以实证数据的方式。
276,语法,you would expect to see 1/10th the number of messages in one row as in the preceding row,你会预期某一行的消息数只有前一行的十分之一,preceding 前面的、上一个的；as in the preceding row 是省略比较结构（as [there are] in the preceding row）。
276,多义,we see that there are 13 messages at the 99th percentile,我们看到第 99 百分位上只有 13 条消息,此处 see 引出观测到的实际值，与前文 expect（理论预期值）构成对照。
276,多义,about five times the expectation,约为期望值的五倍,expectation 本句义（统计）“期望值”；常见义“期待、指望”。
277,多义,yields surprising results,得出令人意外的结果,yield 本句义（动词）“产生、得出（结果）”；常见义（金融名词）“收益率”。
277,术语,"there are 234,000 observations that occur with 1 percent probability during the day",一天中有 23.4 万个以 1% 概率出现的观测,observation 为统计学中的“观测值、样本点”，此处每一毫秒算一个观测。
277,生词,This should self-evidently be a massive problem,这不言而喻应当是个大问题,self-evidently 不言自明地（形容词 self-evident）。
277,生词,"There are 2,340 millisecond intervals that comprise the busiest 0.01 percent of observations",有 2340 个毫秒区间构成了最繁忙的 0.01% 观测,comprise 此处义“构成、占（整体的一部分）”；comprise 后不接 of。
277,难句,"Whereas the tails of the distribution of messages per 10 seconds are relatively well behaved, the tails of the distribution of messages per millisecond are incredibly badly behaved.",按每 10 秒统计的消息分布，其尾部相对“乖巧”；而按每毫秒统计的消息分布，尾部则极其“顽劣”。,Whereas 引导对比状语从句（“然而、反之”）；tails of the distribution 指分布尾部即极端值区域；well/badly behaved 是数学用语，指是否具有良好性质。
277,多义,if you are trying to engineer a system to be responsive at a given time scale,如果你想把系统设计得在某个时间尺度上反应及时,engineer 本句义（动词）“设计、构建（系统）”；responsive 反应迅速的。
277,语法,Compounding the problem is the fact that there is a seasonality of busy-ness within each day.,雪上加霜的是，每天日内还存在忙闲的周期性规律。,完全倒装：现在分词短语 Compounding the problem 作表语前置，真正主语是 the fact that…；seasonality 此处指日内固定时段的规律性起伏。
277,术语,the data feed handler,数据接收处理程序,负责接收、解析交易所行情消息并转成内部格式的软件模块。
277,术语,bursts of data that might have been handled individually could become overwhelming,单独处理尚可应付的数据突发，合起来就可能压垮系统,data burst（数据突发）：极短时间内消息量骤增数十倍的现象。
277,语法,And if this wasn’t enough of challenge already,仿佛这挑战还不够大似的,if this wasn't enough 是口语化的让步插入语，后接“更糟的还在后头”；正规写法为 enough of a challenge。
278,多义,each server is charged with computing and running the actual trading strategy,每台服务器都负责计算并运行真正的交易策略,be charged with 本句义“被赋予…职责”；常见义“被指控（犯罪）；充电”。
278,多义,attempting to control for risk factors continuously throughout the day,试图全天持续控制风险因子,control for 是统计与建模用语“控制（某变量的影响）”，与 control（掌控）用法不同。
278,术语,an alpha model with an intraday time horizon,一个时间跨度在日内的阿尔法模型,time horizon（时间跨度）指预测或持仓的时间长度；intraday 日内、当天了结。
278,术语,index arbitrage is a widely-known HFT strategy,指数套利是广为人知的高频策略,指数套利：在指数（或其 ETF）与其成分股组合之间捕捉两者定价的偏差。
278,词组,trading the value of the SPY ETF against the values of the 500 stocks that comprise it,用 SPY ETF 的价值对做构成它的那 500 只股票的价值,trade A against B 指一边做多、一边做空的对冲式交易。
278,术语,a “bottom-up” estimate of the value of the S&P index,自下而上估算标普指数的价值,由成分股价格与权重逐一加总，倒推出指数的理论价值。
278,术语,after accounting for expense ratios,在计入费用率之后,expense ratio（费用率）：基金或 ETF 每年从资产中扣除的管理运营费用比例。
278,难句,"If, however, you find that the actual value of the SPY ETF, after accounting for expense ratios and other similar structural differences between the ETF and a basket of stocks, is trading at a different value, then theoretically free money is to be had by virtue of buying whichever side is under-valued and selling short whichever side is over-valued.",然而，如果你发现 SPY ETF 的实际价格在计入费用率以及 ETF 与一篮子股票之间其他类似结构性差异之后，处在另一个价位，那么理论上就有白捡的钱：买入被低估的一边、卖空被高估的一边即可。,If 从句主干是 you find that … is trading at a different value，中间被 after accounting for… 的长插入语隔开；free money is to be had 用 be to be done 表“可以到手”；whichever side 引导名词性从句作宾语。
278,多义,As a sidebar,顺带一提,sidebar 本句义“（正文之外的）补充说明、题外话”；常见义“（报刊版面的）边栏”。
278,多义,comparing the SPY ETF to the basket of stocks that comprise it is not trivial,把 SPY ETF 与构成它的一篮子股票作比较并不简单,trivial 本句义“轻而易举、不费事的”；常见义“琐碎无关紧要的”。
279,术语,what’s known as a regulatory risk check,所谓的监管风险校验,下单前由券商系统检查订单是否超出客户资金能力、是否明显错误、是否合规。
279,术语,under the Market Access Rule,《市场准入规则》之下,美国 SEC 的 15c3-5 规则，要求提供市场接入的券商对客户订单实施风险控制。
279,词组,within the means of the trader,在该交易者的财力范围之内,within one's means 量力而行、不超出自身财力。
279,生词,compliant with regulatory requirements,符合监管要求的,compliant 顺从的、合规的；名词 compliance 合规。
279,多义,They also mandate that the risk-checking software should be in the full and exclusive control of the broker-dealer,他们还强制规定，风控软件必须完全且排他地处于经纪自营商的掌控之下,mandate 本句义（动词）“强制规定”；常见义（名词）“授权、委托范围”。
279,术语,Does the trader’s buying power allow for the order(s) in question,该交易者的可用买入额度是否足以支持所涉订单,buying power 购买力、可用下单额度；in question 指“正在讨论的、所涉的”。
279,术语,an excessive number of open orders,数量过多的未成交挂单,open order 已报出但尚未成交、也未撤销的订单。
279,术语,These firms engaged in what is called “naked access.”,这些公司做的是所谓的“裸接入”。,裸接入：客户绕过券商风控系统直连交易所下单，速度最快但风险最终由券商承担，现已被禁。
279,难句,This meant that customers of the broker-dealer were allowed direct access to the market if the broker was ultimately comfortable enough (after performing many checks of their own) with the client’s risk-checking technology.,这意味着：只要券商在自行做了许多检查之后，最终对客户自己的风控技术足够放心，券商的客户就被允许直连市场下单。,主句后接 that 宾语从句，从句内再套 if 条件从句；be comfortable with 对…感到放心，被括号插入语拉开了较远距离。
279,多义,This added “hop” (in network engineering terms),这多出来的一“跳”（网络工程术语）,hop 本句义“数据包经过一个中间节点的一跳”；常见义“单脚跳”。
279,语法,the broker’s risk-checking software is generally going to be inferior to that designed by a speed-sensitive trader,券商的风控软件通常不如对速度敏感的交易者自己设计的那套,that 代替前面的 software 以避免重复，后接过去分词短语作定语。
280,术语,cares a lot more about issues like scalability than being hyper-fast,更在意可扩展性之类的问题，而不是极致的速度,scalability（可扩展性）：系统在负载增长时仍能通过增加资源维持性能的能力。
280,术语,the “tick-to-trade” total latency,“行情到下单”的总延迟,从收到一条行情消息到把订单发出至交易所为止的全链路耗时，是高频系统的核心指标。
280,词组,some HFT firms opted to send their trades directly to the exchange,一些高频公司选择把订单直接发往交易所,opt to do 选择做某事；接名词时用 opt for。
280,术语,after utilizing their own in-house risk checks,在使用自家内部风控校验之后,in-house 自建的、公司内部的，与外购、外包相对。
280,词组,some brokers made a business of providing naked access to HFTs,有些券商把给高频公司提供裸接入做成了一门生意,make a business of doing 以做某事为业。
280,词组,build out their own broker-dealer units,自行搭建起属于自己的经纪自营商实体,build out 从头建成、扩建出（一整套设施或部门）。
280,词组,there is clearly a double standard when it comes to HFT,一谈到高频交易就明显存在双重标准,double standard 双重标准；when it comes to 一谈到…时，to 后接名词或动名词。
280,难句,"People seem to be really angry that HFTs, having solved the incredibly difficult problems enumerated above, have achieved a (completely legal, ethical, and fair) competitive advantage over other traders.",人们似乎真的很生气：高频交易商在解决了上文列举的那些极其困难的问题之后，取得了（完全合法、合乎道德且公平的）相对其他交易者的竞争优势。,angry that… 后接表原因的从句；主语 HFTs 与谓语 have achieved 之间插入 having solved… 完成式分词短语，表动作先于主句；enumerated 列举的。
280,多义,like any other enterprise in a reasonably free-enterprise system,与一个大体自由竞争的体系里的任何其他行当没什么两样,enterprise 本句义“事业、行当”；free enterprise 则为经济学名词“自由企业制度”。
280,语法,"Countless HFTs have invested enormous sums of time and money into infrastructure, only to find that they lack the ability simply to generate acceptable returns.",无数高频公司在基础设施上砸下巨量的时间和金钱，结果却发现自己根本没本事做出说得过去的回报。,only to do 表出乎意料的结果（“结果却…”），与表目的的不定式不同；lack the ability to do 缺乏做某事的能力。
280,术语,A typical “build versus buy”,典型的“自建还是外购”,build versus buy：企业决定关键系统是自研还是采购商用方案的经典权衡。
281,文化,“HFT-in-a-box” solutions,“开箱即用的高频交易”整套方案,仿 X-in-a-box 的营销说法，指供应商把全套高频基础设施打包出售。
281,生词,when trading activity is at its most frenzied level,在交易活动最狂热的时候,frenzied 疯狂的、狂乱的（名词 frenzy 狂热）。
281,多义,Responsible people engineer for the 99th percentile.,负责任的人是按第 99 百分位来设计系统的。,engineer for 以…为目标来设计、施工；此处指按极端繁忙情形而非平均值来设计容量。
281,生词,detractors of HFT have pointed to the near-death experience of Knight Capital,高频交易的贬低者拿骑士资本的濒死经历说事,detractor 诋毁者、唱衰者；point to 指出、援引…作为证据。
281,词组,It was a mistake of their own doing.,这是他们自己造成的错误。,of one's own doing 由自己一手造成的。
281,词组,had to secure emergency funding to stay afloat,不得不筹到紧急融资才免于倒闭,secure 此处义（动词）“设法取得”；stay afloat 原指船不沉，喻企业维持不倒。
281,词组,at the expense of a large portion of the value of their business,代价是公司价值的一大部分,at the expense of 以…为代价。
281,文化,"No “mom and pop” investors, no pensioners, no market systems were harmed.",没有一个“散户小老百姓”、没有一个靠养老金生活的人、也没有任何市场系统受到伤害。,mom and pop 美式说法，原指夫妻小店，引申为缺乏专业能力的小投资者；pensioner 领养老金者。
281,词组,in pursuit of what amounts to a $0.001 per share profit expectation,为的是追逐说白了每股 0.001 美元的预期利润,in pursuit of 追求；what amounts to 相当于、说白了就是。
281,语法,That they might make $0.001 per share to provide that liquidity is both inconsequential and totally fair.,他们为提供这份流动性而每股赚 0.001 美元，这既无足轻重又完全公平。,That 引导主语从句（谓语是 is），从句较长时开头的 That 容易被误当作指示代词；inconsequential 无足轻重的。
281,生词,the capital and time expenditures of competing in a hyper-competitive space,在超高竞争的领域里参与竞争所需的资金与时间支出,expenditure 支出、耗费（正式）；前缀 hyper- 表“过度、超”。
281,词组,"courtesy of Tradeworx, Inc. proprietary research",由 Tradeworx 公司的自有研究提供,courtesy of 蒙…提供、承蒙…惠允；proprietary 专有的、自有的。
282,生词,so some of this is just incumbency,所以其中一部分只是“先来后到”的既有优势,incumbency 在位、既有地位（形容词 incumbent 现任的、既有的）。
282,多义,it tends to retain that title with a large amount of inertia on its side,它往往能保住这个地位，而且巨大的惯性站在它这一边,inertia 本句义（比喻）“惰性、路径依赖”；常见义（物理）“惯性”。
282,词组,it is a pain in the neck to change one’s infrastructure,更换基础设施是件极其麻烦的事,a pain in the neck 令人头疼的麻烦事（口语）。
282,词组,for all intents and purposes,就一切实际而言；实际上,固定短语，表“实质上等同于”，常用于把两者视作一回事时。
282,生词,subject to less onerous taxes,适用的税负没那么重,onerous 繁重的、负担沉重的；be subject to 受…约束、适用于。
282,术语,the migration of retail investors away from actively managed mutual funds into passive ETFs,散户从主动管理型共同基金转向被动型 ETF 的迁移,actively managed（主动管理）靠基金经理选股，passive（被动）只复制指数，后者费率显著更低。
282,词组,simply doesn’t want to spend a lot of money to put on that bet,只是不想花大钱来建立这个头寸,put on a bet/trade 建仓、下注，与 take off（平仓）相对。
282,多义,the realities of the amount of real estate needed for the massive data centers,巨型数据中心所需占地面积的现实情况,real estate 本句义“（所需的）场地、地皮”；常见义“房地产（业）”。
283,文化,"If you have a mouse in your hand, you are too late!",手里还握着鼠标，你就已经太迟了！,期权做市巨头 Blair Hull 的名言；意指人手操作的速度在电子化市场里已完全不够用。
283,术语,a high-speed (low-latency) trading infrastructure,高速（低延迟）交易基础设施,latency 指从收到行情到订单抵达市场之间的时间延迟；low-latency 是高频交易的核心工程目标。
283,术语,contractual market making,契约型做市,做市商与券商签订合同、包揽其客户订单流并保证成交的模式；与下文非契约型做市相对。
283,术语,fast alpha,快阿尔法策略,在日内极短周期上用动量、均值回归等价格信号赚取超额收益的高频策略类别。
283,多义,all of those that pertain to non-HFT quants,所有适用于非高频量化交易者的（优势类型）,"pertain to 本句义""适用于、与…有关""；常见义""从属于""。"
283,语法,it bears discussing how these types of edges typically map to various kinds of HFTs,值得讨论一下这些优势类型通常如何对应到各类高频交易者身上,"it bears + 动名词 = 值得被…（bear 此处表""经得起、值得""）；map to 对应到。"
283,多义,has the closest analog to a traditional feature of the markets,在市场的传统建制中最能找到与之对应的东西,"analog 本句义""对应物、类似物""；常见义""模拟（信号）的""。"
283,难句,"The types of edges that a successful HFT might have include all of those that pertain to non-HFT quants, but we should add/emphasize one additional type, bringing the total to four: the investment process, a lack of competition, something structural, and technology.",一家成功的高频交易机构可能拥有的优势类型，涵盖了适用于非高频量化交易者的全部类型，但我们还应补充并强调一种，使总数达到四种：投资流程、缺乏竞争、某种结构性因素，以及技术。,主干 The types of edges ... include all of those ...；that a successful HFT might have 是修饰 edges 的定语从句；bringing... 为结果状语的现在分词；冒号后是四项同位列举。
284,语法,either goes unfilled until a later time,要么一直未能成交、拖到晚些时候,"go + 形容词表""处于某种状态""（如 go unnoticed）；unfilled 未成交的，fill 在交易语境中指""（订单）成交""。"
284,词组,for the sole reason that customer B wants to sell them,仅仅因为客户 B 想把它们卖掉,"for the sole reason that 意为""唯一的理由就是""，强调别无他因。"
284,多义,they provide liquidity to those who have a utility for it,他们向对流动性有需求的人提供流动性,"utility 本句义（经济学）""效用、用处""，have a utility for 即""用得上、有需求""；常见义""公用事业""。"
284,词组,at the whims of retail customers,随散户客户的心血来潮而变,whim 一时兴起的念头；at the whim(s) of 受…的任性摆布。
284,多义,market makers get paid to warehouse the risk in the interim,做市商靠在此期间暂存风险来赚钱,"warehouse 本句义为动词""仓储、暂存（头寸/风险）""；常见义为名词""仓库""。in the interim 在此期间。"
284,术语,order flow internalizers,订单流内部化者,internalize 指券商把客户订单不送交易所、由自家或签约做市商内部撮合成交。
284,术语,the brokerage routes its customers' orders to the market maker to be executed,券商把客户订单路由给该做市商去成交,"route 本句为动词""把（订单）转送到某处成交""，是交易系统里的固定说法。"
284,生词,this is aptly known as,这被恰如其分地称为,aptly 贴切地、恰如其分地；apt 恰当的、易于…的。
284,难句,"In the same way, market participants don't necessarily take investment decisions that coincide perfectly, and market makers get paid to warehouse the risk in the interim.",同理，市场参与者的投资决策未必能完美对上，于是做市商靠在这中间暂存风险来收取报酬。,"not necessarily 部分否定""未必""；coincide 恰好一致；两个分句用 and 并列，后半句是前半句造成的结果。"
284,难句,"But interestingly, neither the customer's order to buy nor the CMM's taking the other side of that trade ever goes into the exchange's limit order book.",但有意思的是，无论是客户的买单，还是契约型做市商接下这笔交易对手方的动作，都从未进入交易所的限价订单簿。,neither A nor B 作主语时谓语随最近的 B（goes 用单数）；the CMM's taking 是动名词复合结构；take the other side of 承接…的对手方。
285,词组,by virtue of having agreed to this contractual relationship,凭借已经同意了这一契约关系,by virtue of 凭借、由于（较正式），后接名词或动名词。
285,生词,gains an advantage that supersedes even the fastest traders,获得一种连最快的交易者都比不过的优势,supersede 取代、优先于、盖过；注意拼写是 -sede 而非 -cede。
285,词组,the CMM is piggybacking on whatever the prevailing best offer was,契约型做市商是在搭当时最优卖价的便车,"piggyback on 借力于、搭…的便车，字面""骑在背上""。"
285,词组,it is not at all obvious that the customer is any worse off,完全看不出客户的处境有变差,"be worse off 处境更差、更吃亏（反义 better off）；any 在否定句中加强""丝毫""。"
285,生词,We contended in Chapter 14 that trading passively is not necessarily a highly profitable activity,我们在第14章主张过，被动交易未必是一项高利润的活动,"contend 本句义""主张、论证""；另一常见义""争夺、与…较量""。"
285,术语,the problem of adverse selection,逆向选择问题,做市语境中指：愿意与你的挂单成交的对手方，往往是掌握了对你不利信息的一方。
285,词组,when facing off against retail order flow,当与散户订单流正面交锋时,face off against 与…对阵、正面交锋，源自冰球开球术语。
285,多义,the aggregate of these orders on a given name,同一只个股上这些订单的合计,"name 本句义""（一只）证券、标的""，交易圈行话；aggregate 合计、总量。"
285,术语,there is unlikely to be any significant price impact,不太可能产生明显的价格冲击,price impact（市场冲击）指自己的交易行为本身把价格推向不利方向的程度。
285,术语,"here, a perverse incentive may exist",这里可能存在一种扭曲的激励,perverse incentive 指制度设计反而鼓励当事人做出与初衷相反行为的激励。
285,术语,"lift all 2,000 shares offered at $100.01",把100.01美元上挂出的全部2000股全数吃掉,lift（an offer）主动买入、吃掉卖单；对应 hit（a bid）主动卖出、砸向买单。
285,难句,This happens in the reverse sequence than in a normal market situation: generally a passive order is resting in the limit order book and an active order comes into the market later and takes the liquidity offered by the passive order.,这里发生的顺序与正常市场情形正好相反：通常是一笔被动挂单先驻留在限价订单簿中，随后一笔主动订单进场，把被动挂单提供的流动性吃掉。,"in the reverse sequence than 为作者的口语化比较（规范说法是 from）；冒号后用两个 and 并列的分句说明""正常顺序""；resting 指挂单驻留等待成交。"
286,多义,until the buy order was almost exhausted,直到这笔买单几乎被消耗殆尽,"exhaust 本句义""（订单可成交量）被耗尽""；常见义""使人精疲力竭""。"
286,生词,the offered side of the book is likely to replenish,订单簿的卖方一侧很可能会重新补挂,replenish 重新填满、补充；the offered side 指订单簿上挂卖单的那一侧。
286,多义,"If there was no other buying pressure behind that 10,000 share buy order",如果那笔1万股买单背后并没有其他买盘力量,"buying pressure 买盘压力，即持续的主动买入需求；behind 本句义""跟在…后面（作为后续支撑）""。"
286,生词,It may incentivize the CMM to act in a way that is adverse to the customer,它可能诱使契约型做市商采取对客户不利的做法,incentivize sb to do 给予某人做某事的动机；名词 incentive。
286,多义,"this is, at the least, an interesting dynamic",至少可以说，这是一种耐人寻味的互动格局,"dynamic 本句为名词""（各方相互作用形成的）态势、机制""；常见义为形容词""有活力的""。at the least 至少。"
286,多义,to do the worst possible job of filling the bulk of the customer's order,把客户订单的绝大部分执行得要多糟有多糟,"the bulk of 本句义""…的大部分""；bulk 常见义""体积、大块""。do a good/bad job of doing 把某事做得好/差。"
286,词组,at the expense of those traders whose orders were at lower-priced offers initially,代价由那些起初挂了更低卖价的交易者承担,at the expense of 以牺牲…为代价；whose 引导的定语从句修饰 traders。
286,难句,"If there was no other buying pressure behind that 10,000 share buy order, the upward move is likely to be immediately reversed, and the offered side of the book is likely to replenish with lower-priced offers than $100.03.",如果那笔1万股买单背后没有别的买盘力量，这波上涨很可能立刻反转，订单簿卖方一侧也很可能重新补上比100.03美元更低的卖价。,If 条件句后接两个并列主句（is likely to be reversed / is likely to replenish）；replenish with 用…补充；than 比较对象是 $100.03。
286,难句,"So in this case, since the CMM knew that this customer's order was about to push the price up, he delayed selling until the buy order was almost exhausted.",所以在这种情形下，由于契约型做市商知道这位客户的订单即将把价格推高，他便拖着不卖，直到这笔买单几乎被吃干净。,"since 引导原因状语从句（此处非""自从""）；be about to do 即将；delay + 动名词（delay selling）为固定搭配。"
287,生词,at an untenably high price,以高得站不住脚的价格,untenable 站不住脚的、难以维持的；副词 untenably 修饰 high。
287,词组,Knight's brush with bankruptcy unfolded in merely a half-hour,骑士公司与破产擦肩而过的全过程仅在半小时内上演,a brush with 与（危险、麻烦）的一次险些遭遇；unfold（事件）展开、上演。
287,术语,the Retail Liquidity Program (RLP),散户流动性计划（RLP）,纽交所推出的机制，允许在公开盘面给散户订单提供优于最优报价的成交价，以争回被内部化的订单流。
287,词组,programs such as the RLP are not intended to put CMMs out of business,RLP 这类计划并非意在把契约型做市商挤垮出局,put sb out of business 使某人停业倒闭；be intended to 意在、旨在。
287,术语,to get as much share volume on the lit venues as possible,尽可能多地把成交股数拉回到明池场所,lit venue（明池）指报价与成交公开可见的交易场所，与 dark pool（暗池）相对。
287,术语,compete with other participants for better queue placement,与其他参与者争夺更靠前的排队位次,queue placement 指挂单在订单簿同一价位上的排队次序，先到先成交，是被动交易的核心竞争点。
287,术语,a business development edge at closing deals with aggregators of order flow,在与订单流汇聚方谈成合作上的商务拓展优势,aggregator 汇聚方（此处指券商、交易所等集中了大量客户订单的机构）；close a deal 谈成交易。
287,生词,sufficient technology and investment process acumen,足够的技术与投资流程上的敏锐才干,acumen 敏锐的判断力、精明才干，多用于 business/financial acumen 这类搭配。
287,术语,typically price improvement for the customers of these aggregators,通常是给这些汇聚方的客户带来价格改善,price improvement 指成交价优于当时全市场最优报价的那部分让利。
287,生词,a CMM's need for speed is categorically not at the same level,契约型做市商对速度的需求断然不在同一量级上,categorically 断然地、明确无疑地（加强否定/肯定语气）；categorical 绝对的、无条件的。
287,难句,"This can result in the market maker taking on a significant amount of size on the wrong side of the news and short-term momentum in such an instrument, which highlights the need for speed in placing orders to reduce the inventory acquired.",这会导致做市商在该标的上站到消息面与短期动量的错误一侧、并背上相当大的仓位，这也就凸显出必须快速下单以削减已积累库存的必要性。,"result in + 动名词复合结构（the market maker taking...）；size 此处指""仓位规模""；which 引导非限制性定语从句，指代整个前句。"
288,术语,Non-contractual market making (NCMM) also involves taking the other side of active orders,非契约型做市（NCMM）同样涉及承接主动订单的对手方,NCMM 不与券商签约包接订单流，而是把限价单挂进公开订单簿等人来成交。
288,术语,they are incentivized to provide liquidity by virtue of liquidity provision rebates,他们因流动性提供返佣而有动力去提供流动性,liquidity provision rebate（返佣）：交易所对挂被动单成交的一方支付的补贴，与吃单方缴纳的 taking fee 相对。
288,多义,active order flow is sufficiently benign,主动订单流足够温和无害,"benign 本句义""（对做市商）无害的、不带信息毒性的""；常见义（医学）""良性的""。"
288,生词,"This is the embodiment of “buy low, sell high,”","这正是""低买高卖""的化身",embodiment 具体体现、化身；动词 embody 体现、使具体化。
288,词组,"buy low, sell ever-so-slightly higher, very soon, and repeatedly",低买、卖出时只贵那么一丁点、极快成交、并反复这样做,ever-so-slightly 极其轻微地（ever so + 形容词/副词为口语加强式）。
288,词组,this is no small feat in the first place,这件事本身就绝非易事,no small feat 绝非易事（feat 壮举）；in the first place 首先、本来就。
288,多义,the adverse selection problems that plague any passive order in the lit markets,困扰明池市场中任何被动挂单的逆向选择问题,"plague 本句为动词""长期困扰、折磨""；常见义为名词""瘟疫""。"
288,词组,"As an aside, NCMMs do usually have access to dark exchanges as well",顺带一提，非契约型做市商通常也能接入暗池交易所,as an aside 顺便说一句、插一句题外话；do 在此为强调助动词。
288,语法,"professional investors in the lit exchanges, against whose orders it is dangerous to trade",明池交易所里的专业投资者——与他们的订单对做是很危险的,"""介词+whose+名词""引导定语从句（against whose orders），先行词是 professional investors；it 为形式主语，真正主语是 to trade。"
288,生词,NCMMs have a particularly acute need to be fast,非契约型做市商对速度有格外迫切的需求,"acute 本句义""（需求、问题）严重而迫切的""；另有""敏锐的""""急性的""义。"
288,术语,taking advantage of superior liquidity taking fees,利用更划算的吃流动性手续费,liquidity taking fee：主动成交（吃掉挂单）一方向交易所支付的费用，与返佣相对。
288,难句,"A NCMM who cannot access information about the futures market in a timely manner will likely end up failing to cancel his passive offers at the top of the order book, which will cause him to experience adverse selection in the fills he receives on his sell-trades.",一个无法及时获取期货市场信息的非契约型做市商，很可能到头来没能撤掉挂在订单簿最前排的被动卖单，结果在这些卖单的成交中遭受逆向选择。,主语 A NCMM 后接 who 定语从句，谓语远在 will likely end up；end up doing 最终落得…；which 非限制性定语从句指代前面整件事；fills 成交（回报）。
289,词组,how to manage and dispose of the inventory they acquire,如何管理并处置掉他们所积累的库存,dispose of 处理掉、脱手（及物需带 of）；inventory 此处指做市商被动接下的头寸。
289,术语,even though this means crossing the bid-offer spread,即便这意味着要跨越买卖价差主动成交,cross the spread 指放弃挂单、直接以对手方价格成交，代价就是那一档价差。
289,多义,an imaginary company that is a peer of XYZ,一家假想的、与 XYZ 同业可比的公司,"peer 本句义""同类公司、可比公司""；常见义""同龄人、同侪""。"
289,多义,"any large, directional move in XYZ will be mirrored in UVW",XYZ 的任何大幅方向性波动都会在 UVW 上镜像重现,"mirror 本句为动词""如镜像般反映、同步呈现""；directional move 单边、有方向的价格波动。"
289,生词,The word arbitrage connotes riskless profit,arbitrage 这个词带有无风险利润的意味,connote 意味着、暗含（言外之意）；与 denote（明确指称）相对。
289,词组,risk-free profits are hard to come by,无风险利润很难弄到手,hard to come by 难以获得、不易碰到（come by 弄到、得到）。
289,术语,We define structural correlation as a correlation that exists because it must,我们把结构性相关定义为一种因为必然如此而存在的相关性,structural correlation（结构性相关）：两个标的因构造关系必须同向，如 ETF 与其成分股，不同于统计上偶然的相关。
289,多义,the trader has virtually guaranteed himself a 0.40 percent profit,交易者等于给自己锁定了0.40%的利润,"virtually 本句义""实际上、几乎等于""；常见义""（计算机）虚拟地""。"
289,多义,if a large order to buy the futures suddenly hits the market,如果一笔买入期货的大单突然砸进市场,"hit the market 本句义""（订单）进场成交、砸向市场""；另可指""（商品）上市""。"
289,多义,it might take a small amount of time for the passive orders (both bids and offers) in the ETF to cancel and ratchet upward,ETF 上的被动挂单要撤单并逐级上移，可能需要一小段时间,"ratchet 本句为动词""棘轮式地逐级移动（不回头）""；名词义为""棘轮""。"
289,词组,a sufficiently fast arbitrageur can pick off a slow-to-cancel passive order,足够快的套利者能逐个抢吃那些撤单太慢的被动挂单,pick off 逐个击落、挑着打掉（源自狙击）；slow-to-cancel 为复合形容词。
289,难句,"These two instruments are both meant to track the performance of the same 500 stocks, and when one is outperforming the other, it is necessarily because there are temporary imbalances in the trading of one versus the other.",这两个标的本都是用来跟踪同样这500只股票的表现的，因此当其中一个跑赢另一个时，原因必定是二者的交易之间出现了暂时的失衡。,"be meant to 本意是、被设计用来；it is because 结构中 necessarily 表""必然""；one versus the other 指两者相互对照。"
290,词组,In order to qualify as a true arbitrage,要够格算作真正的套利,qualify as 符合…的资格、称得上是。
290,生词,"so that when they converge, he reaps the profit",这样当二者收敛时，他便把利润收入囊中,reap 收割、获得（收益），源自农业收割；converge 价差回归收敛。
290,术语,The most common form of HFT arbitrage is index arbitrage,最常见的高频套利形式是指数套利,index arbitrage（指数套利）：在指数衍生品与其成分股（或另一跟踪同一指数的工具）之间捕捉暂时价差。
290,术语,the value of the constituents of the same index,同一指数各成分标的的价值,constituent 成分股、构成成分；指数价值可由成分按权重加总合成。
290,术语,the index that can be created synthetically by buying its constituents in the correct weighting,按正确权重买入成分股即可合成出来的那个指数,synthetically 合成地：不直接买指数产品，而用一篮子成分复制出等价敞口。
290,术语,"Another type of arbitrage is venue arbitrage, which exists only in fragmented markets",另一类套利是场所套利，它只存在于碎片化市场中,venue arbitrage（场所套利）：同一标的在多个交易场所挂牌，利用各场所间的瞬时价差获利。
290,文化,"In U.S. equities, Reg NMS was enacted in 2007",在美国股市，Reg NMS 于2007年施行,Reg NMS（全国市场系统规则）要求订单必须成交于全市场最优报价，意在治理碎片化带来的价格分歧。enact 颁布施行。
290,生词,To address this extremely obvious inequity,为了解决这种极其明显的不公,"inequity 不公平、不公道（≠ iniquity 邪恶；≠ equity 股权/公平）。address 本句义""着手解决""。"
290,术语,to fill both such customer orders at the best mid-price,把这两笔客户订单都按最优中间价成交,mid-price 中间价：最优买价与最优卖价的中点，成交在此处意味着买卖双方各让一半价差。
290,多义,the cost of remaining at the highest tier of the technological capabilities,维持在技术能力最高一档所需的成本,"tier 本句义""层级、档次""；常见义""（看台）层排""。remain 后接介词短语作表语。"
290,难句,"In order to qualify as a true arbitrage, a trade must capture an inefficiency in the marketplace that causes the price of an instrument (or derived version of the instrument) to be different in different locations (e.g., exchanges) or formats (e.g, an ETF versus the stocks that constitute that same ETF) at precisely the same moment.",要够格称为真正的套利，一笔交易必须捕捉这样一种市场低效：它使同一标的（或其衍生形式）在同一时刻、于不同场所（如不同交易所）或不同形态（如ETF与构成该ETF的成分股）出现不同的价格。,主干 a trade must capture an inefficiency；that 定语从句修饰 inefficiency，从句内为 cause sth to be...；两组括号是并列的举例，locations 与 formats 并列。
291,文化,$100 bills don't get left on the street for very long,百元大钞不会在街上躺很久,"经济学""街上没有免费的百元钞""的老笑话，用来说明明显的套利机会会被立刻捡走。"
291,生词,If the price discrepancy is very large,如果价格差异非常大,discrepancy （本应一致的两者之间的）差异、不符；常与 between 连用。
291,生词,than to risk missing the whole opportunity by trying to make it marginally better,而不是为了让它略好一点点就冒险错失整个机会,marginally 略微地、边际上地；risk + 动名词（risk missing）冒…的风险。
291,多义,it is often impossible to do both legs of the arbitrage trade,常常没法把套利交易的两条腿都做上,"leg 本句义""（组合交易的）一条腿，即其中一笔单边交易""；常见义""腿""。"
291,多义,The opportunity is so fleeting that only one leg at a time can be implemented,机会转瞬即逝，以至于一次只能做上一条腿,"fleeting 本句义""极短暂的、转瞬即逝的""（fleet 作动词有""飞逝""义）；so...that... 如此…以至于。"
291,术语,betting on a lead-lag relationship between the instruments,押注两个标的之间的领先—滞后关系,lead-lag relationship：一个品种的价格变动通常领先于另一个，滞后一方可据此预测。
291,词组,before the trader can lock in a profit,在交易者能够锁定利润之前,lock in a profit 锁定利润，即把浮盈通过反向平仓变成确定收益。
291,多义,"on a given trade, its odds are not substantially better than even",就单笔交易而言，它的胜算并不比五五开好多少,"even 本句为名词化用法""五五开、势均力敌""（如 even odds）；常见义""甚至、平坦的""。"
291,多义,This can sometimes bleed into a business development (structural) type of edge,这有时会外溢成一种商务拓展（结构性）类型的优势,"bleed into 本句义""渗入、延伸并混同于""；字面义为""（颜色）洇开""。"
291,词组,if S&P 500 futures on the CME are trading out-of-sync with the SPY ETF,如果芝商所的标普500期货与 SPY ETF 走势不同步,out of sync (with) 与…不同步、脱节；sync 为 synchronization 的缩写。
291,术语,it usually takes some time (more than a day in most cases) to be fully priced-in,通常要过一段时间才会被完全消化进价格,price in 把某项信息反映进价格；被动式 be priced in 意为该信息已被市场充分定价。
291,术语,most fundamental information is released during after-hours or pre-trading sessions,多数基本面信息是在盘后或盘前时段发布的,after-hours 收盘后时段，pre-trading session 开盘前时段，两者流动性都很差。
291,难句,It is better to capture some riskless profit with 100 percent certainty than to risk missing the whole opportunity by trying to make it marginally better.,以百分之百的确定性拿下一部分无风险利润，好过为了把收益再抠好一点点而冒着彻底错失机会的风险。,It is better to do A than to do B 形式主语句，比较两个不定式；by doing 表方式。
292,词组,but this is in the tiny minority of cases,但这只属于极少数情形,in the minority of cases 在少数情况下；tiny 加强程度。反义 in the majority of cases。
292,生词,the beginning of a de-coupling between XYZ and UVW,XYZ 与 UVW 开始脱钩,"de-coupling 脱钩：原本同步变动的两者关系断裂；couple 作动词意为""使联结""。"
292,词组,But what if the divergence stems from some real information,但万一这次背离源于某种真实信息呢,stem from 源自、起因于；what if 引出假设性质疑。
292,术语,This is also true for directional types of forecasts,对方向性预测同样如此,directional forecast（方向性预测）：直接预测标的自身涨跌，而非两标的间的相对关系。
292,词组,if some instrument makes consecutive new intraday highs several seconds in a row,如果某个标的连续几秒钟不断创出日内新高,in a row 连续地、一连；new intraday high 日内新高；consecutive 连续不间断的。
292,词组,They can be considered to be close cousins of NCMMs,它们可以看作非契约型做市商的近亲,close cousin 近亲、非常相似的同类事物，比喻用法。
292,多义,perhaps with a certain selectivity that (hopefully) reduces adverse selection issues,或许带着某种挑拣性，从而减轻逆向选择问题,"selectivity 本句义""（对成交对象/时机的）挑选性""；与同句 adverse selection 中的 selection 词根相同但含义相反。"
292,术语,working orders that would get the strategy into a position in the direction of the trend,把能让策略建立顺趋势头寸的订单逐步执行出去,work an order 指把大单拆小、择机分批送出成交，而非一次性成交。
292,术语,attempting to capture small pullbacks,试图捕捉小幅回调,pullback 回调：上涨（或下跌）趋势中反向的小幅修正，顺势策略常想在回调处挂单接货。
292,难句,"Whereas arbitrage strategies are taking advantage of price discrepancies between instruments that are structurally correlated, fast alpha strategies are sometimes looking to profit from price discrepancies on a statistical basis.",套利策略利用的是结构上相关联的标的之间的价差，而快阿尔法策略有时想赚的是统计意义上的价差。,"Whereas 引导对比状语从句，表""然而、相对而言""（非""鉴于""）；on a statistical basis 在统计意义上。"
292,难句,There is no structural relationship between the past performance of the instrument and the future performance of the instrument that causes this setup to remain a return-generating strategy.,该标的的过去表现与未来表现之间并不存在某种结构性关系，能使这套形态一直是个能产生收益的策略。,"that 定语从句修饰的是 relationship（被两个 between 短语隔开）；setup 本句义""（技术分析中的）形态、条件组合""。"
293,多义,the need to cancel stale passive orders to avoid adverse selection issues,必须撤掉已经过时的被动挂单以避免逆向选择问题,"stale 本句义""（报价、信号）过时失效的""；常见义""（食物）不新鲜的""。"
293,术语,a desire to get passive orders to the top of the book,想把被动挂单排到订单簿最前端的诉求,the top of the book 指订单簿最优价位且排在队首的位置，成交概率最高。
293,术语,market impact and slippage are both working severely against the strategy's objectives,市场冲击和滑点都在严重地与该策略的目标作对,market impact（市场冲击）指自身下单把价格推向不利方向；slippage（滑点）指决策价与实际成交价之差。
293,生词,any delay in processing data or getting orders back to the marketplace can be detrimental,在处理数据或把订单送回市场上的任何延迟都可能造成损害,detrimental (to) 有害的、不利的；名词 detriment 损害。
293,术语,intraday trend following is less common than mean reversion-oriented trading strategies,日内趋势跟踪不如以均值回归为主的交易策略常见,trend following（趋势跟踪）顺着已有走势下注；mean reversion（均值回归）押注价格回到中枢，两者方向相反。
293,术语,and requires low-latency capabilities,并且需要低延迟能力,low latency 低延迟：从收到行情到订单进场的耗时极短，是高频策略的基础设施要求。
293,多义,the hurdle for being profitable with such an edge,靠这种优势实现盈利的门槛相当高,"hurdle 本句义""门槛、必须跨过的难关""；本义为跨栏。"
293,词组,given all the advantages that the other kinds of HFTs bring to bear,考虑到其他类型高频交易者所动用的种种优势,"bring to bear 把（力量、资源）投入运用、施加于；given 引导让步/前提，意为""考虑到""。"
293,多义,takes precious computing time,会占用宝贵的计算时间,"precious 本句义""宝贵稀缺的（资源）""；常见义""珍爱的、矫饰的""。"
293,多义,"some longer-term traders care about neutralizing their exposure to the ""size"" factor","一些长周期交易者在意把自己对""规模""因子的敞口做中性化","neutralize 本句义""（把某类敞口）对冲成零""；size factor（规模/市值因子）指按公司市值大小形成的系统性风险来源。"
293,难句,"HFT strategies most often have a different approach to risk management than their slower peers, even for strategies (such as those in the fast alpha category) that share similar underlying themes.",高频策略在风险管理上的做法通常与其较慢的同行不同，即便是那些底层逻辑相近的策略（比如快阿尔法这一类）也是如此。,a different X than Y 为美式用法（英式多用 from）；even for... 是让步状语；that 定语从句修饰 strategies，被括号插入语隔开。
294,术语,idiosyncratic (primarily liquidity-driven) considerations are more significant,特质性的（主要由流动性驱动的）因素则更为重要,idiosyncratic（特质性）指只属于单个标的、无法用共同风险因子解释的部分。
294,多义,This leaves no room for conventional risk factor exposures,这就没有给传统的风险因子敞口留下任何空间,leave no room for 不留余地；conventional 此处指常规的多因子风险模型口径。
294,多义,the goal is to unload inventory as quickly as possible,目标是尽快把库存甩掉,"unload 本句义""抛售、脱手（持仓）""；本义""卸货""。"
294,术语,are all very simple risk checks that add virtually no latency,都是几乎不增加延迟的极简风控校验,risk check 风控校验：下单前的自动检查（单笔上限、持仓上限等）；virtually no 几乎没有。
294,术语,Many will automatically unwind their portfolios and stop trading,许多机构会自动拆解平仓并停止交易,unwind a portfolio 逐步了结组合中的头寸；名词 unwinding 平仓潮。
294,术语,limiting their net long or short percentages,限制自己的净多头或净空头比例,net long/short 净多/净空：多头市值减空头市值后的方向性敞口占比。
294,术语,This is known as legging risk,这被称为腿差风险,legging risk：多腿交易中先成交一条腿、另一条尚未建上期间暴露的方向性风险。
294,多义,since whatever is accumulated must soon thereafter be dispensed,因为不管累积起多少，都必须在此后很快处置掉,"dispense 本句义""分发出去、处置掉""（此处指把库存卖出）；常见搭配 dispense with 意为""省去""。"
294,术语,simply ensuring that they diversify their risk across names,无非是确保把风险分散到不同标的上,across names 跨多只个股；names 指具体证券，避免风险集中在少数标的。
294,难句,The kinds of considerations that apply to arbitrageurs relate to sizing their bets to ensure that the temporary variances in the spread between their longs and shorts do not put them out of business.,适用于套利者的那类考量，在于控制下注规模，以确保多空价差的暂时波动不会把他们逼到破产出局。,"主语 The kinds of considerations 带 that 定语从句，谓语 relate to；sizing 动名词""确定规模""；to ensure 目的状语，其中 that 从句宾语较长。"
294,难句,It is not until the second leg is executed that the trade becomes an arbitrage (and risk-free).,直到第二条腿也成交了，这笔交易才成其为套利（也才是无风险的）。,"It is not until... that... 为强调句型，译作""直到…才…""；被强调部分是 not until 引导的时间状语从句。"
295,术语,Equal weighting positions,等权重配置头寸,不看预测强弱、所有持仓给同样权重的最简单配仓法。
295,词组,rarely factor in,很少被纳入考虑,factor in 作动词短语＝把某因素计入；与名词 factor（因子）区分。
295,术语,latency,延迟,从行情到达、计算到下单成交整条链路上损耗的时间；高频交易的核心竞争维度。
295,生词,eschew them,避开、弃用它们,eschew＝有意回避（正式书面语），语气重于 avoid。
295,生词,This seems paradoxical,这看似自相矛盾,paradoxical＝表面矛盾、细究可自洽；contradictory 则是真正互斥。
295,术语,bid/offer spreads and liquidity taking fees,买卖价差和吃流动性手续费,主动成交一方付出的两项成本；被动挂单方反而可收返佣。
295,多义,it then becomes desirous to trade as often as possible,于是尽可能频繁地交易就成了追求,"desirous 常修饰人表""渴望的""，此处用作""值得追求的、令人想要的""。"
295,多义,a profit net of transaction costs,扣除交易成本后的净利润,"net of＝在扣除…之后；此处 net 是介词性用法，非名词""网""。"
295,多义,the penalties that accrue to being slow,速度慢所招致的代价,"accrue to＝（后果或利益）落到某一方身上；金融常见义为""应计（利息）""。"
295,多义,at best secondary to technology concerns,充其量也只居于技术问题之后,at best＝往好里说、充其量；secondary to＝次于…的。
295,难句,"As you can imagine, not nearly as many opportunities exist to hold a position for a short amount of time, say, a few minutes, and generate a profit net of transaction costs.",可以想见，那种只持仓很短时间（比如几分钟）却还能赚到扣除交易成本后净利润的机会，远没有那么多。,"主干是 not nearly as many opportunities exist；not nearly as…as 表""远不及""；to hold… and generate… 两个不定式并列后置修饰 opportunities；say 为插入语。"
295,语法,It does not take someone particularly clever to say that the S&P 500 index should have basically the same value in every instrument that tracks it.,"要说出""标普500指数在每个跟踪它的工具里都该是同一个值""，并不需要多聪明的人。","It takes sb. to do sth. 句型的否定式＝""不需要…就能做到""；that 从句作 say 的宾语；句末 that tracks it 修饰 instrument。"
296,生词,This is a tautology,这是一句同义反复,tautology＝同语反复，即 A=A 式说了等于没说的话。
296,多义,It carries quite a bit of controversy,它带有相当大的争议,"carry 此处＝附带、内含（某种性质）；常见义为""携带""。"
296,术语,payment for order flow,订单流付费,做市商为换取零售订单流而向经纪商支付费用的安排。
296,多义,the beneficiary of the payment for order flow,订单流付费的受益方,"beneficiary 此处指收钱的一方；保险语境常见义为""受益人""。"
296,词组,the well-deserved controversy around this practice,围绕这一做法的、名副其实的争议,well-deserved＝当之无愧的；此处指这争议并不冤枉。
296,生词,it has remained rather prevalent,它一直相当普遍,prevalent＝盛行的、普遍存在的；与 prevailing（占主导的）形近义近但侧重不同。
296,词组,spurred on by a trend toward so-called zero-commission stock brokers,受所谓零佣金券商风潮的推动,spur on＝驱策、助推（spur 本义为马刺）。
296,术语,zero-commission stock brokers,零佣金券商,不向散户收佣金、转以订单流付费等方式获取收入的经纪商。
296,难句,But it is something else entirely to be able to profit from the extremely fleeting instances where there is a divergence.,但能从出现背离的那些转瞬即逝的时刻中获利，完全是另一回事。,"it 为形式主语，真主语是 to be able to profit…；something else entirely＝完全另一码事；where 从句修饰 instances，表""…的场合""而非地点。"
297,文化,All evolution in thought and conduct must at first appear as heresy and misconduct.,思想与行为上的一切演进，起初必定被视为异端与不端。,引自爱尔兰剧作家萧伯纳（George Bernard Shaw）；heresy 原指宗教异端，引申为离经叛道之说。
297,语法,these strategies are not so much black boxes as much as systematic implementations of the kinds of things that human traders and investors have always done,与其说这些策略是黑箱，不如说是把人类交易者和投资者一直在做的事系统化地实现出来,not so much A as (much as) B＝与其说A不如说B；that 从句修饰 the kinds of things。
297,多义,new things are most often received with a great deal of distress,新事物在早期多半会引来大量不安,"received 此处＝被人们接受、看待；distress 指心理上的不安痛苦，非""财务困境""。"
297,生词,a person’s occupation is being obviated by automation,一个人的职业正被自动化变得多余,obviate＝使…变得不必要、消除对某物的需求，不完全等于 replace。
297,词组,the loss of livelihood in the moment,眼下生计的断绝,livelihood＝谋生手段；in the moment＝就当下这一刻而言。
297,语法,"Not only should we be concerned about the loss of livelihood in the moment, but also about how this individual can reinvent himself.",我们不仅要关心他眼下失去生计，还要关心这个人如何重塑自己。,Not only 置于句首触发部分倒装（should we be）；but also 后接并列的 about 短语；reinvent oneself＝改换技能身份重新出发。
297,生词,the backlash against quants,对量化交易的强烈反弹,backlash＝对某种趋势的集体抵制、反冲。
297,多义,a generational issue,一个代际问题,"generational 此处指""因世代更替而产生的""，非""一代人的时长""。"
297,多义,I see a few trends that bear watching,我看到几个值得关注的趋势,"bear 此处＝值得、经得起（bear watching / bear repeating）；常见义为""承受""。"
297,难句,"And in the 10 years since I last wrote on this topic, most of those who were poorly equipped to participate profitably in the modern markets have been replaced by newer participants who are perfectly happy to participate in these markets.",而在我上一次写这个话题之后的十年里，那些不具备能力在现代市场中盈利参与的人，大多已被乐于参与这类市场的新一代参与者所取代。,主干 most of those… have been replaced by…；两个 who 从句分别修饰 those 和 newer participants；poorly equipped to do＝不具备做某事的条件或能力。
298,术语,competing or at least segregated pods,相互竞争、至少彼此隔离的独立小组,pod 是行业俚语，指基金内部各自独立运作、互不共享研究成果的小团队。
298,生词,these silos,"这些""竖井""、各自为政的单元",silo 本义筒仓，引申为组织内彼此不通气、封闭运作的部门。
298,词组,Proponents of either approach have valid arguments,两种做法的支持者各有站得住脚的理由,proponent＝主张者、拥护者，反义词为 opponent。
298,文化,such as Renaissance and PDT,例如文艺复兴科技和PDT,Renaissance Technologies（大奖章基金的管理人）与 PDT Partners（原摩根士丹利自营团队），常被举为集中协作式研究的成功案例。
298,词组,It will be interesting to see how this plays out,后续如何演变会很值得一看,play out＝（事态）逐步展开并见分晓。
298,术语,the multi-manager platforms,多经理平台,平台方出资金与基础设施，由多个彼此独立的投资团队各管一块资金。
298,生词,some seasoned researcher,某位经验老到的研究员,"seasoned＝历练充分的（原义""调过味的""）。"
298,生词,the biggest linchpin,最关键的一环,linchpin 原指固定车轮的轴销，引申为决定成败的关键。
298,词组,a feast-or-famine setup,要么撑死、要么饿死的局面,feast or famine＝两极分化、没有中间状态。
298,多义,There is simply no bid.,根本无人问津。,"借用交易术语：连一个买价都没有，即无人愿意出价接手；bid 常见义为""投标、出价""。"
298,难句,"If the founders are well regarded and come from firms that themselves have a sterling reputation, it is most often the case that such a startup will have many options.",如果创始人口碑好、又出自本身声誉卓著的机构，那么这样的初创公司通常会有很多选择。,it is the case that…＝情况就是…（it 为形式主语）；that 从句修饰 firms，themselves 为同位强调；sterling＝成色十足的、无可挑剔的。
299,多义,has this niche evolved to the point where only those with the most resources can survive,这个细分领域是否已演变到只有资源最雄厚者才能存活,"niche 此处＝市场的细分领域；常见义为""壁龛、生态位""。"
299,词组,sustain an edge over time,长期维持住优势,edge＝赚钱本事、竞争优势，量化行业常用词。
299,词组,the sweet spot between nimbleness and resources,灵活性与资源之间的最佳平衡点,sweet spot 原指球拍球棒的最佳击球点；nimbleness＝船小好调头的灵活。
299,词组,on the order of $1–10 billion,大约在10亿至100亿美元这个量级,on the order of＝数量级约为。
299,生词,commensurate results,与之相称的业绩,commensurate (with)＝相称的、成比例的。
299,词组,a very fair retort,一个很在理的反驳,retort＝针锋相对的回击、反驳。
299,多义,boast even a 1 Sharpe on $30 billion,在300亿美元规模上还能拿得出1的夏普比率,"boast 此处作及物动词＝（自豪地）拥有某项本钱，不带""吹牛""的贬义。"
299,生词,They are not homogeneous in their approach,它们的做法并不整齐划一,homogeneous＝同质的、成分一致的，反义词 heterogeneous。
299,术语,the capacity of the strategies being implemented,所实施策略的容量,容量＝在不明显侵蚀收益的前提下，某策略能承载的最大资金量。
299,难句,"I do believe that it’s fair to say that the sweet spot between nimbleness and resources is on the order of $1–10 billion of assets under management, though there is an enormous amount of good work (and commensurate results) being shown by managers with a fraction of the bottom of that range with which to work.",我确实认为可以说：灵活性与资源之间的最佳平衡点大约在10亿至100亿美元管理规模这个量级；不过也有大量管理人只用这一区间下限的零头资金，就做出了很出色的成绩（以及与之相称的业绩）。,"两层 that 从句嵌套（believe that it's fair to say that…），第二个 it 为形式主语；though 引出让步分句；being shown 为进行被动式后置定语修饰 work；with which to work 修饰 a fraction，意为""可供其运作的（资金）""。"
299,难句,"Instead, the size of assets under management should be sufficient to support the resources necessary to capture edge on the strategies being implemented on those assets.",相反，管理规模应当大到足以支撑起在这些资产上所实施的策略中攫取优势所必需的资源。,sufficient to do 与形容词短语 necessary to do 层层套叠：size→support the resources→capture edge；being implemented 分词短语修饰 the strategies。
300,术语,simply a fund of funds,"只是一只""基金中的基金""（FOF）",FOF＝把钱分给多个外部管理人的基金；平台一旦被如此看待，就失去了自身的价值主张。
300,术语,performance chasing,追逐业绩,依据近期业绩加减资金配置的做法，作者视之为惰性做法。
300,生词,pejoratively,带贬义地,pejorative＝贬损的；此处作副词插入语，说明这个叫法本身含批评意味。
300,生词,some arbitrary upfront amount,某个事先划定的、并无客观依据的额度,arbitrary＝任意武断的；upfront＝事先讲明的。
300,词组,it’s a recipe for failure,这是注定要失败的做法,a recipe for X＝招致X的配方，必然导致某种结果。
300,生词,instead of nearly ubiquitous,而不是像现在这样几乎无处不在,ubiquitous＝随处可见的。
300,术语,native quants,"""原生量化人""",指自身出身于量化、真正理解量化的人，相对于半路来管量化业务的外行。
300,多义,the calculus looks like this,这笔账是这样算的,"calculus 此处＝利弊权衡的算计；常见义为""微积分""。"
300,词组,adequate off-the-shelf solutions,够用的现成解决方案,off-the-shelf＝拿来即用、无须定制。
300,术语,T-cost models,交易成本模型,T-cost 即 transaction cost；用于预估某笔交易将付出的冲击、滑点与各项费用。
300,词组,few and far between,寥寥无几,"字面为""又少又稀""，指出现频率极低。"
300,难句,"Indeed, those platforms that have demonstrated any kind of sustained success have been headed by “native quants,” who understand the importance of both selecting strategies with care, irrespective of their historical track records, developing talent and investing in the resources necessary to allow managers to improve strategies, and taking nuanced approaches to termination.","事实上，凡是取得过某种持续成功的平台，掌门人都是""原生量化人""：他们懂得几件事的重要性——不看历史业绩而审慎地挑选策略、培养人才并投入让管理人得以改进策略所需的资源、以及在解聘上采取有分寸的分情况处理。",主干 those platforms… have been headed by…；that 从句修饰 platforms；who 从句里 the importance of 后并列了三个动名词结构（selecting / developing… and investing… / taking），both 与后面的并列项数量并不严格对应；irrespective of＝不论。
300,难句,The exceptions to the generalization that quants haven’t really done much that’s interesting in the last 10 years in these three domains are few and far between.,"""过去十年量化在这三个领域没做出什么有意思的东西""，这一概括的例外寥寥无几。",主干是 The exceptions … are few and far between，主谓被长定语拉开；that quants haven't… 是修饰 generalization 的同位语从句，而其中的 that's interesting 才是关系从句修饰 much。
301,术语,the licensing of third-party alpha models,第三方阿尔法模型的授权引进,license 作动词＝对外授权使用；此处指买入别家的信号来补充自研模型。
301,生词,particularly juxtaposed with the dynamic raised in Section 16.1.2.1,尤其把它与16.1.2.1节提出的那种态势并置来看,juxtapose＝把两者并列对照；dynamic 此处作名词＝（某种）态势、互动格局。
301,词组,not gaining traction with investors,得不到投资人的响应,"gain traction＝获得关注、开始被接受，原义为""获得抓地力""。"
301,词组,size begets size,规模引来规模,beget＝生出、招致（古体词，常见于 X begets X 句式）。
301,词组,a host of other non-investment reasons,一大堆其他与投资无关的原因,a host of＝大量的、许许多多。
301,词组,that you haven’t gotten around to developing internally,你一直没抽出功夫自己开发的,get around to (doing) sth.＝腾出时间去做一直拖着的事。
301,术语,crowdsourcing,众包,把研究或生产任务开放给外部不特定人群来完成。
301,词组,in far-flung parts of the globe,在天南海北的各个角落,far-flung＝分布极广的、远在天边的。
301,词组,as their day job,作为糊口的正职,day job＝主业、正经工作，与副业或爱好相对。
301,术语,feature selection and engineering,特征选择与特征工程,机器学习中挑选输入变量、并把原始数据加工成有预测力变量的环节。
301,生词,a decidedly human endeavor,一件十足属于人的工作,decidedly 作程度副词＝毫无疑问地、十足地，用于加强断定。
301,难句,"And as these platforms compete with each other, and with investors, for talent, these more savvy firms are snapping up those quant funds that are simply small because they are small.","而随着这些平台彼此之间、以及与投资人之间争抢人才，这些更精明的机构正在把那些""仅仅因为规模小所以规模小""的量化基金收入囊中。","as 引导伴随状语从句；compete with A, and with B, for talent 中 for talent 同时与两个 with 短语搭配；that 从句修饰 quant funds；savvy＝精明内行的，snap up＝抢购、迅速收入手中。"
302,词组,a hall-of-fame hype machine,名人堂级别的炒作机器,"hall of fame＝名人堂，此处作定语表""史上顶级的""；hype＝造势、炒作。"
302,生词,further ramifications for practitioners,对从业者的更多连锁影响,"ramification＝复杂而广泛的后果（原义""分枝""）。"
302,生词,compared to what has already transpired,与已经发生过的事相比,"transpire＝发生（正式用法）；口语中另有""（秘密）泄露""义。"
302,术语,Large Foundation Models (LFMs),大型基础模型,比语言模型更通用、可支撑多种下游任务的基础模型。
302,术语,"nonlinear, dynamic, adversarial systems",非线性、动态、对抗性的系统,对抗性指市场参与者会针对你的行为改变自己的行为，使规律自我失效。
302,术语,a pure data miner,纯粹的数据挖掘者,只从数据里翻找统计规律、不带经济逻辑的做法，本书中带贬义。
302,生词,a serious dearth of data,数据严重匮乏,dearth＝极度缺乏（正式书面语）。
302,术语,incredibly low signal-to-noise ratios,极低的信噪比,有效信号相对随机噪声的比例；金融数据信噪比极低，故容易过拟合。
302,词组,were in their infancy in 2013,2013年时还处在萌芽阶段,in one's infancy＝（事物）刚起步、尚未成形。
302,多义,to refer to water as exotic,"把水称作""另类""标的","exotic 在交易语境指非主流、结构特殊的品种；常见义为""异国情调的""。"
302,词组,have not come close to cracking the code fully,远远谈不上彻底破解,crack the code＝摸透门道、攻克难题。
302,难句,"That said, many of the world’s brightest data science minds are now, for better or worse, less focused on improving the targeting of consumer advertisements on social media, or even on problems in quant finance, and rather more focused on solving problems in machine learning.",话虽如此，如今世上许多最聪明的数据科学头脑（不管是好是坏）已不再那么专注于优化社交媒体上的消费广告投放、甚至也不太关心量化金融的问题，而是更多地转向解决机器学习本身的问题。,That said＝话虽如此；less focused on… and rather more focused on… 为并列表语，中间插入语 for better or worse 隔断了主谓。
302,难句,"For example, systematic investing in Chinese equities and futures was basically nonexistent when the second edition of this book came out, but now it is widespread (and being blamed by the Chinese authorities for weakness in the local market).",举例来说，本书第二版问世时，中国股票和期货市场上的系统化投资基本还不存在，如今却已相当普遍（并被中国监管当局指为本地市场疲弱的原因之一）。,when 从句作时间状语；but 后为并列分句，括号内 being blamed for 是现在分词的被动式，补充说明 it（系统化投资）当下的处境。
303,术语,systematic venture funds,系统化风险投资基金,用模型规则而非个案主观判断来筛选早期投资标的的风投基金。
303,词组,getting the fund off the ground,让这只基金顺利起步运转,get sth. off the ground＝使某项目起飞、开张运作。
303,生词,difficult for other firms to replicate,别的机构难以复制,replicate＝原样再做一遍、复现。
303,多义,are hyperactively sniffing at given company’s job posting,正极其频繁地打探某家公司的招聘信息,"sniff at 此处＝四处嗅探、打探（表现出兴趣）；常见义为""对…嗤之以鼻""。"
303,词组,this company is onto something compelling,这家公司找对了很有戏的路子,be onto something＝发现了有价值的东西、摸到了门道。
303,生词,pretty heretical views,相当离经叛道的观点,heretical＝异端的，名词为 heresy，与本章题词呼应。
303,词组,time will tell if Othman’s research bears out,时间会证明Othman的研究能否得到印证,bear out＝（事实）证实、印证某说法。
303,多义,a decidedly discretionary activity,一项十足靠人主观判断的活动,discretionary＝主观决策型的，与量化、系统化相对。
303,词组,the huge proliferation of (effectively alt-)datasets,（实质上属于另类数据的）数据集的大量涌现,proliferation＝激增、大量繁衍；alt-data 即另类数据。
303,生词,more spectrographic data,更多声谱数据,spectrographic＝频谱分析的，此处指节拍、和弦等从音频中提取的特征。
303,难句,"He found that it may be a superior strategy to invest very broadly in a large number of promising startups at small size than to worry about ownership percentages, being highly selective, or having rights to invest in follow-on rounds.",他发现，与其纠结持股比例、精挑细选或争取后续轮次的跟投权，不如以小额资金广撒网、投很多有潜力的初创公司，后者可能是更优的策略。,it 为形式主语，真主语是 to invest very broadly…；superior… than 是作者的混用（规范搭配为 superior to 或 better… than）；than 之后并列了三个动词性结构。
303,难句,"If folks that you would generally think are the most attractive candidates (they went to the best schools and worked at the best companies) are hyperactively sniffing at given company’s job posting, it may be a good indicator that this company is onto something compelling.",如果那些你通常会认为最抢手的候选人（名校毕业、在最好的公司待过）正在极频繁地打探某家公司的招聘信息，那这可能是个好信号：这家公司找对了很有戏的路子。,"主干 If folks … are sniffing …, it may be a good indicator that…；that you would generally think are… 为嵌套关系从句，think 后省略了 that，are 的逻辑主语仍是 folks。"
304,语法,individuals or teams whose sole function it is to search out new datasets,其唯一职能就是搜寻新数据集的个人或团队,whose 引导定语从句，从句内 it 为形式主语、to search out… 为真正主语，whose sole function 作表语被提到句首。
304,词组,is only going to continue to escalate,只会继续不断攀升,escalate＝逐级升高、不断加剧。
304,文化,HIPAA,美国《健康保险可携性与责任法案》,1996年美国联邦法律，本体是保险立法，但其隐私条款严格限制医疗数据的使用与流通。
304,词组,true to form for a U.S. law,一如美国法律的一贯做派,true to form＝不出所料、与一贯表现相符。
304,词组,it is at least decently likely,这至少有相当大的可能,"decently 此处作程度副词＝相当地；常见义为""体面地""。"
304,多义,the exhaust from an industry’s normal work,"某个行业日常运转排出的""尾气""",exhaust 名词本义为废气；此处比喻业务过程中顺带产生、本无意采集的副产品数据。
304,词组,in the normal course of business,在正常业务流程中,固定表达，指并非专门为此、而是日常经营自然产生。
304,多义,rationalize their software stack,精简整合自己的软件体系,"rationalize 此处＝合理化裁并、去冗余；常见义为""为…找借口辩解""。"
304,文化,a portfolio of DARPA-funded intellectual property,一批由DARPA资助形成的知识产权,DARPA＝美国国防高级研究计划局，以资助前沿军用技术研究著称。
304,术语,a cohort of day-traders,一组日内交易员（受试群体）,cohort 在研究语境中＝同批受试者、同期人群。
304,词组,if only narrowly applicable,尽管适用面很窄,"此处 if only＝虽然、尽管（让步），不是""要是…就好了""。"
304,难句,"Whether in the role of humans in feature engineering for machine-learning-driven alphas, or in the role of portfolio construction algorithms in the position sizing for discretionary stock pickers, this is already something that quants and discretionary firms are exploring.",无论是人在机器学习驱动的阿尔法中所做的特征工程，还是组合构建算法在选股型主观经理仓位配置中扮演的角色，这都已经是量化机构与主观机构正在探索的事。,"Whether A, or B 引导让步状语，两个 in the role of… 并列前置；主句主语 this 回指前面整个话题；discretionary stock pickers＝选股型（主观）基金经理。"
305,词组,the methods used to allocate risk to individual alphas,把风险分配到各个阿尔法信号上的方法,allocate risk to＝按风险预算给各信号分配额度，而非直接分配资金。
305,多义,how investors view and access the space,投资人如何看待并进入这一领域,"the space 此处＝某个行业、领域（业内口语）；常见义为""空间""。"
305,多义,Artificial intelligence may be on the horizon,人工智能或许已在地平线上,on the horizon＝即将出现、初见端倪。
305,多义,a significant unknown,一个重大的未知数,unknown 此处作名词＝未知因素。
305,词组,Above and beyond everything discussed so far,在前面讨论的一切之外（更进一层）,above and beyond＝远超出、在…之上还有。
305,生词,That doesn’t seem likely to abate anytime soon,这看来短期内不太可能消退,abate＝（强度、程度）减弱、平息。
305,词组,high-stakes chaos,事关重大的混乱,high-stakes＝赌注很高、后果严重的。
305,生词,unprecedented events,前所未有的事件,"precedent＝先例；un-＋precedent＋-ed 即""没有先例的""。"
305,难句,The work of a quant remains the work of how to invest more than what the strategies used to invest are.,"量化从业者的工作，本质上仍是""怎么投""的工作，而不是""用什么策略投""的工作。","A more than B 表""是A而不是B""；how to invest 与 what the strategies used to invest are 两个名词性结构并列作 the work of 的宾语；used to invest 是""用来投资的""（过去分词定语），不是""过去常常""。"
305,难句,"Above and beyond everything discussed so far in this final chapter, we have seen in recent years a higher frequency of significant global geopolitical, health, and climate-driven events than I believe has been true at any point in modern history.",除了本章前面讨论的一切之外，近年来我们所见到的重大全球地缘政治、健康与气候事件的发生频率，我相信高于现代史上的任何时期。,主干 we have seen a higher frequency of… than…；宾语被时间状语 in recent years 与三项并列定语拉长；than 后为比较从句，其主语被省略（than [what] has been true…），I believe 为插入语。
307,文化,The shift from sailing ships to telegraph was far more radical than that from telephone to email!,从帆船到电报的转变，远比从电话到电子邮件的转变来得激进！,语言学家诺姆·乔姆斯基语；that 回指前面的 the shift，避免重复。
307,词组,came into the public’s consciousness,进入公众视野,come into 进入（某种状态）；consciousness 此处指公众的普遍认知，而非个体的“意识”。
307,词组,strike me as being arguments made by people,在我看来是…提出的论调,strike sb as (being) 给某人以…的印象；strike 此处非“打击”。
307,生词,conflate,混为一谈,conflate A with B 把两个不同的东西合并混同；比 confuse 更书面，强调本应分开的概念被并作一谈。
307,词组,The criticisms of HFT seem to gravitate around four major ideas,对高频交易的批评大都聚拢在四大论点上,gravitate around/toward 被吸引而聚集于（源自 gravity 引力）。
307,生词,According to its detractors,按照批评者的说法,detractor 贬低者、唱衰者；动词 detract from 贬损、减损。
307,词组,a two-tiered system of “haves and have-nots.”,有产者与“无产者”的双层体系,haves and have-nots 是英语固定说法，指富有与匮乏的两个阶层；tier 层级，two-tiered 分成两等的。
307,术语,engages in front-running other investors,从事抢先交易（抢跑）其他投资者的行为,front-running：受托一方利用已掌握的客户订单信息，抢在客户成交之前先行买卖获利，属违法行为。
307,词组,with the primary goal of separating fact from fiction,首要目的是把事实与虚构区分开,separate fact from fiction 固定搭配；fiction 此处指“无稽之谈、编造之词”，非“小说”。
307,难句,"The kinds of criticisms generally ignore the differences between the various types of HFTs, confuse various elements of market structure with the practice of HFT, and conflate high-speed trading (and, often, quant trading in general) with HFT.",这类批评通常无视各类高频交易机构之间的差别，把市场结构的种种要素与高频交易这一做法相混淆，并且把高速交易（往往还连带整个量化交易）与高频交易混为一谈。,主干为 The kinds of criticisms + 三个并列谓语 ignore / confuse / conflate；confuse A with B 与 conflate A with B 结构相同，均为“把A与B混同”；括号内 and often... 为插入补充。
308,多义,a legitimate shot at getting a fair deal,获得公平交易的正当机会,shot 本句义“机会”（a shot at doing）vs 常见义“射击、一枪”；legitimate 正当的、合理的。
308,多义,the markets lose their integrity,市场丧失公信力,integrity 本句义“（体系的）健全、完整、公信力”vs 常见义“（人的）正直”。
308,术语,the adverse selection problem,逆向选择问题,被动挂单方的报价往往只在信息占优者主动来成交时才被打掉，因而系统性地吃亏；这是做市与被动执行的核心风险。
308,多义,a privileged tier of traders who were allowed to be insiders of the exchange,一小撮有特权的、获准成为交易所内部人的交易者,tier 层级、等级；insider 此处指交易所的场内会员，不是“内幕交易者”。
308,术语,"They used to be called locals, floor traders, specialists, and so on.",他们过去被称作场内自营商、场内交易员、专营做市商等等。,local 用自有资金在交易池内交易的会员；specialist 是纽交所指定的专营做市商，负责维持某只股票的连续报价。
308,词组,speed advantages are earned competitively on a level playing field,速度优势是在公平的竞技场上靠竞争挣来的,a level playing field 公平的竞争环境（源自球场平整之喻）；level 此处为形容词“平整的”。
308,生词,The markets are more egalitarian today,如今市场更加平等,egalitarian 主张或体现人人平等的；名词 egalitarianism 平等主义。
308,生词,firms who were more proximate to the physical exchange,离实体交易所更近的公司,proximate 邻近的（空间或时间上）；名词 proximity；与 approximate（近似的）形近易混。
308,词组,bigger by orders of magnitude,大好几个数量级,order of magnitude 数量级，每级相差约十倍；介词 by 表差额。
308,难句,"Compare that with the advantage of a firm that had personnel on the exchange floor 30 years ago, trading in real time, while a typical retail investor would check end-of-day prices the next morning in the newspaper (as my own father did as recently as the early 1990s)!",拿这个跟三十年前那种在交易所场内派驻人员、实时交易的公司所享的优势比一比——那时典型的散户还要等到第二天早上看报纸才知道前一日的收盘价（我父亲直到1990年代初仍是如此）！,祈使句 Compare A with B；that 回指前句所说的速度优势；trading in real time 为分词短语补充说明 a firm；while 此处表对比而非时间；as recently as 强调“晚至…（才）”。
309,词组,Brooks’ comments can be taken to mean that,布鲁克斯的话可以被理解成…的意思,be taken to mean 被理解为；take A to be/mean B 把A看作/理解为B。
309,词组,being earlier to the table on a good idea,在好点子上比别人更早“上桌”,be early/late to the table 比喻更早/更晚参与进来，源自赴宴入座之喻。
309,多义,by virtue of having the highest payroll in their sport,凭着本项运动中最高的薪资总额,by virtue of 凭借、由于；payroll 本义“工资单”，此处指球队的薪资总额。
309,生词,NYSE was in violation of extant rules,纽交所违反了现行规则,extant 现存的、仍然有效的（多用于文本、法规）；in violation of 违反。
309,词组,the issue has been put to bed,这件事已经了结,put sth to bed 把某事办结、平息下来（口语），与字面“哄某人睡觉”区分。
309,多义,that’s true for most any venture,几乎任何事业都是如此,venture 本句义“（有风险的）事业、创业项目”vs 常见义“冒险”；most any 是美式口语，等于 almost any。
309,术语,invitation-only dark pools are allowed to flourish,邀请制暗池却被容许大行其道,dark pool 暗池：不公开挂单信息的私有交易场所；invitation-only 只接纳受邀成员，故参与资格并不对所有人开放。
309,文化,allowing the Harlan Crows and Robert Mercers of the world incredible sway over the world’s largest economy,让哈伦·克罗、罗伯特·默瑟这类人对全球最大经济体拥有惊人的影响力,二人均为美国政治的巨额金主（Crow 因与最高法院大法官的往来引发争议，Mercer 长期资助保守派机构）；the X’s of the world 表“像X这样的人”；sway 名词，指支配性影响力。
309,生词,circumvent campaign finance rules,规避竞选献金规则,circumvent 绕开、规避（规则、障碍），比 avoid 正式；campaign finance 竞选资金。
309,多义,have sunk millions of their own and investors’ money into infrastructure,把数百万自有和投资人的资金砸进了基础设施,sink money into 把钱投入（且往往收不回来）；sunk 为 sink 的过去分词，参见 sunk cost 沉没成本。
309,难句,"It is, to my mind, ironic that cries of unfair practices emanate when it comes to refined engineering, but somehow fall silent when invitation-only dark pools are allowed to flourish, pooling selected customers with each other.",在我看来颇具讽刺的是：一涉及精巧的工程技术，指责不公平的呼声就四起；可当只对受邀者开放的暗池大行其道、把挑选出的客户彼此撮合在一起时，这些声音却莫名地沉默了。,It 为形式主语，真主语是 that 从句；to my mind（在我看来）为插入语；when it comes to 一谈到…；emanate（发出、涌现）与 fall silent 是共用主语 cries 的并列谓语；pooling... 为分词短语作伴随状语。
310,词组,have absolutely nothing to show for it except red ink,除了一身亏损，什么成果都拿不出来,have nothing to show for sth 为某事付出却毫无成果；red ink 红字，指账面亏损（源自会计用红笔记录赤字）。
310,多义,which entitle it to low-risk profits,使它有资格坐享低风险利润,entitle sb to sth 赋予某人…的资格或权利 vs 常见义“给（书、文章）命名”。
310,多义,in the business of facilitating investor orders,以促成投资者订单成交为业,be in the business of doing 以做某事为本业；facilitate 促成、使之便利。
310,术语,they take the opposite side of these orders,他们充当这些订单的对手盘,take the opposite side 做交易的另一方：客户要买，做市商就卖给他；这是做市商的基本职能。
310,术语,"HFTs are enormous net providers of liquidity, while investors are net consumers of it",高频交易者是流动性的巨大净提供方，而投资者是净消耗方,挂被动单等别人来成交＝提供流动性；主动吃掉现有挂单＝消耗流动性；net 指两者相抵后的净额。
310,词组,This is borne out by the numbers.,这一点有数据为证。,bear out 证实、印证；borne 是 bear 的过去分词，与 born（出生的）区分。
310,多义,"is useful, but only at the margin",有用，但只是在边际上（作用有限）,at the margin 经济学用语“在边际上”，指对最后一单位的影响，引申为“只在细微处起作用”。
310,词组,does not move the needle,起不到什么实质影响,move the needle 拨动仪表指针→带来可察觉的改变，美式商业惯用语，常用于否定。
310,术语,a single medium-sized retail U.S. equity brokerage firm,一家中等规模的美国股票零售经纪公司,retail brokerage 面向散户的经纪商，靠佣金、利差与订单流付费盈利，作者用它作高频交易利润规模的参照物。
310,难句,"It is incorrect to claim that a trader who does not want to accumulate a significant net position, and who prefers to end the day with no positions at all would be competing with an investor who has a time horizon measured in weeks, months, or years.",说一个不愿积累明显净头寸、且宁可日终清仓的交易者，会与持仓周期以周、月、年计的投资者构成竞争，这是不对的。,It 为形式主语，真主语是 to claim that...；that 从句的主语 a trader 后接两个并列 who 定语从句，谓语迟至 would be competing 才出现；measured in... 为过去分词短语后置修饰 a time horizon。
311,术语,non-HFT order flow,非高频交易的订单流,order flow 订单流：市场上源源不断到来的客户委托单；做市商的利润来自与之互动。
311,词组,it ties in with the definition of alpha given in Chapter 3,这与第3章给出的阿尔法定义相呼应,tie in with 与…吻合、相衔接；given in Chapter 3 为过去分词短语作后置定语。
311,多义,it is about realizing value before others,关键在于比别人更早把价值兑现,realize 本句义“变现、兑现（价值或收益）”vs 常见义“意识到”。
311,术语,deep value investing,深度价值投资,买入价格远低于内在价值的冷门、受损标的并长期持有的流派，与量化、高频处在时间尺度的另一端。
311,词组,"other investors, in aggregate, follow in your footsteps",其他投资者（整体上）步你的后尘,follow in sb’s footsteps 走上与某人相同的路；in aggregate 总体上、合计而言。
311,词组,it’s hard to see any merit in the idea that,很难看出…这种说法有什么道理,see merit in sth 认为某事有可取之处；merit 优点、可取之处。
311,多义,a topic that understandably generates a lot of heat,一个可以理解地会引发大量激烈争论的话题,heat 本句义“（争论中的）火气、情绪”vs 常见义“热”；generate heat 引发争吵，常与 shed light（给出启发）对举。
311,词组,it also generates very little by way of credible examples,却几乎拿不出什么可信的例子,by way of 此处等于“作为、以…的形式”，不是“经由、途经”。
311,术语,quote stuffing,报价填塞,在极短时间内大量下单又撤单，以拥塞行情通道、拖慢他人反应或制造假象的做法。
311,难句,Perhaps this is the most important point to consider of all: successful investing and trading rely inherently on a correct anticipation of the future aggregate behavior of other investors and traders.,或许这是所有要点中最值得思量的一点：成功的投资与交易，本质上都依赖于对其他投资者和交易者未来整体行为的正确预判。,冒号后的句子是对 this 的展开；of all 后置修饰 the most important point；rely on 的宾语 a correct anticipation 后接多层 of 短语（anticipation of behavior of others）。
312,生词,confound others into making mistakes,把别人搅糊涂，诱使其犯错,confound 使困惑、挫败（计划）；confound sb into doing 使某人稀里糊涂地做出某事。
312,词组,bully slower investors into giving up profits,逼迫较慢的投资者交出利润,bully sb into doing 胁迫某人做某事；into 表被迫达成的结果。
312,多义,Facebook’s troubled IPO in 2012,Facebook 2012年状况百出的IPO,troubled 本句义“问题不断的、出岔子的”vs 常见义“（人）苦恼不安的”。
312,生词,until Aleynikov’s conviction was dismissed and vacated,直到阿列尼科夫的有罪判决被驳回并撤销,conviction 定罪判决（另有“坚定信念”义）；vacate 此处为法律义“撤销（判决）”，非“腾空、搬离”。
312,生词,the indubitable Goldman claimed,不容置疑的高盛声称,indubitable 毋庸置疑的（此处带反讽语气）；反义词 dubious 可疑的。
312,生词,to reap profits,攫取利润,reap 本义收割庄稼，引申为获取（收益、好处）；reap the rewards 收获回报。
312,术语,NCMMs react to the limit order book,非契约做市商依据限价订单簿做出反应,NCMM＝non-contractual market maker，不与交易所签约、无强制报价义务的自愿做市者；CMM 则负有提供流动性的合约义务并能看到客户订单流。
312,生词,the subject of the public’s ire against HFTs,公众针对高频交易的怒火所指的对象,ire 怒火（书面语，＝anger）；the subject of 此处指“承受…的对象”。
312,多义,This would have the perverse consequence of giving all HFTs a look at order flow before it hits the tape.,这反而会带来一个适得其反的后果：让所有高频交易者都能在订单进入公开成交纪录之前先看一眼订单流。,perverse 本句义“事与愿违的、与初衷相反的”vs 常见义“（人）故意作对的”；hit the tape 出现在公开的行情/成交纪录带上。
312,多义,A pet phrase of HFT’s detractors is latency arbitrage,高频交易批评者的一句口头禅是“延迟套利”,pet phrase 口头禅，pet 此处为形容词“最爱的”；latency arbitrage 延迟套利，指利用不同数据通道之间的时间差抢先成交。
312,难句,Let’s be really explicit: front-running occurs when a fiduciary uses knowledge of his customer’s order to buy or sell to perform that same action before they have the opportunity to do so.,把话挑明了说：所谓抢先交易，是指受托人利用自己掌握的客户买卖指令信息，抢在客户有机会成交之前先做同样的动作。,冒号引出定义；fiduciary 受托人，负有为客户利益行事的法定义务；to buy or sell 修饰 order（买入或卖出的委托），第二个不定式 to perform 才是 uses...to 的目的状语；句末 they 回指 his customer。
312,多义,a stylized strategy that is supposed to demonstrate,一个经过程式化提炼、据称能说明…的策略,stylized 本句义“简化提炼过的、教科书式的”vs 常见义“风格化的”；be supposed to 据称、本应。
313,生词,to front-run an institutional trader’s execution algorithm,抢先于机构交易者的执行算法成交,front-run 作动词用，直接跟宾语；execution algorithm 执行算法，指把大单拆细、择时下达的程序。
313,词组,we marvel at his speed,我们惊叹于他的速度,marvel at 对…感到惊叹，为不及物动词加介词 at；名词 marvel 奇迹。
313,词组,If we grant the premise,如果我们姑且承认这个前提,grant 此处指“（论辩中）暂且承认对方的说法”；premise 前提。
313,术语,it takes some time to be reflected in the NBBO,需要一段时间才会反映到全国最优买卖报价上,NBBO（national best bid and offer）：由各交易所报价汇总出的全市场最优买价与卖价，是散户成交价的基准。
313,术语,many HFTs establish direct data feeds from the exchanges,许多高频交易者建立来自各交易所的直连行情数据源,direct data feed 直连数据源：绕开合并行情带、直接从交易所取得原始行情，速度更快但成本高、维护难。
313,术语,before it is reflected in the centralized tape,在其反映到集中行情带之前,centralized/consolidated tape 合并行情带：汇总各交易所报价与成交的官方数据，更新比直连源慢。
313,生词,There is no conceivable way that an HFT could see the order before it happens.,高频交易者不可能有任何设想得出的办法在订单发生之前就看到它。,conceivable 可以想象的、设想得到的；no conceivable way 是加强否定的固定说法。
313,词组,it is probable he will go through all the trouble,他多半会不嫌麻烦地把这一切做到,go through the trouble (of doing) 不辞辛劳地做某事；it is probable that... 很可能。
313,文化,Usain Bolt is faster than most other sprinters.,尤塞恩·博尔特比大多数短跑选手都快。,博尔特为百米世界纪录保持者，下文的 Patrick Makau 则是当时的马拉松世界纪录保持者；作者以“两人比的不是同一个项目”类比高频交易者与养老金投资者。
313,难句,It seems to me that HFT’s opponents have misunderstood the difference between being faster than others and front-running them.,在我看来，高频交易的反对者混淆了“比别人快”与“抢在别人前面交易”之间的区别。,It seems to me that... 为形式主语句；the difference between A and B 中 A、B 均为动名词短语，须保持结构对称。
314,生词,those traders would outwit the less capable,那些交易者会智胜能力较差的人,outwit 以智取胜；out- 前缀表“胜过”（outperform、outrun）；the less capable 为形容词作名词，指一类人。
314,词组,customer order flow before the fact,事前的客户订单流,before the fact / after the fact 事前 / 事后（法律术语 accessory before the fact 事前从犯）。
314,词组,As it turns out,结果表明,turn out 结果证明是；as it turns out 引出与先前预期不同的实情。
314,语法,What this has to do with HFTs is not something I have the ability to imagine.,这跟高频交易究竟有什么关系，我实在想象不出来。,What 引导的名词性从句整体作句子主语；have to do with 与…有关；something 后省略了关系代词 that。
314,多义,some bad actor in the HFT world,高频交易圈里的某个害群之马,bad actor 本句义“作恶者、坏分子”（美式用法）vs 字面义“糟糕的演员”。
314,文化,the Hunt brothers cornered and manipulated the silver markets beginning in the 1970s,亨特兄弟自1970年代起逼仓并操纵白银市场,亨特兄弟大举囤积白银企图垄断，1980年“白银星期四”崩盘；corner a market 逼仓，指控制某商品的大部分可交割供给，迫使空头高价回补。
314,词组,"For that matter, should telephones be banned",真要这么说的话，电话是不是也该禁掉,for that matter 就此而言、说到这个（用于把前面的逻辑推而广之）。
314,生词,the contention that HFTs manipulate markets,高频交易操纵市场这一论点,contention 论点、主张（动词 contend that 主张）；另有“争执、争论”义。
314,术语,known as cancelation rates,即所谓撤单率,撤单率＝撤销的委托数占委托总数的比例；做市商需随行情不断更新报价，故撤单率天然极高。
314,难句,It also appears lost on those pointing to the Facebook IPO as evidence of an HFT manipulation problem that the price dropped and remained well below the IPO price for well over a year.,那些拿Facebook的IPO当作高频交易操纵证据的人，似乎也没意识到：该股当时就跌破发行价，且在此后一年多里始终远低于发行价。,It 为形式主语，真正的主语是句末的 that 从句（被长长的 on 短语隔开，属外置结构）；be lost on sb 某人没能领会；pointing to... 为分词短语后置修饰 those。
315,生词,it is of inferior quality,它质量低劣,inferior 次等的、劣于…的（inferior to，不用 than）；of + 抽象名词表性质。
315,术语,overwhelming exchanges with massive message volumes,用海量报文冲垮交易所,message volume 报文量：下单、改单、撤单等指令的条数，是交易所系统负荷的主要来源。
315,术语,the importance of queue placement,排队位次的重要性,queue placement 指限价单在同一价位队列中的先后位置，位次越靠前越早成交。
315,术语,Time priority markets,时间优先型市场,同价位下先挂单者先成交的撮合规则，与按挂单量比例分配（pro rata）的规则相对。
315,语法,require that a passive trader be fast on his feet if he doesn’t want to get picked off,要求被动交易者必须反应敏捷，否则就会被“狙击”,require/demand/insist that 引导的从句用动词原形（be），是虚拟语气，相当于省略了 should；be fast on one’s feet 反应快、随机应变。
315,术语,get picked off,被“狙击”吃掉,pick off 本义逐个击落；此处指行情已变、挂单来不及撤销，被信息更快的对手主动成交而吃亏。
315,术语,Decimalization of stocks led to an increased frequency of price changes,股票报价十进制化导致价格变动更频繁,Decimalization：2001年美股最小报价单位由1/16美元改为1美分，价差收窄、报价跳动更密集。
315,术语,Fragmentation in the U.S. equity market,美股市场的碎片化,同一只股票在十多家交易所和多个暗池同时交易，流动性被分散，因而需要合并行情与智能路由。
315,生词,the liquidity being provided is merely a mirage,所提供的流动性只是海市蜃楼,mirage 幻景、镜花水月；being provided 为被动进行式分词短语作后置定语。
315,术语,the average NBBO quote on SPY,SPY上的平均全国最优报价,SPY 是跟踪标普500指数的ETF，长期为全球成交量最大的交易标的。
315,难句,"But they are posting far more liquidity than they actually want to provide, and once they get filled on the size they are willing to trade, they must cancel the extra orders or risk being run over by active traders.",但他们挂出的流动性远超实际愿意提供的量；一旦按其愿意成交的数量被成交，就必须撤掉多余的挂单，否则就有被主动交易者“碾过”的风险。,far more...than 为比较结构，far 加强程度；get filled 被成交；risk doing 冒着…的风险（risk 后须接动名词）；being run over 为被动动名词。
316,多义,which buys the HFT time,这为高频交易者争取了时间,buy sb time 为某人赢得时间，buy 此处不是“购买”；time 为直接宾语。
316,术语,the same micro-bursting problem,同样的“微突发”问题,micro-bursting：极短时间内消息量骤然飙升的尖峰，会瞬时压垮系统的处理能力，即便平均负荷并不高。
316,生词,their data quality had deteriorated so much,他们的数据质量已严重恶化,deteriorate 恶化、变坏（不及物动词）；名词 deterioration。
316,生词,if exchanges were being hampered by HFTs,如果交易所真被高频交易拖累,hamper 妨碍、阻碍（＝hinder）；were being 为虚拟语气中的被动进行式。
316,多义,"they warn, sanction, and, if necessary, ban traders who generate excess traffic",他们会警告、处罚、必要时封禁产生过量流量的交易者,sanction 本句义为动词“制裁、处罚”vs 常见义“批准、认可”——同一词兼有正反两义，须靠语境判别。
316,术语,"A minimum resting time, which would disallow the immediate cancelation of an order",最短挂单存续时间：不允许订单被立即撤销,一项监管提议，要求限价单挂出后必须停留一段最短时间才准撤销，意在压低撤单率。
316,生词,The proximate effect of such a change,这种改动的直接后果,proximate 最直接的、最近的（proximate cause 近因）；与 approximate（近似的）形近易混。
316,多义,a large proportion of all orders would be very stale,很大一部分订单会非常“陈旧”,stale 本句义“（报价）已过时、跟不上当前价格的”vs 常见义“（面包）不新鲜的”。
316,术语,an active order from an index arbitrageur,来自指数套利者的主动单,index arbitrage 指数套利：当指数期货或ETF与其成分股组合之间价格失衡时反向操作，赚取回归收益。
316,术语,a variety of robustness checks including difference-in-differences tests,多种稳健性检验，包括双重差分检验,difference-in-differences（DID）：比较处理组与对照组在事件前后各自变化之差，用以识别因果效应。
316,难句,"Requiring that a liquidity-providing passive trader allow himself to be picked off, in order to solve a non-existent problem, doesn’t seem likely to be an effective improvement to the current market structure.",为了解决一个根本不存在的问题，就要求提供流动性的被动交易者甘愿被人“狙击”，这不太可能是对现行市场结构的有效改进。,动名词短语 Requiring that... 整体作主语，其宾语从句用原形 allow（虚拟语气）；in order to 短语插在主语与谓语 doesn’t seem 之间，注意跨过它找回主干。
317,术语,end-of-day manipulation,收盘价操纵,在临近收盘时刻意下单推动收盘价；因收盘价被用于估值、结算与业绩计算，故有操纵动机。
317,生词,curtailing the frequency and severity,遏制其频率与严重程度,curtail 削减、缩短、限制（比 reduce 正式）；severity 严重程度。
317,多义,The effect of HFT is more pronounced,高频交易的作用更为显著,pronounced 本句义“明显的、显著的”vs 常见义“被读出的”（pronounce 发音）。
317,术语,our findings are robust to different measures,我们的结论对不同的度量口径都稳健,robust to：换用其他度量方法或样本后结论依然成立，是实证研究可信度的常规检验。
317,生词,computer software has glitches,计算机软件会出小故障,glitch 小故障、瞬时失灵，多指技术性小毛病，程度轻于 failure。
317,多义,lead to speculation that HFTs are to blame,引发“高频交易该负责”的猜测,speculation 本句义“猜测、揣度”vs 金融常见义“投机”；be to blame 该受责备，主动形式表被动含义。
317,生词,exonerated HFTs about as clearly as could be done,几乎已尽可能明确地还了高频交易清白,exonerate 免除…的罪责、证明无辜；as clearly as could be done 为省略主语的被动比较从句。
317,词组,made no dent in the perception,丝毫未能撼动那种看法,make a dent in 使…出现凹痕→对…产生（哪怕一点）影响，多用于否定句。
317,多义,was probed in August 2010 for a bug,于2010年8月因一个程序漏洞而遭调查,probe 本句义“（官方）调查”vs 常见义“探针、探测”；probe sb for sth 因某事调查某人。
317,术语,another “fat finger” error,又一起“胖手指”错误,fat finger：人工下单时按错键（把数量与价格填反、多打几个零）造成的乌龙交易。
317,难句,"Indeed, it remains fairly widely asserted that the Flash Crash was a computer-driven event, despite both an abundance of evidence to the contrary and none in favor of such a theory.",事实上，“闪电崩盘是计算机驱动的事件”这一说法仍被广泛断言，尽管相反的证据比比皆是，而支持这一说法的证据一条也没有。,it 为形式主语，真主语是 that 从句；remains asserted 由“remain + 过去分词”构成，表“仍旧被…”；despite 后接 both A and B 两个并列宾语，none 即 no evidence，承前省略。
318,术语,the 6-digit SEDOL identifier,6位SEDOL证券识别码,SEDOL 是伦敦证交所分配给证券的识别码；此处被误填进了订单的“数量”字段，酿成巨亏。
318,生词,a frenzy of activity,一阵疯狂的交易,frenzy 狂乱、狂热；a frenzy of + 名词 表“一阵疯狂的…”。
318,语法,a glitch at the exchange that led to a less than flawless IPO for a hot tech stock,交易所的一次故障，导致某只热门科技股的IPO远谈不上完美,less than + 形容词 是委婉的否定说法（less than flawless 实指“很不完美”）；that 定语从句修饰 a glitch 而非 the exchange。
318,词组,bigger and far more pressing problems weighing on the markets,更大、更紧迫、压在市场头上的问题,weigh on 压迫、拖累（心理或市场）；pressing 紧迫的；weighing 为现在分词后置修饰 problems。
318,词组,The 1929 market crash that kicked off the Great Depression,引发大萧条的1929年股灾,kick off 拉开序幕、开启（源自足球开球）；the Great Depression 特指1930年代的大萧条。
318,生词,the decades-long stagnation in Japan’s economy,日本经济长达数十年的停滞,stagnation 停滞（形容词 stagnant，本义“死水般不流动的”）；decades-long 长达数十年的。
318,术语,the problems in Greek and other Euro-zone sovereigns,希腊等欧元区主权债务的问题,sovereign 此处为名词，指主权国家发行的债券或其信用；欧债危机自2010年起爆发。
318,术语,real money investors,真金白银型投资者,real money 指用自有长期资金投资、基本不加杠杆的机构（养老金、共同基金、保险资金），与杠杆型的对冲基金相对。
318,词组,since HFTs have gained prominence,自从高频交易崭露头角以来,gain prominence 变得显赫、受人瞩目；prominent 突出的、著名的。
318,生词,Manoj Narang dissects this argument,纳朗剖析了这一论点,dissect 本义解剖，引申为细致剖析（论点、数据）。
318,难句,"If long-term investors are truly long-term, why should they care about a frenzy of activity in which the market drops by 10 percent and then recovers almost entirely a few minutes later?",如果长期投资者真的是长期的，他们为什么要在意这样一阵疯狂——市场先跌10%，几分钟后又几乎全数收复？,条件从句 + 反问句；why should...? 表“没有理由…”；in which 引导定语从句修饰 a frenzy of activity，从句内 drops 与 recovers 为并列谓语。
319,生词,almost all dormant overnight,隔夜时段几乎全都处于休眠状态,dormant 休眠的、暂不活动的；与 dominant（占主导的）形近易混。
319,术语,they tend to take home no overnight positions,隔夜头寸,take home a position 指把仓位留过夜；高频交易商通常收盘前平光，不留隔夜风险。
319,词组,we can take as a rule of thumb,可以把…当作一条经验法则,rule of thumb 粗略但好用的经验判断，不追求精确。
319,术语,the Federal Open Market Committee’s announcements,联邦公开市场委员会（FOMC）的政策公告,FOMC 是美联储决定利率政策的机构，其决议在交易时段内发布，故属 intraday 事件。
319,生词,the aforementioned New York Times article,前面提到的那篇《纽约时报》文章,aforementioned 正式书面语，指前文已提及的；等于口语的 the one I mentioned earlier。
319,生词,Reg NMS was enacted,（法规）被颁布实施,enact 立法通过、颁布；与 enforce（执行已有法规）区分。
319,生词,the contention that HFTs have caused increased volatility,论点；主张,contention 本处指被主张的观点（= claim）；另有常见义争执、争论。
319,生词,the natural partitions we described,自然的划分区间,partition 切分、区隔；此处指把一天切成互不重叠的日内段与隔夜段。
319,多义,the magnitude of the index’s movements,指数波动的幅度,本句义幅度、量级；常见义重要性、重大程度。
319,难句,"But we can do a better job of understanding the sources of this increase by examining the behavior of the market while it is closed, versus when HFTs are active (while the market is open).",但要弄清这一上升的来源，更好的办法是把市场休市时的表现，与高频交易商活跃时（即开市时）的表现拿来对照考察。,主干 we can do a better job of understanding...；by examining... 为方式状语；versus 引出对照的第二个考察对象，两个 while 从句分别给两段时间下定义。
319,难句,"If the critics are right, we should see the open:close volatility increase at least as much as the close:close volatility, since that’s the only time that HFTs could possibly affect prices.",如果批评者说得对，我们应当看到开盘至收盘的波动率涨幅至少与收盘至收盘的波动率涨幅相当，因为开盘时段是高频交易唯一可能影响价格的时间。,see + 宾语 + 动词原形（increase）的感官动词结构；at least as much as 表不低于的比较；since 引原因状语从句，that 引定语从句修饰 time。
320,多义,shows an even starker contrast,呈现出更加鲜明的反差,stark 本句义（对比）鲜明、赤裸裸的；常见义荒凉的、完全的（stark naked）。
320,多义,has actually contracted somewhat,反而有所收缩,contract 本句动词义收缩、变小（反义 expand）；常见义名词合同。
320,多义,overnight volatility has spiked,隔夜波动率飙升,spike 本句动词义急剧上升；常见义名词尖钉、尖刺。
320,生词,far outstripping intraday volatility,远远超过日内波动率,outstrip 超过、甩开；语气强于 exceed。
320,术语,the median movements of the S&P,标普指数涨跌幅的中位数,median 中位数，把样本排序后取中间值，不受极端值影响，常与 average（均值）对照使用。
320,多义,the high versus low volatility increase continues to lag,日内最高价与最低价之间的波动涨幅仍然落在后面,lag 本句动词义落后、跟不上；常见义名词时滞（time lag）。
320,术语,these outlier events,离群（极端）事件,outlier 指远离样本主体分布的异常观测值，样本量太少时不宜据以推断。
320,词组,the picture is mixed,情况好坏参半；结论并不一致,picture 此处指整体情形；mixed 指证据两面都有、不指向单一结论。
320,难句,"What we see is that, when counting the frequency of larger moves (4 percent or more), the instances have become more common in the intraday period than in from close to close, while the high versus low volatility increase continues to lag.",我们看到的是：在统计更大幅度波动（4% 及以上）的发生频率时，这类情形在日内时段变得比收盘到收盘时段更常见，而最高价对最低价的波动涨幅仍然落后。,What 引导的主语从句 + is that 表语从句；when counting 为时间状语的分词结构；more common in A than in B 比较结构（原文 than in from 处有赘词）；while 表对比而非时间。
321,多义,one could contend that,有人可能会主张,contend 本句义主张、辩称；另一常见义为争夺（contend for a prize）。
321,多义,coincide with lower volatility,与较低的波动率同时出现,coincide 本句义（在时间上）同时发生、相伴出现；常见义（观点）一致。
321,多义,a grave statistical error,严重的统计错误,grave 本句形容词义严重的、重大的；常见义名词坟墓。
321,词组,mistake coincidence for causation,把巧合误当成因果,mistake A for B 把 A 误认作 B；causation 因果关系，与 correlation（相关）相对。
321,生词,the most damning argument against HFTs,最具杀伤力的、最能定罪的指控,damning 出自 damn，指足以坐实罪名的（证据、论点）。
321,多义,also bear some of the “blame.”,也要承担一部分“罪责”,bear 本句义承担（责任、代价）；常见义忍受、名词熊。
321,术语,cannot cause any net price impact,不会造成任何净价格冲击,price impact（市场冲击）指自身买卖行为推动价格偏移的程度；买卖等量时冲击方向相反、净额为零。
321,生词,related to HFTs is effectively nil,实际上等于零,nil 零、无（英式常用）；effectively 此处义实际上、几近于，而非有效地。
321,生词,logically precludes one from drawing such a conclusion,从逻辑上排除了得出该结论的可能,preclude sb from doing 使某人无法做…、预先排除；比 prevent 更正式。
321,多义,posting limit orders,挂出限价单,post 本句义（在订单簿上）挂出、报出；常见义邮寄、张贴。
321,术语,represents a friction that must be overcome,构成一道必须被突破的摩擦,friction 此处指订单簿上每一档挂单对价格移动形成的阻力，挂单越多价格越难穿越。
321,难句,"Even if we make a grave statistical error and mistake coincidence for causation, the most damning argument against HFTs could be that, in the 20 instances where the market moved at least 4 percent in an intraday period over the last five and a half years, HFTs may have contributed to those large moves to some unknowable degree.",即使我们犯下严重的统计错误、把巧合误当因果，对高频交易最狠的指控也不过是：在过去五年半盘中波动至少4%的那20次事件里，高频交易商可能以某种无从知晓的程度对那些大幅波动“有所贡献”。,Even if 引让步状语从句；主句为 the argument could be that... 表语从句，其内部又插入 in the 20 instances where... 的地点/情形状语，主谓 HFTs may have contributed 被推到很后面。
322,多义,Illiquidity breeds volatility,流动性匮乏才滋生波动,breed 本句义滋生、催生；常见义（动物）繁殖、饲养。
322,词组,This fact seems lost on HFT’s opponents,这一事实似乎完全没被高频交易的反对者领会,be lost on sb 对某人不起作用、某人体会不到（如 The joke was lost on him）。
322,生词,Even in times of duress,即使在（市场）承压的时期,duress 胁迫、压力（法律里指胁迫之下）；under duress 被迫地。
322,多义,to liquidate positions that were acquired passively,平掉那些被动挂单获得的头寸,liquidate 本句义平仓、变现；常见义清算（公司）。
322,词组,no worse than neutral to liquidity,对流动性至多是中性的，不会更差,no worse than 不比…更糟；neutral to 对…不构成正负影响。
322,术语,many blue-chip shares,蓝筹股,blue-chip 指规模大、经营稳健、知名度高的公司股票；名称源自赌场中面值最高的蓝色筹码。
322,多义,exacerbated the downdraft,加剧了下挫行情,exacerbate 使恶化、加剧；downdraft 本义（气流）下沉，此处喻价格下跌浪。
322,多义,given the prevailing market,考虑到当时占主导的市场行情,given 此处为介词，义鉴于、考虑到；prevailing 当时通行的、占主导的。
322,生词,widespread disgust and disappointment in the integrity of capital markets,对资本市场诚信的普遍反感与失望,disgust 强烈反感、厌恶；integrity 本处义诚信、正直，另有完整性义。
322,词组,in the wake of this event,紧随这一事件之后,in the wake of 本义船行过后的尾流，引申为在…之后（多接负面事件）。
322,多义,they hold some important parallels,两者存在若干重要的相似之处,parallel 本句名词义相似之处、可类比者；常见义平行线。hold 此处义具有、存在。
322,文化,"These events occurred on May 29, 1962.",这些事件发生在1962年5月29日。,作者先把前面一整段描述读作 2010 年闪电崩盘，末句才揭示实为 1962 年的“被遗忘的闪崩”，以此说明急跌并非计算机时代独有。
322,难句,"The reality is that, just as real, deep crises occur in markets without any help from computers or HFTs, so do rapid fluctuations in prices.",现实是：正如真正深重的危机无需计算机或高频交易商的帮忙就会在市场上发生，价格的急剧波动同样如此。,"just as A, so B 的对照句型；so do rapid fluctuations 为部分倒装（so + 助动词 + 主语），do 代替前面的 occur。"
323,生词,the determinant of the size of each order placed,每笔挂单规模的决定因素,determinant 决定因素；与 determination（决心、确定）区分。
323,多义,became the center of a snowball,成了雪球效应的核心,snowball 此处名词，喻越滚越大的连锁反应；动词 snowball 即急剧膨胀。
323,生词,what transpired afterwards,之后发生的事,transpire 正式用语，义（事情）发生；另有（真相）为人所知义。
323,词组,has no bearing on that fact,与那个事实毫无关系；不影响那一点,have no bearing on 与…不相干；bearing 此处义关联、影响。
323,生词,the propagation of these volatile moves,这些剧烈波动的扩散传播,propagation 传播、扩散（波、信号、影响）；动词 propagate。
323,多义,the constituents of these ETFs,这些 ETF 的成分股,constituent 本句义成分、组成部分（此处即成分股）；常见义选民。
323,词组,they tend to move in lock-step with one another,它们倾向于彼此步调完全一致地同向变动,in lock-step 原指队列齐步走，喻完全同步、亦步亦趋。
323,词组,should follow suit,应当跟着照做；有样学样,follow suit 源自纸牌跟出同花色，引申为效仿他人做法。
323,术语,the fragmentation of the U.S. equity market,美股市场的碎片化,fragmentation 指同一只股票分散在多个交易所与交易场所成交，流动性被切碎分散。
323,词组,really picked up steam in the late 1990s,在1990年代末真正加速推进,pick up steam 原指蒸汽机加压提速，喻势头渐猛、加速发展。
323,术语,the declaration of “self help.”,宣布启用“自救”条款,Reg NMS 下的 self help：某交易所出现故障时，其他市场中心可声明暂停与其互联报价，从而不必再向其转单。
323,多义,was alleged to have had problems with its technology,据称其技术系统出现了问题,allege 本句义（未经证实地）指称、声称；名词 allegation 指控。
323,术语,the “stub quotes” issue,存根报价问题,stub quote 指做市商为满足挂单义务而报出的极端离谱价格（如 1 美分买入），正常行情下不会成交，流动性枯竭时却被打到。
323,难句,Reg NMS allows an exchange to cease participating and sharing information with the other market centers if there is a problem with one or more of them.,Reg NMS 允许某家交易所在其他一个或多个市场中心出问题时，停止与它们互联参与、停止共享信息。,allow sb to do 结构，cease + 动名词（participating / sharing）并列；if 引条件状语从句，them 回指 the other market centers。
324,词组,they often screw up spectacularly once in a while,他们时不时就会捅出惊天大娄子,screw up 口语，义搞砸；spectacularly 此处反讽义，程度惊人地。
324,生词,through glitches or misbehavior,由于（系统）小故障或不当行为,glitch 指程序或设备的突发小故障；misbehavior 不端行为。
324,词组,a double-standard on computerized traders,对计算机化交易者的双重标准,double standard 指对相同行为按不同尺度评判。
324,生词,there should always be repercussions,始终应当承担（不良）后果,repercussion 多用复数，指某行为引发的连带、后续影响，常为负面。
324,术语,any required ex-post enforcement,任何必要的事后执法,ex-post 拉丁语，事后（相对 ex-ante 事前）；此处指出事后再追责，而非事前禁止。
324,生词,its being infuriating has nothing to do with HFT,它之所以令人愤怒，跟高频交易本身毫无关系,infuriating 令人暴怒的（动词 infuriate）；its being + 形容词是动名词复合结构作主语。
324,多义,the philosophical outlook it implies,它所隐含的哲学观念,outlook 本句义看待世界的观点、态度；常见义前景、展望（economic outlook）。
324,生词,a brilliant Nobel-laureate economist,一位杰出的诺贝尔奖得主经济学家,laureate 桂冠获得者、获奖者，源自古罗马以月桂枝加冕。
324,术语,an op-ed piece in the New York Times,《纽约时报》上的一篇评论版文章,op-ed = opposite the editorial page，指报纸社论对页刊登的外部署名评论，代表作者个人观点。
324,词组,"a game of “bad actors,”",一场“坏分子”的游戏,bad actor 此处非演员，指不良行为者、害群之马；actor 在社科语境中泛指行为主体。
324,生词,despite all the rhetoric to the contrary,尽管有各种唱反调的说辞,rhetoric 此处贬义，指空洞或带偏见的言辞；to the contrary 相反地，作后置定语。
324,词组,The first question that is begged,由此自然引出的第一个问题,beg the question 此处用作引出（一个问题）；其本义还有循环论证之意。
324,词组,raises the banner of social value,打出“社会价值”这面大旗,raise the banner of 高举…的旗号，含以某名义施压之意。
324,难句,"I don’t care about the fact, and it is a clear and indisputable fact despite all the rhetoric to the contrary, that HFTs actually provide an enormous amount of liquidity to the marketplace, which facilitates the trading activities of a great number of other types of players that are judged as having social value by those interested in casting such judgments.",我并不想拿这个事实说事——尽管各种论调唱反调，它仍是清楚且无可辩驳的事实——即高频交易商确实为市场提供了海量流动性，从而便利了众多其他类型参与者的交易活动，而这些参与者在那些热衷于作此类评判的人眼里是有社会价值的。,the fact ... that... 为同位语从句，中间被 and it is a clear ... contrary 这一整句插入语隔断；which 引非限制性定语从句指前面整件事；that are judged as... 修饰 players，as having 为 judge sb as 的宾补。
325,生词,"what kind of fascist, presumptuous thing is it",这是何等专断而自以为是的做法,presumptuous 冒昧的、自以为有资格的（动词 presume）；fascist 此处为强烈贬义修辞，指专断压制他人。
325,生词,a hideous and damnable line of thinking,一种可憎且该被唾弃的思路,hideous 丑恶的、可怕的；damnable 该受谴责的（出自 damn）；line of thinking 思路、推理路线。
325,生词,impinge on the rights of others,侵犯他人的权利,impinge on 侵犯、妨碍（多接 rights/freedom）；名词 impingement。
325,生词,its fallacious presumptions,它那些站不住脚的预设,fallacious 谬误的、推理有误的（名词 fallacy）；presumption 预设、想当然的假定。
325,生词,that calls for scrutiny and sensible regulation,那需要严格审视与合理监管,scrutiny 细察、严格审查；call for 此处义需要、要求（并非呼叫）。
325,词组,the hot-headed talk from some outmoded corners,来自某些过时角落的头脑发热之言,hot-headed 易冲动的、上头的；outmoded 过时的、被时代淘汰的。
325,多义,surprisingly even-headed and downright thoughtful,出奇地冷静持中，甚至相当深思熟虑,downright 本句义十足地、简直（加强形容词）；常见义（形容词）彻头彻尾的。even-headed 头脑冷静、不偏不倚。
325,术语,Banning naked access,禁止“裸接入”,naked access 指客户借用经纪商的交易所席位直连下单、绕过经纪商的风控前置检查；美国已于2011年禁止。
325,词组,was even-keeled,四平八稳、持中客观,even-keeled 源自船只保持龙骨平衡，喻情绪稳定、不偏激。
325,术语,a financial transaction tax (FTT),金融交易税,FTT 按每笔证券交易金额征收的税，意在抑制高频与投机性交易。
325,生词,volumes are likely to plummet,成交量很可能直线下滑,plummet 垂直下坠、暴跌，语气强于 fall。
325,术语,Banks’ prime brokerage units,银行的主经纪商部门,prime brokerage 为对冲基金提供托管、融资融券、清算与佣金交易的综合服务，收入主要来自客户佣金，自身风险极低。
325,多义,Futures volumes were off 98 percent,期货成交量下跌了98%,off 本句义（数量）减少了、下跌了；常见义关掉、离开。
325,词组,follow the path Sweden has already been down,重走瑞典已经走过的老路,go down a path 走上某条路（喻决策路线）；此处 been down 为完成时的省略定语从句。
325,难句,"If the tax is not universal and global, then trading will simply move to markets where taxes are lower or are not applied at all.",如果这项税不是普遍且全球统一的，交易就会干脆转移到税率更低、或根本不征此税的市场去。,If...then 条件句；simply 此处义干脆、就这么；where 引定语从句修饰 markets，从句内两个并列谓语 are lower / are not applied。
326,生词,It was repealed in 1991,它于1991年被废除,repeal 专用于废止法律、法规；与 revoke（撤销许可）区分。
326,词组,more than offsetting the miniscule revenues,抵消还有余，超过了那点微不足道的税收,offset 抵消；more than offsetting 指抵消之后还倒亏；miniscule（规范拼法 minuscule）极其微小的。
326,生词,lax mortgage lending practices,松弛的按揭放贷做法,lax 松懈的、不严格的（标准、纪律）；与 relaxed 同源但含贬义。
326,生词,bogus AAA ratings,名不副实的 AAA 评级,bogus 假的、伪造的（口语）；与 fake 近义。
326,词组,the financial firms that got us into this mess,把我们拖进这摊烂事的金融机构,get sb into a mess 使某人陷入困境、烂摊子；mess 一团糟的局面。
326,多义,would be borne by pensions,将由养老金承担,borne 是 bear 的过去分词，本句义承担（成本、责任）；注意与 born（出生）拼写区分。
326,生词,the bluster in the press,媒体上的虚张声势,bluster 大声咆哮、气势汹汹却无实质内容的言论。
326,生词,it was in the form of vilification,表现为一种恶意抹黑,vilification 诋毁、污名化（动词 vilify）；词根 vile 卑劣的。
326,文化,Soros for attacking Asian currencies,索罗斯狙击亚洲货币,指1997年亚洲金融危机中，索罗斯的量子基金大举做空泰铢等货币，被当地舆论视为危机祸首。
326,生词,rather than heeding the biased and/or uninformed voices,而不是听信那些有偏见或不明就里的声音,heed 留意、听从（正式）；uninformed 缺乏信息的、不了解情况的。
326,词组,wary of the unintended consequences,警惕那些始料未及的后果,be wary of 对…存戒心、提防；unintended consequences 政策经济学常用语，指非本意的副作用。
326,术语,"Circuit breakers, which have long been proposed",熔断机制,circuit breaker 原指电路断路器；市场上指价格波动超过阈值时自动暂停交易的规则，用以给市场降温。
326,术语,Ending the ban on locked markets,解除对“锁定市场”的禁令,locked market 指某只股票的最优买价与最优卖价相等（买卖价差为零）的状态，Reg NMS 现禁止交易所出现该状态。
326,术语,the need for ISO orders,跨市场扫单指令（ISO）,intermarket sweep order：允许交易者同时扫过多个交易所各档报价、绕开 Reg NMS 的转单保护，但要求下单方自行确保合规。
326,词组,for all practical purposes,从实际效果看；实际上等于,固定短语，用于指出理论上可以但现实中做不到。
326,术语,Liquidity provision rebates are currently tiered,流动性提供返佣目前是分档的,交易所对挂被动单（提供流动性）者付返佣；tiered 指按成交量分级，量越大档位越高、返佣越优。
326,难句,"We get paid pretty well, and if not being liked by someone who trusts what he reads in the news to be the whole story is the cost of that compensation, I’ll take that trade every day.",我们的报酬相当不错，如果“被那些把新闻里读到的东西当成全部真相的人讨厌”就是这份报酬的代价，那这笔交易我天天都愿意做。,if 从句的主语是动名词短语 not being liked by someone...，谓语才是 is the cost；who 引定语从句修饰 someone，其中 trusts A to be B 意为相信 A 就是 B；take that trade 借交易术语表示接受这笔划算的交换。
327,生词,it behooves regulators to begin,监管者理应开始…,behoove 正式且略显古旧，只用于 it behooves sb to do 句型，义某人有必要、理应。
327,多义,police the markets,对市场进行监管巡查,police 本句为动词，义监管、维持秩序；常见义名词警察。
327,多义,self-report any irregularities caused,主动上报由此造成的任何异常/违规,irregularity 本句义违规、不合规之处；常见义不规则、不整齐。self-report 主动向监管报告。
327,生词,people are prosecuted for calling in fake bomb threats,有人因打电话谎报炸弹威胁而被起诉,prosecute 提起公诉、检控；与 persecute（迫害）形近易混。call in 此处指打电话报告（威胁）。
327,语法,"Just as people are prosecuted for calling in fake bomb threats, so should people be prosecuted for manipulation, front-running, and other bad behaviors in the markets.",正如打假炸弹威胁电话的人会被起诉，市场上搞操纵、抢跑等恶劣行为的人也应当被起诉。,"Just as A, so B 的类比句型；主句用 so should people be 的倒装（so + 情态动词 + 主语），这是 so 置于句首时的强制语序。"
327,文化,coal miners and chimney sweeps,煤矿工与扫烟囱童工,指19世纪英美普遍使用童工下矿井、爬烟囱的历史，后经立法禁止，作者以此说明规则须靠强制确立。
327,多义,the vices of humanity,人性的恶习,vice 本句义恶习、道德缺陷（反义 virtue）；常见义副的（vice president）、老虎钳。
327,多义,leaving the souvenir behind,把那份“纪念品”留在原地,souvenir 本义旅游纪念品，此处为反讽，指狗留下的粪便。
327,生词,through malice and carelessness,出于恶意与疏忽,malice 蓄意的恶念（法律上 with malice 蓄意）；形容词 malicious。
327,术语,"computers, ECNs, or dark fiber",暗光纤,dark fiber 指已铺设但未被点亮使用的光纤，交易公司买断后自建专线以获得最低延迟。
327,生词,is folly,是愚蠢之举,folly 不可数名词，义愚蠢、蠢事；比 stupidity 更书面。
327,语法,HFT isn’t evil any more than walking your dog is evil.,高频交易并不邪恶，正如遛狗并不邪恶。,not ... any more than ... 结构：并非A，就像并非B一样，两边同时被否定；后半句形式肯定、意义否定。
327,难句,That the powerful computers and fast communication lines they possess might be used to manipulate the market doesn’t mean that legitimate activities undertaken with these tools must be stopped.,他们拥有的强大计算机和高速通信线路有可能被用来操纵市场，但这并不意味着用这些工具从事的合法活动就必须叫停。,That 引导的主语从句一直延伸到 market，谓语才是 doesn’t mean；they possess 是省略 which 的定语从句修饰前面两个名词；undertaken with these tools 为过去分词短语作后置定语修饰 activities。
327,术语,empirically added liquidity and improved price discovery,在实证上增加了流动性并改善了价格发现,price discovery（价格发现）指市场通过买卖双方报价形成公允价格的过程；empirically 基于实证数据地。
328,多义,The most critical papers,批评态度最强的那些论文,critical 本句义批判性的、持批评态度的；常见义关键的、危急的。
328,词组,they are quick to note that,他们会马上指出,be quick to do 迅速做某事、不忘随即补充；note 此处义指出、说明。
328,生词,since the advent of HFT,自高频交易问世以来,advent 正式用语，指（重要事物的）出现、来临。
328,多义,It was topical at the time,在当时是应景的热门话题,topical 本句义时下热议的、有时效性的；常见义与主题有关的。
328,词组,has died down,已经平息下去,die down 指声音、风波、热度逐渐减弱直至消失。
328,多义,I elected not to update it,我选择不再更新它,elect 本句义选择、决定（elect to do）；常见义选举。
328,生词,conflating high-speed and high-frequency trading,把高速交易与高频交易混为一谈,conflate 把两个不同概念错误地合二为一；名词 conflation。
328,文化,creating a tempest in a teacup,小题大做；茶杯里的风暴,英式说法 a storm in a teacup 的变体，指把微不足道的事炒成大风波。
328,生词,It’s a pretty shabby article,这是一篇相当拙劣的文章,shabby 本义（衣物）破旧的，引申为粗制滥造的、不体面的。
328,术语,The Curse of the Fat-Fingered Trader,“胖手指”交易员之咒,fat finger 指交易员误按键盘导致数量或价格输错的乌龙下单事故。
328,难句,"The most critical papers often remark that problems can arise from HFT, but they are quick to note that such problems have arisen before HFT, and continue to arise due to other factors since the advent of HFT.",批评态度最强的那些论文常会指出高频交易可能引发问题，但它们也随即说明：这类问题在高频交易出现之前就已存在，而且在高频交易问世之后仍因其他因素而不断出现。,remark that / note that 两个宾语从句并列；后一个从句内又有 have arisen 与 continue to arise 两个并列谓语，分别对应高频交易出现之前与之后两个时段。
329,术语,the Founding Principal of T2AM,T2AM 的创始负责人（创始合伙人）,principal 此处为名词，指公司的主要负责人、出资合伙人；注意与 principle（原则）拼写区分。
329,多义,until his departure in 2002,直到他2002年离职,departure 本句义离职、离开（职位）；常见义（航班的）出发。
329,文化,has acted as an Advisor to DARPA,曾担任 DARPA（美国国防高级研究计划局）顾问,DARPA 隶属美国国防部，负责前沿军事技术研发，互联网前身 ARPANET 与 GPS 均出自该机构。
