page,type,raw,translation,note
3,术语,quant trader,量化交易员,quant = quantitative 的缩写；本书主角
3,多义,trading desks,交易台；交易部门,"desk 金融语境=按业务线划分的交易团队，不是""桌子"""
3,多义,capitalize on (his quantitative background),利用（自己的量化背景）,"不是""资本化""；capitalize on = 充分利用"
3,多义,the Street,华尔街,Wall Street 简称；on the Street = 在华尔街工作
3,多义,equity volume,股票成交量,"equity 此处=股票（权益类），不是""公平"""
3,词组,More relevant to his investors,对他的投资人来说更要紧的是,句首状语，引出投资人更关心的点
3,多义,long this stock or short that one,做多这只股票或做空那只,long/short 作动词或形容词=多/空，全书高频
3,多义,universe (of thousands of stocks),（数千只股票的）股票池,"量化术语：模型可交易的标的范围，不是""宇宙"""
3,词组,for the most part,大体上；多数情况下,
3,多义,the health of his strategy,"策略的""健康状况""",指策略是否仍然有效，不是字面的健康
3,词组,on an ongoing basis,持续不断地,on a ... basis = 以…的频率/方式
3,难句,"Despite trading billions of dollars of stock every day, there is no shouting at John's hedge fund, no orders being given over the phone, and no drama in the air.",尽管每天交易数十亿美元的股票，John 的对冲基金里却没有人喊单、没有人打电话下指令、也没有任何紧张戏剧性的气氛。,三个 no 并列排比；drama = 紧张刺激的场面（对比传统交易大厅）
4,难句,The high-frequency efforts Mark and John are working on target a much more ambitious task: looking for smaller opportunities that can make money every day.,Mark 和 John 正在做的高频交易项目瞄准的是一个更有野心的目标：寻找每天都能赚钱的更小的机会。,"易拆错：主语=efforts（后跟省略that的定语从句），target 是动词""瞄准"""
4,多义,loftier,更高远的；更宏大的,"lofty 本义""高耸的""，引申""（目标）远大的"""
4,生词,replicate,复制；复现,
4,多义,accommodate (large investments),容纳（大额资金）,"策略""装不下""大资金（容量有限）；不是""适应"""
4,多义,fleeting,转瞬即逝的,来自 fleet（快速移动）；机会稍纵即逝
4,生词,endeavor,事业；尝试,such an endeavor = 这样一番事业
4,词组,go about their business quietly,低调地做自己的生意,go about sth = 着手/从事
4,生词,top-notch,一流的；顶尖的,notch=刻度；最高刻度=顶级
4,多义,boutique,小型精品公司,"不是""精品店""；金融语境指小而精的机构"
4,多义,a track record that many discretionary managers would envy,一份让许多主观型基金经理都羡慕的业绩,envy 此处动词=羡慕
4,多义,on the opposite end of the spectrum,在光谱的另一端；在另一个极端,spectrum 光谱→（事物的）连续区间，全书高频比喻
4,术语,discretionary,主观决策型的（依赖人的判断，与量化/系统化相对）,"全书最高频对比词：discretionary vs systematic/quant；另一义""自由裁量的"""
4,多义,famed for,以…闻名,= famous for
4,词组,by far,遥遥领先地；无疑,the most famous case by far = 迄今最著名（远超其他）的案例
4,语法,nearly (but for the intervention of Federal Reserve banking officials and a consortium of Wall Street banks) brought the financial world to its knees,若非美联储官员和华尔街银行团出手干预，（LTCM）几乎让整个金融世界崩溃,but for = 若非/要不是（虚拟条件）；括号是插入语，先跳过读主干
4,生词,consortium,财团；银行团,多家机构临时联合体
4,生词,debacle,惨败；崩盘,法语借词；the debacle of August–October 1998 = 98年那场崩盘
4,难句,"The firm, which averaged 30 percent returns after fees for four years, lost nearly 100 percent of its capital in the debacle of August–October 1998 and left many investors both skeptical and afraid of quant traders.",这家公司此前连续四年费后年均回报30%，却在1998年8–10月的崩盘中亏掉了几乎全部资本，让许多投资人从此对量化交易员既怀疑又恐惧。,主干=The firm lost ... and left ...；which 插入语先跳过；leave sb + 形容词=使某人处于某状态
5,语法,"Never mind that it is debatable whether ..., nor that it's questionable whether ...",且不说…本身就有争议，…也同样存疑,Never mind that A nor that B = 世人根本不管A有争议、B也存疑（照样怪罪量化）
5,生词,debatable / questionable,有争议的 / 存疑的,
5,词组,staffed by (PhDs),人员由（博士们）组成,staff 作动词=配备人员
5,词组,guilty by association,连坐；因关联被视为有罪,"不是自己有罪，是被""一类人""连累"
5,多义,posting (a 6 percent loss),录得（6%的亏损）,post a loss/gain = 报出/录得业绩，财经高频
5,多义,was down an estimated 40 percent,下跌了约40%,down 表跌幅；estimated = 估计的
5,生词,rebounded,反弹,
5,词组,for the remainder of the month,在当月余下的时间里,remainder = 剩余部分
5,词组,came to a head,（危机）总爆发；到达顶点,矛盾酝酿已久后爆发；head 原指脓包出头
5,词组,gaps in his logic large enough to drive an 18-wheeler through,他逻辑上的漏洞大得能开进一辆18轮大卡车,夸张修辞=漏洞百出；18-wheeler=美式重型卡车
5,词组,came into the public consciousness,进入公众视野,
5,术语,the Flash Crash,闪电崩盘（2010年5月10日）,美股盘中数分钟暴跌又收回的著名事件
5,词组,various corners of the investment world,投资界的各方人士,corner = 角落→领域里的各方
5,词组,the claims leveled against it,对它提出的种种指控,level charges/claims against sb = 提出指控，固定搭配
5,多义,many other evils,许多其他恶行,evil 作可数名词=罪恶/弊端
5,词组,left the near-total obscurity they enjoyed,告别了他们曾享有的近乎无人知晓的状态,obscurity = 默默无闻；enjoy 此处=拥有（不一定愉快）
5,词组,on a regular basis,经常；定期,
5,词组,leaving aside ...,撇开…不谈,句首状语
5,多义,all of the ills,所有弊病,ill 作名词=弊病、祸害
5,术语,algorithmic execution,算法执行,用软件自动在电子市场执行买卖订单（书中原文定义）
5,多义,worked (any trade ... can be worked),（订单）被拆单执行,work an order = 交易行话：把大单拆小、择机执行
5,术语,discretionary macro trader,主观宏观交易员,凭人为判断做宏观方向交易的人
5,多义,the exclusive domain of,…的专属领地,domain = 领域
5,多义,one footprint of quant strategies,"量化策略的一个""足迹""",footprint = 存在痕迹/影响范围
6,多义,algorithmic trading engines,算法交易系统,engine 引擎→核心软件系统
6,词组,a mere five such quant traders,仅仅五家这样的量化交易机构,mere = 仅仅
6,词组,in aggregate,合计；总共,
6,词组,it is worth noting that,值得注意的是,
6,多义,after all the press surrounding high-frequency trading,尽管高频交易被媒体大量报道之后,"press 此处=媒体报道（不可数），不是""按压"""
6,多义,this figure has grown,这一数字已增长,figure = 数字/数据
6,多义,compounded,以复利计算的；复合增长的,compound 多义：复合/复利/化合物
6,词组,attributable to,可归因于,
6,词组,hold true,同样成立；依然适用,
6,词组,account for (45 percent of the volume),占（成交量的45%）,"account for = 占比；另一义""解释"""
6,生词,pervade,遍布；渗透,quants pervade the marketplace = 量化机构遍布市场
6,术语,CTA (commodity trading advisor),商品交易顾问；实指管理期货基金,用系统化策略交易期货/外汇的机构
6,多义,the most established CTAs,最老牌的CTA,"established = 老牌的、地位稳固的，不是""被建立的"""
6,多义,private investment pools,私募资金池,pool = 资金池
6,多义,"sophisticated, wealthy clients",经验老到的富裕客户,"sophisticated 修饰投资者=成熟/合格的（监管概念），不是""复杂的"""
6,词组,any investment mandate one can dream up,任何你能想出来的投资授权范围,mandate = 授权/委托范围；dream up = 凭空想出
6,多义,one of several arenas,几个领域之一,arena 竞技场→领域
6,术语,proprietary trading desk,自营交易部门,银行用自有资金（非客户资金）交易的部门
6,术语,multistrategy hedge fund,多策略对冲基金,
6,词组,take their share of headlines,免不了常上头条,take one's share of = 承受属于自己的那份
6,生词,markedly (negative),明显地（负面）,mark→marked（显著的）→markedly
7,词组,regardless of their style,无论其风格如何,
7,术语,liquidity,流动性,买卖的容易程度；全书高频
7,词组,went on to reference,接着又引用了,go on to do = 接下来做
7,生词,causal relationship,因果关系,⚠形近词：causal 因果的 ≠ casual 随意的
7,多义,slice their orders into many small pieces,把订单切成许多小单,slice = 切片→拆单
7,术语,inefficiencies,（市场）低效；定价失灵,"来自""有效市场""概念：价格偏离合理值的机会，量化利润的主要来源"
7,术语,efficient markets,有效市场,经济学概念：价格已充分反映信息的市场
7,多义,the weighted basket of the constituents,成分股的加权组合,"constituent = 指数成分股，不是""选民""；basket = 一篮子"
7,术语,arbitrage / riskless profit,套利 / 无风险利润,
7,生词,unassailable,无懈可击的,assail=攻击→un-assail-able 无法攻击的；⚠注意别误读成其他形近词
7,生词,probabilistic,概率性的,
7,难句,"The main inefficiencies quants eliminate (and, thereby, profit from) are not absolute and unassailable, but rather are probabilistic and require risk taking.",量化消除（并因此获利于）的那些主要低效并非绝对、稳赚不赔的，而是概率性的，需要承担风险。,inefficiencies [that] quants eliminate 省略了that；thereby = 由此
7,术语,statistical arbitrage (stat arb),统计套利,基于统计规律（而非无风险套利）赚取价差收敛的策略
7,术语,pairs trade,配对交易,"做多做空一对""相似""股票，赌价差收敛；选相似标的（如埃克森vs雪佛龙），不是赌谁好谁坏"
7,术语,market capitalization,市值,= 股价×总股本
7,词组,for whatever reason,不管出于什么原因,
7,多义,index funds are tracking,指数基金正在跟踪（的指数）,track = 跟踪复制指数
7,术语,outperform,跑赢；表现优于,反义 underperform 跑输
7,词组,in turn,进而；转而,表因果链条的下一环
7,术语,P/E multiple,市盈率倍数,P/E = price-to-earnings 股价/每股盈利
7,多义,which are compelled to buy,（指数基金）不得不买入,compel = 迫使；被动=被迫
7,多义,step in to sell,介入卖出,step in = 出手干预
7,术语,divergence / convergence,背离（价差拉大）/ 收敛（价差回归）,配对交易核心词对，全书反复出现
7,词组,getting out of hand,失控,
7,词组,let us not be naïve,我们可别天真,
7,生词,altruism,利他主义,not out of altruism = 不是出于好心
8,多义,the only players,唯一的参与者/玩家,player = 市场参与机构
8,术语,alpha-oriented trader,以阿尔法（超额收益）为目标的交易者,alpha = 独立于市场涨跌的超额收益，全书核心概念
8,多义,dislocations,价格错位；定价失衡,"本义""脱臼""；金融义=价格暂时偏离合理水平"
8,多义,more neglected stocks,更少人关注的股票,neglected = 被忽视的→冷门的
8,多义,the advantage scientists bring into the game,科学家们给这一行带来的优势,game = 这个行业/这场游戏
8,词组,taken for granted,被想当然；被习以为常,take sth for granted = 认为理所当然而不深究
8,词组,on the part of the developer,就开发者一方而言,on the part of sb = 某人一方的
8,生词,decile,十分位,统计术语：分成10组；bottom decile = 最低的10%
9,词组,by virtue of the fact that,凭借/由于…这一事实,by virtue of = 凭借
9,词组,fill in the blanks,填补空白,电脑不会自己补全你没定义的东西
9,生词,self-evident,不言自明的,
9,词组,divide and conquer,分而治之,算法/管理常用语
9,多义,benefits largely accrue from thoroughness,好处主要源自（做事）彻底,accrue from = 累积产生于
9,多义,generally held to be a key ingredient,被普遍认为是关键要素,"hold 此处=认为（be held to be = 被认为是），不是""拿着"""
9,词组,in an ad hoc manner,以临时随意的方式,ad hoc（拉丁语）= 临时的、就事论事的、无章法的
9,难句,"I have been in countless meetings with discretionary traders who, when I asked them how they decided on the sizes of their positions, responded with variations on the theme of 'Whatever seemed reasonable.'","我参加过无数次与主观交易员的会议，当我问他们如何决定仓位大小时，他们的回答五花八门，但主题都是""看着差不多就行""。",variations on the theme of X = 围绕X主题的各种变体（音乐比喻）；插入语 when I asked... 先跳过
9,生词,damnation,谴责；诅咒,this is by no means a damnation of... = 这绝不是在全盘否定…
9,词组,by no means,绝不是,
9,词组,bigger-picture aspects,更宏观层面的方面,big picture = 大局
9,生词,predisposed toward,天生倾向于,pre-(预先)+disposed(倾向)
9,术语,risk exposure,风险敞口,"exposure 全书高频：暴露在某风险下的程度，""敞口"""
9,词组,on the plus side / on the other hand,好的一面是 / 另一方面,
9,生词,intentionality,有意为之；自觉性,"承担风险是""有意选择的""而非偶然的"
9,生词,well-conceived,构思周密的,conceive = 构想
9,多义,exactly what his edge is,他的优势（赚钱本事）究竟是什么,"edge = 交易术语""优势/胜算来源""，全书高频，不是""边缘"""
9,词组,root out these risks,揪出/根除这些风险,
9,术语,net dollar / beta exposure,净美元敞口 / 贝塔敞口,衡量组合对大盘方向的暴露程度的两种常用口径
9,词组,trivially small,小到微不足道,trivial = 琐碎的
9,词组,balancing long portfolios against short portfolios,用多头组合对冲空头组合,即多空平衡（市场中性）
9,术语,false precision,虚假精确,数字看着精确其实不可靠
9,多义,concerns that can plague attempts to measure risk,困扰风险计量工作的种种问题,plague 名词=瘟疫；动词=困扰
9,术语,blowups,爆仓；崩盘,口语：基金巨亏出事
9,词组,stem from,源于,
10,语法,a country of Russia's importance,一个像俄罗斯这样重要的国家,of + 名词所有格 + 抽象名词 = 具有…程度的
10,术语,defaulted on its debt,债务违约,⚠default 多义：金融=违约；计算机=默认值
10,多义,sending the world's markets into a frenzy,让全球市场陷入疯狂/恐慌,send sb into X = 使陷入某状态；frenzy = 狂乱
10,多义,rendering useless any measurement of risk,使一切风险计量手段全部失效,"render + 宾语 + 形容词 = 使…变得；不是""渲染"""
10,难句,"But for a rescue orchestrated by the U.S. government and agreed on by most of the powerhouse banks on Wall Street, we would have seen a very different path unfold for the capital markets and all aspects of financial life.",若非美国政府牵头组织、华尔街多数巨头银行同意的那场救助，资本市场乃至整个金融生活都会走上一条截然不同的道路。,"but for + would have done = 虚拟语气""要不是…早就…""，本书多次出现的结构"
10,多义,orchestrated,精心策划/协调的,orchestra 管弦乐团→像指挥乐团一样统筹
10,生词,powerhouse (banks),巨头（银行）,powerhouse = 实力强大的机构
10,多义,see a different path unfold,看到一条不同的道路展开,unfold = （事态）展开/上演
10,多义,overwhelm markets,席卷/压垮市场,
10,多义,capture the risks correctly,正确刻画风险,"capture 此处=（模型）捕捉/刻画，不是""俘虏"""
10,生词,knowingly,明知故犯地,they seem to have done so knowingly = 他们似乎是故意的
10,生词,outsized (short-term profits),超额的（短期利润）,outsized = 超出正常规模的
10,多义,mitigated,被缓解,mitigate = 减轻
10,难句,"Just as one cannot justifiably blame weather-forecasting models for the way that New Orleans was impacted by Hurricane Katrina in 2005, it would not make sense to blame quantitative risk models for the failures of those who created and use them.",正如你不能因为2005年新奥尔良遭卡特里娜飓风重创而合理地去怪罪天气预报模型，把量化风险模型的使用者和创造者的失败归咎于模型本身也说不通。,Just as A
10,词组,so long as,只要,= as long as
10,多义,seduced into taking ill-advised actions,被诱使采取不明智的行动,seduce = 引诱；ill-advised = 欠考虑的
10,多义,the discipline inherent to their approach,他们方法中内在的纪律性,"inherent = 内在固有的；discipline 此处=纪律（不是""学科""）"
10,多义,subscribe to the old trading adage,信奉那句古老的交易格言,"subscribe to = 认同/信奉，不是""订阅""！"
10,生词,adage,格言；谚语,
10,词组,Cut losers and ride winners,砍掉亏损头寸，让盈利头寸奔跑,著名交易谚语；loser/winner 指亏钱/赚钱的头寸
10,多义,realize losses / realize gains,兑现亏损 / 兑现盈利,"realize 此处=（卖出）实现盈亏，不是""意识到""！行为金融高频"
10,术语,disposition effect,处置效应,行为偏差：人倾向过早卖出盈利股、死拿亏损股
10,术语,behavioral bias,行为偏差,行为金融核心概念
11,词组,in accordance with it,依照它（格言）行事,
11,难句,"...the systematic trader is able to make this rational decision at a time when there is no pressure, thereby obviating the need to exercise discipline at a time when most people would find it extraordinarily challenging.","系统化交易者能在毫无压力的时候（提前）做出这个理性决定，从而免去了在多数人极难自控的时刻去""临场克制""的必要。",obviate the need to = 使…不再必要；exercise discipline = 施展自制力（exercise多义：行使/锻炼）
11,词组,make it their business,以此为业；把这当作分内事,those who make it their business = 以纪律为生的人（量化）
11,多义,traffic in multiple asset classes,从事多个资产类别的交易,"traffic 作动词=买卖/交易（常带贬义如贩卖，此处中性），不是""交通""！"
11,多义,this niche,这个细分领域,niche = 利基/细分市场
11,词组,would be well served to,不妨；最好,be well served to do = 这样做对自己有好处
11,生词,proclivity to measure risk,衡量风险的癖好/倾向,proclivity = 倾向
11,词组,undergone with great care,（这项活动须）谨慎为之,undergo = 经历/进行
11,生词,exemplifies,是…的典范；集中体现,example 的动词形态
13,多义,conjures up images of,让人联想到…的画面,"conjure 本义""变魔术""；conjure up = 唤起（形象）"
13,文化,Rube Goldberg device,鲁布·戈德堡机械,"美国文化梗：用极其复杂迂回的装置完成一件极简单的事；作者用它讽刺大众对""黑箱""的想象"
13,多义,some simple input is rigorously tortured,"简单的输入被""严刑拷打""一番",torture 拟人幽默：数据被反复折腾
13,生词,roundabout means,迂回的手段,roundabout = 绕弯子的
13,术语,anomalies,（市场）异象；异常规律,量化术语：可利用的统计规律
13,词组,perhaps most revealing,或许最能说明问题的是,revealing = 有启示性的
13,生词,renowned,著名的,
13,术语,endowment fund,（大学）捐赠基金,耶鲁捐赠基金=机构投资标杆
13,多义,Formulas Didn't Add Up,"公式""对不上账""了",add up = 说得通/算得对；双关：数学公式+说不通
14,多义,a sci-fi serial,科幻连续剧,serial 名词=连续剧；⚠形近：cereal 麦片
14,多义,the program was about,这部节目讲的是,"program 此处=电视节目，不是""程序"""
14,生词,connotation of opaqueness,不透明的联想义,connotation = 内涵/引申联想；opaque 不透明→opaqueness
14,词组,persists today,延续至今,persist = 持续存在
14,词组,inner workings,内部运作机制,
14,生词,secretive,神秘兮兮的；讳莫如深的,"与 complex 并列的两大""量化标签"""
14,生词,the caprice inherent to human decision making,人类决策中固有的反复无常,"caprice = 任性/无常；对比：量化反而是""透明盒子"""
14,生词,esoteric-sounding,听起来高深莫测的,esoteric = 只有内行懂的
14,多义,similar instruments,相似的金融工具/标的,"instrument 金融语境=交易标的（股票债券等），不是""乐器/仪器""！全书高频"
14,词组,over the short run,在短期内,= in the short run
14,多义,that would warrant a divergence in prices,足以让价格背离显得合理的（基本面变化）,"warrant 动词=使有正当理由；名词另义""权证"""
14,生词,premise,前提,a clear and straightforward premise = 清晰直白的前提
14,词组,it happens to be,它恰好是,happen to = 碰巧
14,多义,a curious investor,一个爱刨根问底的投资者,curious = 好奇的（此处指想搞明白的LP）
14,生词,coherent framework,自洽的框架,coherent = 逻辑连贯的
14,多义,what constitutes a divergence,什么才算构成一次背离,constitute = 构成
14,多义,can address in great detail,能够详细解答,"address 动词=处理/回答（问题），不是""地址""！"
14,术语,alpha-seeking,追求阿尔法（超额收益）的,书中对 quant 的定义核心
14,词组,exhaustive research,详尽彻底的研究,exhaustive = 穷尽式的；⚠≠exhausting（令人疲惫的）
15,多义,to structure exotic products,设计/构建复杂衍生品,"structure 作动词=做结构化设计；exotic 金融义=奇异/另类的（复杂衍生品），不是""异国风情"""
15,术语,asset-backed securities,资产支持证券（ABS）,把贷款打包成的证券
15,术语,credit default swaps,信用违约互换（CDS）,对赌违约风险的衍生品
15,词组,the system goes live,系统上线,go live = 正式投入运行（IT用语）
15,多义,human discretion,人的自主判断,"discretion 此处=裁量权/判断权；另一义""谨慎""；与 discretionary 同根"
15,多义,should not be understated,不应被轻描淡写,understate = 淡化表述；⚠≠underestimate（低估）
15,多义,separates the best quants from the mediocre,把顶尖量化和平庸之辈区分开来,mediocre = 平庸的（此处作名词用）
15,词组,above all else,最重要的是,
15,多义,the computer faithfully implements exactly what it was told to do,计算机忠实地执行你告诉它的一切,"faithfully = 一字不差地；好坏判断都会被""放大执行"""
15,难句,"As such, good and bad judgments are multiplied over and over through time as the computer faithfully implements exactly what it was told to do.",因此，随着计算机忠实执行人给它的指令，好的和坏的判断都会随时间被一遍遍放大。,as such = 因此；multiply = 成倍放大；第二个as=随着
15,词组,the frontiers of the systematic approach,系统化方法的边界,frontier = 边界/前沿：即什么时候量化会放弃系统改用人判断
15,多义,caused Merrill's price to skyrocket,导致美林股价飙升,skyrocket 动词=火箭般飙升
15,难句,...might have led a naïve quant strategy to draw the conclusion that Merrill had suddenly become drastically overpriced relative to other banks and was therefore an attractive candidate to be sold short.,"（这次并购）可能会让一个""天真的""量化策略得出结论：美林相对其他银行突然被严重高估，因此是个诱人的做空对象。",candidate = 候选对象（不只指候选人）；sold short = 被做空
15,词组,"garbage in, garbage out",垃圾进，垃圾出,计算机名言：输入是垃圾，输出必是垃圾
16,术语,override the system,人工推翻/干预系统,override = 手动覆盖系统决定；量化风控高频词
16,生词,preemptively,先发制人地；预防性地,preempt = 抢先行动
16,多义,pulling names off the list of tradable securities,把一些股票从可交易名单中撤下,"⚠names = 交易行话""个股/标的""！不是名字；全书多次出现"
16,词组,at the first sign of credible rumors,一有可信传闻的苗头就…,at the first sign of = 一出现…的迹象
16,词组,reserve the right to,保留…的权利,
16,词组,in the wake of,紧随…之后；在…之后,"wake 本义""船尾的浪迹""；in the wake of 9/11 = 911之后"
16,生词,unknowable repercussions,无法预知的连锁后果,repercussion = 涟漪般的后果
16,术语,fully discretionary vs fully systematic,全主观 vs 全系统化,本节核心对比：量化的定义标准
16,多义,the selection and sizing of portfolio positions,持仓标的的选择与仓位大小的确定,sizing = 决定仓位大小（size 动词化）
16,术语,standard operating procedure,标准操作流程（SOP）,
16,语法,"If both of the questions of what positions to own and how much of each to own are usually answered systematically, that's a quant.","如果""持有什么头寸""和""每个持有多少""这两个问题通常都由系统回答，那就是量化。",判定标准句：what to own + how much = 双问题检验法
16,生词,quasi-quant,准量化；类量化,quasi- 前缀=准/半/类
16,多义,systems to screen for investment opportunities,用系统筛选投资机会,"screen 动词=筛选，不是""屏幕""！"
16,生词,winnowing a large number of choices down to a smaller list,把大量候选筛减到一个小名单,"winnow 本义""扬谷去糠""→筛选"
16,词组,human discretion kicks in,人的判断开始介入,kick in = 开始起作用（口语高频）
16,多义,leave the sourcing of trades entirely up to humans,把交易机会的发掘完全交给人,sourcing = 寻找/发掘来源；up to sb = 由某人决定
16,词组,allocate among these trades,在这些交易之间分配（资金）,allocate = 配置
16,多义,a subset of the tools in a proper quant's toolbox,正牌量化工具箱里工具的一个子集,proper = 正经的/严格意义上的（英式口语义）；subset = 子集
17,生词,a schematic of a typical quantitative trading system,示意图；结构简图,"名词=示意图；形容词义为""概要的"""
17,生词,This diagram portrays the components of a live trading strategy,描绘；呈现,portrait（肖像）的动词形态
17,多义,"a live, ""production"" trading strategy",实盘运行的（策略）,"IT用语：production=生产环境/正式上线运行，与测试研发环境相对；不是""生产制造"""
17,词组,create the strategy in the first place,当初；一开始（从零做起）,"常置句尾，表""最初/根本上"""
17,术语,an alpha model,阿尔法模型,量化系统核心模块：预测标的未来走势、负责赚钱
17,术语,portfolio construction model,组合构建模型,权衡收益、风险、交易成本三者，决定目标持仓
17,术语,execution model,执行模型,把目标持仓与当前持仓的差额以高效低成本方式成交
17,术语,transaction cost model,交易成本模型,估算从当前组合调整到新组合所需交易的成本
17,词组,too many forecasts he follows could line up in the same direction,（多个信号）方向趋同；排成一线,line up=排队→一致指向同一方向，导致风险集中
17,多义,whatever trades are needed to migrate from the current portfolio,（持仓）迁移；调仓,本义鸟类迁徙；此处指从旧组合换到新组合
17,难句,"The transaction cost model, which is shown in the box to the right of the risk model in Exhibit 2.1, is used to help determine the cost of whatever trades are needed to migrate from the current portfolio to whatever new portfolio is desirable to the portfolio construction model.",交易成本模型（图2.1中位于风险模型右侧的方框）用于估算这样一批交易的成本：即从当前组合迁移到组合构建模型认为理想的任何新组合所需的交易。,which插入语先跳过；两个whatever引导名词性从句=任何…的；desirable to sb=在某方看来可取的
18,术语,balances the trade-offs presented by the pursuit of profits,权衡；取舍,一方多则另一方少的两难选择；组合优化核心词
18,多义,the new target portfolio weights,（组合中各标的的）权重,"仓位占比，不是""重量"""
18,术语,Buy to Cover 5%,买入平空仓,先前做空后买回还券的平仓操作；对应 sell short=卖空开仓
18,术语,German 10-Year Bunds,德国联邦政府国债,"Bund（德语""联邦""）=德国国债，欧洲利率基准"
18,生词,create more recursive connections among the pieces,递归的；相互回馈的,计算机术语：输出再反馈回输入
18,多义,the various discrete functions within a quant trading system,各自独立的；分立的,⚠形近词：discrete 分立的 ≠ discreet 谨慎的
18,多义,the dynamics of the liquidity in the markets,（流动性的）动态变化规律,"dynamics=动态/演变机制，不只是""动力学"""
18,生词,whatever risk requirements and constraints,约束条件,优化术语：模型必须满足的限制
18,语法,"Having made this determination, the system can compare the current portfolio to the new target portfolio",做出这一决定之后，系统就可以将当前组合与新目标组合进行比较,"Having done=完成式分词作状语，表""在…之后""，逻辑主语=主句主语"
18,难句,"The alpha, risk, and transaction cost models then feed into a portfolio construction model, which balances the trade-offs presented by the pursuit of profits, the limiting of risk, and the costs associated with trading, thereby determining the best portfolio to hold.",阿尔法、风险、交易成本三个模型随后汇入组合构建模型，由它在追逐利润、限制风险与交易成本三者之间做权衡，从而确定最优持仓组合。,feed into=输入/汇入；the pursuit of / the limiting of=动作名词化三项并列；thereby doing=由此…
19,生词,Black boxes are inert and useless without data,无生命的；不会动的,"化学""惰性""→引申""死物一件"""
19,词组,data are the lifeblood of quants,命脉,life+blood：赖以生存之物
19,生词,the quant can ascertain whether and how a quant strategy works,查明；确定,"as+certain：弄""确定""；正式用语"
19,生词,"rather than using anecdotal, experiential evidence",传闻性的；轶事性的,anecdote（轶事）→道听途说、非系统的证据；experiential=凭个人经验的
19,词组,Once quants have arrived at a satisfactory strategy,得出；敲定（结论、策略）,arrive at a conclusion/strategy=经过研究过程后达成
19,难句,"They tend to start with ideas that any reasonable observer of the markets might also have, but rather than using anecdotal, experiential evidence—or worse, simply assuming that their ideas are true—quants use market data to feed a research process to determine whether their ideas in fact hold true over time.",他们起步时的想法往往任何理智的市场观察者都可能有，但量化交易者不是靠道听途说的经验证据——或者更糟、干脆假定想法为真——而是用市场数据驱动一套研究流程，检验这些想法是否真的长期成立。,rather than doing ... quants use ...=不是…而是…；两个破折号之间为插入语，先跳过读主干
20,词组,These systems take the emotion out of investing,把情绪因素从（投资中）剔除,take X out of Y=从Y中去掉X
20,多义,impose a disciplined implementation of the idea,强制推行；强加,"此处=铁面执行；不只是""施加（惩罚）"""
20,词组,"Humans also tend to control a ""panic button""",紧急干预按钮,市场异常时人工暂停系统的机制；hit the panic button 另指惊慌失措
20,多义,behaving in some way that is outside the scope of their models' capabilities,（能力、讨论的）范围,outside the scope of=超出…范围
20,多义,we contend that there are many other parts that deserve to be understood,主张；认为,此处=坚持提出论点；另一常见义 contend with=对付、抗争
20,术语,determine the correct turnover rate for a strategy,换手率,一段时间内组合买卖更替的频率
20,词组,we have begun to shed light on the black box,阐明；揭示,往暗处投光→使真相显现
20,词组,"From afar, we have begun to shed light on the black box",从远处；隔着距离,"afar=远方（文语）；呼应""至此只是远观"""
20,生词,we will dissect each of these modules,解剖；逐一剖析,dis+sect（切）：像解剖一样拆开分析
20,词组,making our way methodically through the inside of the black box,逐步深入；穿行,methodically=有条不紊地
23,文化,"Prediction is very difficult, especially about the future.",预测非常难，尤其是预测未来。,章首题词：物理学家玻尔（Niels Bohr）的著名幽默名言
23,多义,Having surveyed it from the outside,纵览；考察,"此处动词=从外部整体观察，不是""问卷调查"""
23,词组,"Alpha, the spelled-out version of the Greek letter α",完整拼写出（的形式）,"spell out=逐字母写全→引申""详细说明、讲清楚"""
23,术语,her respective benchmark is up 10 percent,业绩基准（指数）,衡量超额收益的参照指数；respective=各自对应的
23,词组,a quick back-of-the-envelope analysis,粗略估算,在信封背面随手演算→不求精确的快速计算
23,生词,The flaw with this approach to computing alpha,缺陷；漏洞,flawed=有缺陷的；⚠形近：flaw 缺陷 ≠ flow 流动
23,多义,making skill the dominant driver of the difference between her returns and the benchmark's,主要驱动因素,"财经高频：业绩/差异的推动因素，不是""司机"""
23,多义,the return she delivers independently of the moves in the broader market,交出（业绩）；实现,"deliver returns=拿出成绩，不是""递送"""
23,难句,"By conventional definition, alpha is the portion of the investor's return not due to the market benchmark, or, in other words, the value added (or lost) solely because of the manager.",按传统定义，阿尔法是投资者收益中不归因于市场基准的那部分，换言之，是纯粹因基金经理个人而增加（或损失）的价值。,"not due to 后置修饰 return；or, in other words 为插入语引出同义改述；value added=增加值（过去分词后置）"
24,词组,"if a stock is always cheap, it is almost certainly not worth owning in perpetuity",永久地；无限期地,in perpetuity=永远；同段 perpetually shorting=永远做空
24,术语,its valuation never improves for the investor,估值,undervalued/overvalued/fairly valued=低估/高估/估值合理
24,术语,TYPES OF ALPHA MODELS: THEORY-DRIVEN AND DATA-DRIVEN,理论驱动与数据驱动,量化两大流派：理论驱动先有经济学假说再用数据检验；数据驱动直接从数据中挖可重复的模式
24,词组,after allowing for being wrong at least sometimes and for the cost of trading,把…考虑在内；为…留出余地,"不是""允许""；=预先计入（出错率、成本）"
24,词组,we directly run the risk of losing money when the environment for that strategy is adverse,冒着…的风险,run a risk=承担风险（固定搭配）
24,生词,when the environment for that strategy is adverse,不利的,⚠形近：adverse 不利的 ≠ averse (to) 不情愿的
24,词组,Warren Buffett has beaten the market over the long term,跑赢大盘,beat=战胜；反义 lag the market=跑输
24,多义,this differential is a measure of his alpha,差值；差额,"名词=两者之差（收益差），不只是数学""微分"""
24,词组,His strategy was out of favor,失宠；不受市场青睐,in favor=顺风顺水；favor 此处=（市场环境的）眷顾
24,文化,as he did during the dot-com bubble of the late 1990s,互联网泡沫（1990年代末）,"dot-com=以"".com""为名的互联网公司；2000年泡沫破裂，价值投资一度失灵"
24,难句,"All successful alpha models are designed to have some edge, which allows them to anticipate the future with enough accuracy that, after allowing for being wrong at least sometimes and for the cost of trading, they can still make money.",所有成功的阿尔法模型都被设计成具备某种优势，使其能以足够的准确度预判未来——即便扣除偶尔出错和交易成本之后，仍然能赚钱。,enough accuracy that ...=足以…的准确度（that 引导结果）；after allowing for... 为插入状语，先跳过
25,术语,The two major branches of science are theoretical and empirical,实证的；经验的,"理论科学先假设""为什么""再验证；实证科学只从大量观察中找规律；empiricist=实证派"
25,生词,hypothesizing why it is the way it is,提出假说,hypothesis（假说）的动词
25,生词,"viable, controllable, long-distance airplanes",可行的；能运作的,⚠形近：viable 可行 ≠ visible 可见
25,多义,no hypothesis to rationalize the behavior in an intuitive way,给出合理解释,"此处=用道理解释通；另一义""找借口自我开脱"""
25,生词,The distinction is germane to quantitative trading,与…密切相关的；切题的,germane to（正式用语）
25,语法,is germane to quantitative trading in that there are also two kinds of quant traders,因为；就在于,in that + 从句=原因/依据（正式书面语）
25,多义,mapping human traits to the sequences of chemical base pairs,把A映射/对应到B,"map A to B=建立对应关系，不是""地图"""
25,文化,would seem sensible when explained to friends at cocktail parties,鸡尾酒会,"美式社交场合代称""随口闲聊""：指理论直白到外行一听就懂"
25,生词,sometimes derisively labeled data miners,嘲讽地,derision=嘲笑；label sb X=给某人贴标签
25,术语,Empirical scientists are sometimes derisively labeled data miners,数据挖掘（者）,量化语境常含贬义：只挖统计规律、说不出经济学道理的人
25,难句,"Empirical scientists believe that enough observations of the world can allow them to predict future patterns of behavior, even if there is no hypothesis to rationalize the behavior in an intuitive way.",实证科学家相信，只要对世界的观察足够多，就能预测未来的行为模式——即使没有任何假说能直观地解释这种行为。,主干=believe that enough observations can allow...；even if=即使（让步）
26,术语,they risk finding relationships or patterns in the data that are entirely spurious,虚假的；伪（相关）,统计核心词：看似相关实为巧合；spurious correlation=伪相关
26,生词,whether their human minds can synthesize a story to explain the data,综合归纳出,syn（合）+thesis：把零散信息合成整体解释
26,词组,Most quants you will come across are theory driven,（偶然）遇到；碰到,"come across sb=遇见；另一义""给人以…印象"""
26,生词,some economically feasible explanation of why the markets behave in a certain way,可行的；说得通的,economically feasible=经济学上站得住脚的；近义 viable
26,生词,"But this turns out, almost always, to be a delusion",错觉；妄想,自以为理论独一无二，多半是错觉；⚠ delusion（执迷的妄想）≠ illusion（感官幻觉）
26,词组,in defiance of both the presumed need for secrecy and the claims that ...,公然违抗；与…相悖,defy→defiance：不顾、顶着…
26,术语,"trend, reversion, technical sentiment, value/yield, growth, and quality",趋势、回归、技术情绪、价值/收益率、成长、质量,理论驱动阿尔法的六大类现象：前三类基于价格数据，后三类基于基本面数据
26,术语,"The first two categories of strategies, trend and mean reversion, are based on price-related data",均值回归,价格围绕中枢波动、偏离后回归的现象；与趋势跟随相对
26,词组,utilize more than one type of alpha model in conjunction,结合使用；联用,in conjunction (with)=与…配合
26,词组,we will first break them down individually,拆解；逐项分析,break down 多义：分解/故障/情绪崩溃，此处=拆开逐个讲
26,多义,information that generally comes from an exchange (such as trading volume),交易所,"不是""交换""；stock exchange=证券交易所"
26,难句,In fact—and in defiance of both the presumed need for secrecy and the claims that what quants do cannot be understood by those without doctorate degrees—most of what theory-driven quants do can be relatively easily fit into one of six classes of phenomena.,事实上——尽管量化界自以为需要保密、外界又声称没有博士学位就看不懂量化——理论驱动型量化所做的事，绝大多数都能相当容易地归入六类现象之一。,破折号插入语（in defiance of A and B）先跳过；presumed=想当然的；fit into=归入
27,生词,A Taxonomy of Theory-Driven Alpha Models,分类体系；分类学,taxis（排列）+nomy（法则）：系统化分类框架
27,多义,likely to be exploiting one of two kinds of phenomena,利用（获利）,"中性义""开发利用""；另一义""剥削"""
27,术语,We call the first idea trend following or momentum,动量（策略）,"物理""动量""→价格惯性：延续原方向运动的现象/策略"
27,生词,The economic rationale for the existence of trends,根本理由；理论依据,⚠形近：rationale（名词，理据）≠ rational（形容词，理性的）
27,生词,the idea of consensus building among market participants,共识,consensus building=共识逐步形成的过程
27,多义,The labor picture looks fine,形势；状况,"the labor picture=就业形势，不是""图片"""
27,词组,inflation is running rampant,失控蔓延；肆虐,rampant=猖獗的；run+形容词=变得/处于某状态
27,多义,trade deficits are blooming,膨胀；迅速扩大,"本义""开花""；此处反讽：赤字""越开越盛"""
27,词组,a regular state of affairs for economies and markets,事态；局面,a regular state of affairs=常态
27,多义,let's further imagine that the bears have it right,空头（看跌者）,bear=空头、bull=多头；have it right=判断对了
27,多义,as a growing mass of market participants adopts the same thesis,观点；投资判断,"此处=投资论点（investment thesis），不是""毕业论文"""
27,术语,the price of U.S. bonds may take a considerable amount of time to move to its new equilibrium,均衡（价位）,经济学概念：供需平衡对应的价格水平
27,难句,"As more and more data come out to support their thesis and as a growing mass of market participants adopts the same thesis, the price of U.S. bonds may take a considerable amount of time to move to its new equilibrium, and this slow migration from one equilibrium to the next is the core opportunity that the trend follower looks to capture.",随着越来越多的数据支持他们的判断、越来越多的市场参与者接受同一观点，美国国债价格可能要花相当长时间才能移动到新的均衡位，而这种从一个均衡到下一个均衡的缓慢迁移，正是趋势跟随者想要捕捉的核心机会。,两个 as 并列=随着…；a growing mass of=越来越多的；and this slow migration... 承接前文作总结
28,多义,It bears mentioning that there is an alternate explanation,值得一提,"bear 此处动词=值得、经得起（bear repeating/scrutiny）；与""空头/熊""义无关"
28,文化,it is affectionately known as the greater fools theory,博傻理论,"只要有""更大的傻瓜""接盘就能赚钱；the last fool=最后接棒者；affectionately=戏称"
28,术语,a great risk of trend-following strategies is whipsawing action in markets,锯齿行情；双向打脸,whipsaw 本义双人拉锯；价格快速上下反复，让追势者两头挨打
28,术语,the most common terms used to describe this act of definition are filtering and conditioning,过滤与条件化,"定义""何为显著行情""的两类技术：筛掉噪音、附加触发条件"
28,术语,a moving average crossover indicator,均线交叉指标,短期均线上穿/下穿长期均线作为趋势信号（如60日 vs 200日）
28,词组,"the oldest of all quant trading strategies, as far as I can tell",据我所知；据我判断,tell 此处=判断、看出
28,文化,utilizing punch cards on an IBM mainframe in 1970,打孔卡片,1970年前后计算机的输入介质；mainframe=大型机；体现量化交易历史之早
28,难句,"If, in other words, you buy the S&P because it was up over the past three months (and, symmetrically, sell short the S&P every time it was down over the three months prior), you need the trend to keep going in the same direction after the three-month observation period.",换句话说，如果你因为标普指数过去三个月上涨而买入（并且对称地，每当它前三个月下跌就做空），你就需要趋势在三个月观察期之后继续朝同一方向走。,"in other words 插入语；括号内为对称的做空情形；after 强调""观察期之后""才决定盈亏"
29,生词,an early practitioner of trend following,从业者；实践者,practice→practitioner；医生、律师也称 practitioner
29,多义,decided a change of career was in order,是应当的；正合时宜,"be in order=恰当、该来一次；不是""按顺序"""
29,术语,game theory could be used to trade the futures markets,博弈论,研究参与者策略互动的数学分支；game=博弈
29,词组,Mint annualized north of 30 percent per year,超过；多于,方位比喻：north of 30%=30%往上；south of=低于
29,术语,"north of 30 percent per year, net of fees",扣除费用后（的净口径）,net of X=已扣除X；对应 gross=费前毛口径
29,术语,he annualized some 60 percent returns,年化,把一段期间的收益折算成年率；some=大约
29,生词,over the 13 years it existed under Hite's stewardship,掌管；治理,steward（管家）→stewardship 执掌期间
29,词组,in no small part by being on the right side of the crash,在很大程度上,双重否定=very much；正式表达
29,词组,being on the right side of the crash that October,站对了方向；押对了边,"崩盘时持有空头=站在崩盘""正确""一侧"
29,语法,"Lest it seem like this is an overly rosy picture of trend following, it should be stated clearly: these strategies come with a great deal of risk",以免；唯恐,lest 从句用 (should+) 动词原形（虚拟），故用 seem 而非 seems
29,生词,an overly rosy picture of trend following,过于乐观的,玫瑰色→前景美好；paint a rosy picture=报喜不报忧
29,术语,for every point of downside risk delivered,下行风险,只计亏损方向的波动；对应 upside=上行空间
30,生词,the returns of this strategy are streaky and highly variable,时好时坏的；一阵一阵的,streak=连胜/连败期；winning streak=连胜
30,生词,not ever-present but rather are unstable and episodic,间歇性的；阵发的,episode（插曲）→机会一阵一阵出现；ever-present=始终存在的
30,多义,Berlekamp sold his interest to Jim Simons for a sixfold profit,股份；权益,"interest 此处=所有权份额；controlling interest=控股权；不是""兴趣/利息"""
30,术语,5 percent management fees and 20 percent incentive fees,业绩提成费,又称 performance fee；management fee=按规模收取的管理费
30,语法,for a sixfold profit,六倍的,-fold 倍数后缀：twofold、tenfold；a sixfold profit=赚了六倍
30,词组,despite eye-popping 5 percent management fees and 44 percent incentive fees,令人瞠目的,眼珠都要瞪出来；近义 jaw-dropping
30,词组,traders of all stripes go about their business,形形色色的；各种类型的,stripe 条纹→类别；of all stripes=无论哪一派
30,文化,the infamous Dutch tulip mania in the seventeenth century,郁金香狂热,17世纪荷兰郁金香球茎投机泡沫，史上最著名的早期泡沫；mania=狂热
30,生词,the infamous Dutch tulip mania,臭名昭著的,"⚠不是""不出名""；in- 此处表""声名狼藉""而非否定""著名"""
30,多义,buy what's been hot and sell what's been cold,强势的（近期大涨的）,"hot/cold=行情火热/遇冷；即""追涨杀跌"""
31,多义,the opposite direction to that which had been the prevailing trend,当前盛行的；占主导的,prevail=盛行/占上风；prevailing trend=现行趋势
31,词组,there exists a center of gravity around which prices fluctuate,重心；中枢,均值回归的核心比喻：价格围绕波动的均衡中枢
31,生词,a center of gravity around which prices fluctuate,波动,名词 fluctuation=波动
31,术语,an instrument being over-bought or over-sold,超买/超卖,短期买（卖）盘过度、价格偏离均衡，随后易反转
31,生词,once the excess demand from index buyers has subsided,消退；平息,本义（洪水）退去；引申为需求/情绪回落
31,术语,the price can overshoot due to excess supply or demand,（价格）过冲；超调,冲过均衡位再折返；动词/名词同形
31,多义,because they are bucking current trends,逆势对抗,buck 本义（马）尥蹶子→顶着干；buck the trend=逆势而行
31,术语,mean reversion traders are indeed betting against momentum and bear the risk of adverse selection,逆向选择,"信息劣势方总接到""坏单""：逆势接盘者容易恰好接在真趋势上"
31,词组,trend and mean reversion strategies are not necessarily at odds with each other,与…相抵触；相互矛盾,"at odds with=不一致、冲突；odds 另一义""赔率/几率"""
31,生词,smaller oscillations around these trends occur in the shorter term,振荡；摆动,动词 oscillate：像钟摆一样来回摆
31,术语,they are typically known as contrarians,逆向投资者,contrary→contrarian：专与市场主流反着做的人
31,多义,would prove to have lasting impact on the world of finance,后来证明是；最终成为,prove to be/do=事后被证明；would+原形=从过去时点展望后来（果然）
31,难句,"Another rationale to explain the existence of mean-reverting behavior is that market participants are not all aware of each other's views and actions, and as they each place orders that drive a price toward its new equilibrium level, the price can overshoot due to excess supply or demand at any given time.",解释均值回归行为存在的另一个理由是：市场参与者并不都了解彼此的观点和行动，当他们各自下单把价格推向新的均衡位时，任一时刻的超额供给或需求都可能使价格冲过头。,主干=Another rationale is that...；as=当/随着；drive a price toward=把价格推向
32,词组,Stat arb ushered in an important change in worldview,开启；引领进入（新阶段）,usher 本义领位员→引入新时代
32,词组,whether Company A was simply cheap or expensive in itself,就其本身而言,与 relative to（相对于）对照：绝对贵贱 vs 相对贵贱
32,术语,the spread between these two companies oscillates rather consistently in a reasonably narrow range,价差；利差,"两个相关标的价格（表现）之差，配对交易盯住的对象；不是""传播/涂抹"""
32,术语,Trends tend to occur over longer time horizons,时间尺度；期限,horizon 地平线→（考察/持仓的）时间跨度；近义 timeframe
32,多义,Daily Spread versus Trailing Five-Day Spread,滚动回溯的（过去N日）,trailing five-day=截至当日往前数5日的滚动窗口；trail=尾随
32,难句,"Stat arb ushered in an important change in worldview, one that focused on whether Company A was over- or undervalued relative to Company B rather than whether Company A was simply cheap or expensive in itself.",统计套利带来了一次重要的世界观转变：关注的不再是A公司本身是便宜还是贵，而是A公司相对B公司是被高估还是低估。,one that...=change 的同位语（一次…的转变）；A rather than B=是A而非B；over- or undervalued=共用词尾的省略写法
33,术语,work well in different regimes,市场状态；市场机制,量化术语：市场所处的环境类型（如趋势市 vs 震荡市）
33,术语,a trend strategy / trend-following,趋势跟踪（策略）,顺着既有价格趋势方向下注的策略，CTA 主流打法
33,术语,200-Day Moving Average,移动平均线（均线）,过去N天价格的平均值，技术分析基础工具
33,生词,mean-reverting behavior was more prevalent,更盛行的；更普遍的,
33,多义,exhibits better performance,展现出（更好的业绩）,动词=表现出；⚠本书 Exhibit 作名词=图表（如 Exhibit 3.4）
34,术语,investor sentiment,投资者情绪,市场参与者的乐观/悲观程度，可由价量、期权等数据度量
34,词组,before delving into these strategies,深入研究；钻研,
34,多义,has support to move higher,（价格获得）支撑,"技术分析义：支撑位/买盘托底，不是泛义的""支持"""
34,术语,used as a conditioning variable,条件变量,"不直接发信号、只决定""何时启用""其他信号的辅助变量"
34,术语,the volume of puts and calls,看跌期权与看涨期权,put=看跌期权；call=看涨期权
34,术语,a bullish sentiment indicator,看涨的,bull 牛→看多；反义 bearish 看跌
34,术语,the implied volatilities of puts versus calls,隐含波动率,由期权市场价格反推出的波动率预期
34,术语,equally far out of the money,虚值（期权）,行权无利可图的状态；at the money=平值；in the money=实值
34,术语,determine sentiment on the underlying,标的资产,期权等衍生品对应的基础资产；此处作名词用
34,多义,"implied volatility or a proxy (e.g., credit default swaps)",替代指标；代理变量,"不是""代理人""；用可观测量近似代表不可观测量"
34,术语,"trading volume, open interest, or other related type of inputs",未平仓合约量,期货/期权市场尚未平仓的合约总数
34,术语,the shape of the limit order book,限价订单簿,交易所挂着的全部限价买卖单集合，高频交易核心信息源
34,难句,"This is partially in recognition of the habit of stocks to move down quickly and up slowly, which would indicate that downside volatility is higher than upside volatility, which in turn causes the seller of a put option to demand a higher price (and therefore implied volatility) than would be demanded by the seller of a call option that is equally far out of the money.","这部分是因为股票有""跌得快、涨得慢""的习性，这意味着下行波动率高于上行波动率，这又使得看跌期权卖方要求的价格（从而隐含波动率）高于同等虚值程度的看涨期权卖方所要求的。",两个 which 定语从句层层递进；than would be demanded 为省略主语的比较从句；in recognition of = 出于对…的认识
35,术语,the size of bids or offers away from the mid-market,买盘报价与卖盘报价,bid=买价；offer(ask)=卖价；mid-market=买卖中间价
35,多义,the turnover (trading versus float),换手率,"成交量÷流通盘；另一常见义""营业额、人员流失率"""
35,多义,trading versus float,流通股本,"可自由交易的股份总量，不是""漂浮"""
35,词组,remains up for debate,仍无定论；仍有争议,
35,词组,as I mentioned at the outset of this section,在开头；一开始,
35,生词,part of the discretionary trader's repertoire,全套本领,原指演员的全部保留曲目→某人掌握的整套技能
35,词组,much is owed to Eugene Fama and Kenneth French,很大程度上归功于,owe A to B = A归功于B
35,术语,Fama-French,法马-弗伦奇（因子研究）,1990年代提出用账面市值比、市值等因子解释股票收益差异，量化基本面策略的学术源头
35,生词,coalesced more than a decade of prior work,融合；汇集成整体,
35,术语,the book-to-price ratio,账面市值比（B/P）,每股净资产/股价，即市净率的倒数；价值因子核心指标
35,生词,a better determinant of future returns,决定因素,⚠形近：determined（下定决心的）
35,术语,many metrics that people use to describe value,（量化）指标,metric = 度量指标，量化高频词
35,多义,Quants tend to invert such ratios,把（比率）倒过来；取倒数,keeping prices in the denominator = 让价格留在分母
35,难句,"It is somewhat ironic that an entire domain of quantitative alpha trading owes so much to Eugene Fama, because Fama's most famous work advanced the idea that markets are efficient.",颇具讽刺意味的是，量化阿尔法交易这一整个领域竟如此归功于尤金·法马——因为法马最著名的成果恰恰是论证市场是有效的。,矛盾点：有效市场=没有超额收益可赚，其研究却催生了赚超额收益的行业；advance an idea = 提出/推进观点
36,术语,also known as earnings yield,盈利收益率（E/P）,市盈率的倒数：每股盈利÷股价，便于跨标的一致比较
36,术语,the dividend yield,股息率,每股股息÷股价
36,多义,the E/P ratio is well behaved,（统计量）性质良好；表现规矩,统计用法：数值连续、无奇异点；反义 misbehavior=指标失常（如P/E在盈利为负或零时失真）
36,多义,the P/E ratio is simply undefined,无定义,"数学义：除以0没有意义；不是""未下定义""的泛义"
36,生词,ratios with price in the numerator and some fundamental figure in the denominator,分子,denominator = 分母；数学高频词对
36,生词,a hypothetical stock,假设的；虚构的,
36,难句,"Having a −20 P/E seems worse than having a −10 P/E, but it's clearly better to only have $1 of negative earnings than $2. Thus, using a P/E ratio is misleading in the case of negative earnings.",市盈率−20看起来比−10更糟，但每股亏1美元显然好于亏2美元，因此在盈利为负时用市盈率是有误导性的。,"论证P/E在负盈利区间""排序颠倒""：亏得少的公司P/E反而更负；misleading = 有误导性的"
37,词组,does not lend itself well to analysis,适合用于；便于,lend itself to sth = （事物）天然适合某种用途
37,生词,These quantities predated the use of computers to trade,早于…存在,pre-+date；⚠形近：predator（捕食者）
37,生词,arbitrary definitions and distributions,任意的；随意规定的,
37,词组,this strikes me as being too shallow a definition,给某人以…的印象；在某人看来,注意语序：too + 形容词 + a + 名词
37,多义,too shallow a definition,肤浅的,"本义""（水）浅的""→引申""浅薄的"""
37,多义,it can pay off to own the more risky asset,划算；有回报,"不是""还清债务""；pay off 多义：奏效/还清/收买"
37,词组,the risk of standing in the way of momentum,挡在…的路上；逆…而行,"价值投资者=站在动量对立面""接飞刀""的人"
37,多义,a paper which echoes the idea,呼应；印证,"本义""回声""→动词=与…观点相呼应"
37,生词,Yields and Yield-Surrogates,替代物；代用品,surrogate mother = 代孕母亲；此处=收益率的替代指标
37,术语,this strategy is also known as a carry trade,套息交易,做多高收益资产、做空低收益资产；两边收益率之差=carry（息差收益/正利差）
37,术语,value trading offers investors a margin of safety,安全边际,价值投资核心概念：买价低于内在价值留出的缓冲垫
37,文化,"Graham and Dodd, in their landmark book Security Analysis",格雷厄姆与多德，《证券分析》,1934年价值投资开山之作；格雷厄姆是巴菲特之师
37,多义,their landmark book,里程碑式的,"本义""地标""→划时代的"
37,多义,"use the proceeds to buy $1,000,000 of higher-yielding Mexican bonds",（出售所得）款项,"名词复数=收入款项，不是动词""继续""！"
37,难句,The argument for this theory is that sometimes instruments have a higher yield than is justified by their fundamentals simply because the market is requiring a high yield for that kind of instrument at the moment.,该理论的依据是：有时一种资产的收益率之所以高于其基本面所能支撑的水平，仅仅是因为市场此刻就是要求这类资产提供高收益率。,than is justified by... 省略主语的比较从句；simply because = 仅仅因为
38,生词,until the firm imploded in 1998,（公司）崩溃；内爆式垮台,im-（向内）+ 爆炸；对比 explode 向外爆
38,术语,the Fed Funds rate,联邦基金利率,美联储调控的银行间隔夜拆借利率，美国基准利率
38,语法,"As riskiness increases, so too do yields to compensate lenders.",随着风险上升，收益率也随之上升，以补偿放贷人。,"so + 助动词 + 主语 = 倒装""…也一样""；so too do yields = 收益率也如此"
38,生词,the juxtaposition of yields on government bonds and corporate bonds,并列对比,把几样东西摆在一起对照
38,术语,"earnings before interest, taxes, depreciation, and amortization (EBITDA)",息税折旧摊销前利润,"衡量""便宜程度""常用的盈利口径"
38,术语,EBITDA versus enterprise value (EV),企业价值（EV）,市值+净负债，衡量整体收购成本的口径
38,术语,book value to price,账面价值,公司净资产的会计价值；book yield / book-to-price = 账面市值比
38,术语,quant long/short (QLS),量化多空（策略）,按因子给股票打分排序，买高分股、做空低分股的相对价值策略
39,生词,The presumption is that...,假定；预设,presume→presumption；近义 assumption
39,术语,Roll yield is the spread between the futures price and the spot,展期收益,期货移仓换月时因近远月价差产生的收益
39,术语,In backwardated markets,现货升水（贴水市场）,现货价高于期货价的市场结构，期货多头享有正展期收益
39,术语,"In contango markets, spot prices are lower than futures",期货升水（升水市场）,期货价高于现货价，展期收益为负
39,术语,a futures contract with some expiry date,到期日,= expiration；shorter-dated expiry = 更近的到期日
39,多义,spot prices are higher than futures contracts,现货；即期,"金融义""现货/即期价格""，不是""地点、斑点"""
39,词组,"all else being equal, it is better to buy assets that...",在其他条件都相同的情况下,= all else equal；论证高频套话
39,术语,the price/earnings-to-growth (PEG) ratio,市盈率相对盈利增长比率（PEG）,PE÷盈利增速，把成长预期和估值放在一起衡量
39,术语,a forward-looking concept of value,前瞻性的,基于对未来的预期而非历史数据；反义 backward-looking
39,生词,assets with stagnant or negative growth,停滞的,stagnate（停滞）的形容词；本义指死水不流动
39,多义,the market has already priced the asset to account for that growth,（市场）已把…计入价格；已消化,priced in = 预期已反映在当前价格中，财经高频
39,难句,"If you expect an asset to grow rapidly but the market has already priced the asset to account for that growth, there is no growth trade to be made.","如果你预期某资产将快速增长，但市场已把这一增长计入价格，那就没有""成长交易""可做了。",there is no X to be made = 没有…的空间；trade 作可数名词=一笔交易机会
40,词组,are predicated on the idea that...,以…为前提；基于,be predicated on = 建立在…之上
40,生词,the future stature of a company,地位；声望,"本义""身高""→引申""江湖地位""；⚠形近：statue 雕像、statute 法规"
40,术语,analysts' earnings estimate revisions,（分析师）盈利预测修正,卖方分析师上调/下调盈利预测，本身可作交易信号
40,术语,Sell-side analysts working at various brokerage houses,券商；经纪商,= brokerage firm
40,词组,get an early glimpse of a company's growth,提前瞥见；先人一步窥见,get/catch a glimpse of = 瞥一眼
40,词组,their being treated as close cousins,近亲；性质相近之物,比喻两类策略血缘相近
40,术语,extrapolations of recent historical growth,外推,统计术语：把历史趋势简单延伸到未来；⚠对比 interpolation 内插
40,术语,frequently termed flight-to-quality environments,避险转向优质资产（的行情）,市场恐慌时资金涌向高质量资产；flight = 出逃；termed = 被称作（term 动词=称呼）
40,词组,"Not coincidentally, these are frequently termed...",并非巧合的是,coincidence（巧合）的副词形式
40,多义,quality models deployed in more strategies,部署；投入使用,"军事义""部署兵力""→把模型/资金投入使用"
41,术语,the debt-to-equity ratios of stocks,负债权益比（D/E）,总负债÷股东权益，衡量杠杆水平
41,多义,a company that makes exactly one kind of widget,（泛指的）某种小产品,"经济学论述惯用的虚指商品，代指""随便什么产品""；不是软件""小组件"""
41,生词,several key management missteps,失策；错误举措,mis- + step：走错的一步
41,生词,"from the largest market capitalization company to a ""barren wasteland""",荒芜之地,barren = 贫瘠的；形容微软从巅峰沦为一潭死水
41,文化,A great article in Vanity Fair,《名利场》（美国文化评论杂志）,"杂志名典出班扬《天路历程》中的""名利集市"""
41,术语,changes in discretionary accruals,操控性应计项目,财报中管理层可自由裁量的应计科目；增幅越大越可能有粉饰嫌疑
41,术语,an earnings quality signal,盈利质量,衡量报表盈利与真实经济盈利（如自由现金流）的接近程度
41,术语,"as measured by, say, the free cash flow",自由现金流,经营现金流减去必要资本开支后可自由支配的现金
41,词组,Such strategies especially gained prominence,声名鹊起；受到瞩目,prominence = 显要地位
41,术语,the quality of the issuer of an instrument,发行人,发行证券的主体（公司或国家）
41,难句,"...the accounting scandals of 2001 and 2002 (Enron and WorldCom, for example), which highlighted that sometimes publicly traded companies are run by folks who are trying harder to manage their financial statements than manage their companies.","2001—2002年的会计丑闻（如安然、世通）凸显出：有些上市公司的管理层花在""管理财报""上的功夫比管理公司还多。",manage 双关：manage financial statements = 操纵/粉饰报表；try harder to A than B = 在A上比在B上更卖力
42,生词,the signals would appear very sporadically,零星地；偶发地,sporadic = 不定期出现的
42,术语,difficult to backtest,回测,用历史数据检验策略表现，量化研发核心环节
42,术语,achieve any kind of statistical significance,统计显著性,结果并非偶然产生的统计学证据
42,生词,when things are very dire,危急的；凄惨的,dire straits = 水深火热
42,生词,go into a state of euphoria,亢奋；集体狂热,行情语境：市场陷入非理性乐观
42,生词,The aforementioned accounting scandals,上述的；前面提到的,afore（=before）+mentioned，书面语
42,语法,"for all that these strategies profit when things are very dire, they tend to do poorly when the markets are performing well",尽管这些策略在市况危急时赚钱，但在市场表现良好时往往表现不佳。,"for all (that) = 尽管（让步连词），不是""为了那一切""！"
42,词组,"To recap, price information can be used for...",概括一下；小结,recap = recapitulate 的缩略
42,词组,"provides a menu of sorts, from which a particular quant may ""order""","可以说是一份""菜单""","X of sorts = 勉强算是/某种意义上的X；order 此处=点菜（呼应 menu 比喻），不是""命令"""
42,生词,the framework proposed herein,在此；在本文中,here+in 合成书面语；同类：therein、hereby
42,词组,Quants sometimes fool themselves into thinking that...,骗（自己）相信…,fool/trick/deceive sb into doing = 诱骗某人做
42,多义,a broader array of core alpha concepts,一系列；一整套,"本义""阵列""；an array of = 各种各样的"
43,术语,patterns that have some explanatory power about the future,解释力,统计术语：变量能解释结果变动的程度
43,术语,the barriers to entry are naturally lower,进入壁垒,经济学概念：新竞争者进场的难度
43,词组,already named under the banner of some theory,在…的旗号/名义之下,banner = 旗帜
43,生词,able to discern behaviors,辨识；洞察,dis- + cern（分辨）；⚠形近：decent 体面的、descend 下降
43,多义,the economic theory or rationalization behind this behavior,合理化解释,"给现象找一套说得通的道理；是 rationale 的""事后解释""版"
43,生词,the theoretical underpinnings of trading behaviors,理论基础；根基,underpin 从下方支撑→underpinnings 支柱
43,术语,two years of intraday tick data,逐笔（tick）数据,tick = 每一笔成交/报价变动，最细颗粒度的行情数据
43,语法,the amount of searching the algorithms must conduct is so enormous as to be entirely impractical,算法需要执行的搜索量大到完全不可行的地步。,so + 形容词 + as to be = 达到…以至于…的程度
43,多义,decide what data to feed the model,喂给（模型）；输入,"机器学习习语：给模型""投喂""数据"
44,多义,the future doesn't tend to cooperate with this plan,配合,"拟人用法：未来""不配合""=历史规律到未来会失效"
44,生词,a somewhat dubious exercise,可疑的；靠不住的,⚠形近：devious 狡诈的
44,多义,there is an analog within the discretionary trading world,对应物；类似物,"不是""模拟（信号）""；= counterpart"
44,术语,"Technical analysts, also known as ""chartists""",图表派；技术分析师,靠价量图形找规律的人，即数据挖掘在主观交易界的对应者
44,词组,various outcomes in the aftermath of that setup,在…之后（的余波中）,"aftermath 本义""灾后""；比 after 更强调后续影响"
44,生词,there is no leeway to be vague,回旋余地；容错空间,航海词：船被风吹偏航线的量→引申为自由度
44,多义,Let's first frame the problem broadly,界定；框定（问题）,"不是""框架、相框""；frame a question = 设定问题的提法"
44,难句,"If this was not difficult enough, whatever strategies are found in this manner require the past to look at least reasonably like the future, although the future doesn't tend to cooperate with this plan very often or for very long.",这还不够难似的——以这种方式找到的任何策略都要求过去至少要与未来大体相像，然而未来往往并不常、也不会长久地配合这个如意算盘。,If this was not difficult enough = 雪上加霜的是；require sth to do = 要求…做到；末尾 although 让步从句
45,术语,a mega-cap diversified financial firm,超大市值（公司）,mega-cap＞large-cap＞small-cap 市值分档
45,生词,One of the most common follies in quant trading,蠢行；愚蠢做法,fool 的名词化：愚蠢行为（可数）
45,词组,art and judgment that pertains to this decision,与…相关；属于,= relate to，书面语
45,多义,A decidedly more straightforward question,显然；毫无疑问地,"不是""果断地""；= definitely"
45,词组,statistical significance is always of paramount importance,至关重要,paramount = 至高的；of + 抽象名词 = 形容词用法
45,文化,"the more data, the merrier",多多益善,套用谚语 the more the merrier（人越多越热闹）；the+比较级 the+比较级 结构
45,文化,data from the Buttonwood Tree era of the NYSE,梧桐树时代（纽交所草创期）,1792年24名经纪人在华尔街一棵梧桐树下签《梧桐树协议》，纽交所由此起源
45,词组,Hand in hand with this question is another,与…相伴而来；紧密相连,go hand in hand with = 相辅相成；此句为倒装（表语提前）
45,难句,"It is easy to see that, whether one treats the price behavior of two small-capitalization technology companies the same way as one treats the behavior of one of those companies versus that of a mega-cap diversified financial firm is a matter of fundamental beliefs about how the market works.",不难看出：是否把两家小市值科技公司之间的价格行为，与其中一家和一家超大市值综合金融公司之间的价格行为等同视之，取决于你对市场运作方式的根本信念。,whether 引导的超长主语从句；treat A the same way as B = 对A与B同等对待；that of = the behavior of
46,生词,substantively identical,实质上（相同）,⚠形近：substantially（大幅地/基本上）；substantive = 实质性的
46,术语,a peer group to which they are substantively identical,同类可比组；同行组,peer = 同侪；用于横向比较的相似对象集合
46,术语,The signal strength is an important aspect of quant models,信号强度,由预期收益大小和/或置信度定义；信号越强通常下注越大
46,生词,an important (but not ubiquitous) aspect,无处不在的,not ubiquitous = 并非人人都用；名词 ubiquity
46,语法,"The larger the expected return, the greater the strength of the signal, holding confidence levels constant.",在置信水平不变的前提下，预期收益越大，信号强度越大。,holding X constant = 控制变量式表达（分词独立结构）；外层是 the+比较级 句式
46,词组,It stands to reason that you will be willing to take a bigger bet,按理说；理所当然,stand to reason = 合乎逻辑
46,词组,give greater credence to a forecast,更加相信；采信,credence = 信任；⚠形近：credential 资质证书
46,生词,"the direction, magnitude, and/or duration of a move",幅度；量级,统计/物理常用：变动的大小
46,术语,an expected return or a price target,目标价,预测价格将到达的具体点位
46,多义,duration of a move,持续时间,"此处为一般义""持续多久""；⚠债券语境另义""久期"""
47,生词,more variability between the returns,变异性；差异波动,vary→variability：结果彼此不同的程度
47,多义,can be amplified across tens of thousands of trades,被放大,"本义""放大（信号/音量）""→微小差异经海量交易放大"
47,生词,differentiation is greater at shorter timescales,分化；差异化,"同一策略不同参数版本""分道扬镳""的程度"
47,多义,long on the S&P for all but three days,除了…之外全部,all but + 名词 = 除…外全部；⚠另一义 all but + 形/动 = 几乎（all but impossible）
47,多义,taking merely 10 days off of the longer moving average,（从…中）减去,"take X off (of) Y = 从Y上减掉X；不是""起飞、脱掉"""
47,难句,"This exhibit illustrates that the same strategy, applied over different time horizons, can produce markedly different—even opposite—positions.",这张图说明：同一策略应用在不同时间尺度上，可能产生截然不同、甚至完全相反的持仓。,applied over... 过去分词插入语；破折号内 even opposite 递进强调
47,难句,"By contrast, taking merely 10 days off of the longer moving average from the shorter-term system so that it now uses 5- and 10-day moving averages causes the system to be short the S&P for several extra days in mid-April and to add another short trade in mid-May that the 5-/20-day version would not have done.",相比之下，只是把较短期系统中较长的那条均线减去10天（改用5日和10日均线），就会让系统在4月中旬多做空标普好几天，并在5月中旬多出一笔5日/20日版本不会有的空单。,主语=动名词短语 taking...off...；causes...to be short and to add 两个并列不定式；that...would not have done 定语从句修饰 trade
48,词组,"Along this line of thinking, a classification may be helpful",沿着这一思路,line of thinking/thought = 思路
48,词组,forecasts that go no further than the end of...,最远只到…；不超出,no further than = 至多到…为止
49,生词,The lines of demarcation between these groups are arbitrary,这些类别之间的分界线是人为划定的,demarcation=分界；lines of demarcation=界线
49,多义,this shorthand can be helpful,这套简便说法有助于思考,"shorthand 本义""速记""→简便的概括说法"
49,术语,bet structure,押注结构,阿尔法模型核心维度之一：对单一标的直接预测（directional）还是相对他者预测（relative）
49,多义,smaller clusters (e.g. pairs) or larger clusters (e.g. sectors),更小的分组（如配对）或更大的分组（如行业）,"cluster 本义""簇/串""→量化语境=股票分组"
49,生词,rendering a major benefit of pairs trading impracticable,使配对交易的一大好处无法实现,⚠impracticable=行不通的；impractical=不切实际的；practicable=可行的
49,词组,they may differ along other lines,它们可能在其他方面存在差异,along ... lines = 在…方面/沿…路线
49,词组,the trader is presented with a dilemma,交易员面临一个两难困境,be presented with = 被摆在面前；dilemma = 进退两难
49,词组,"Or to put it another way, how should the trader's pairs best be structured?",或者换个说法,"put 此处=表述、说，不是""放"""
49,术语,idiosyncratic behavior,个股特质性行为,量化术语：个别标的特有的（与群体/系统性相对）；名词 idiosyncrasy
49,难句,"Very few assets can actually be compared so precisely and directly with one other instrument, rendering a major benefit of pairs trading impracticable.",极少有资产真能与另一个标的如此精确、直接地相比，这使得配对交易的一大好处无法兑现。,rendering... 分词作结果状语=从而使得…；render+宾语+形容词=使…变得
50,术语,using heuristics (e.g. fundamentally defined industry groups),使用启发式方法（如按基本面定义的行业分组）,heuristic=启发式：靠经验规则而非统计算法来分组
50,术语,any time that the market regime changes,每当市场状态切换时,"regime 此处=市场机制/状态（如牛熊、高低波动），不是""政权"""
50,生词,making sense and being defensible theoretically,合乎常理且在理论上站得住脚,defensible=可辩护的、站得住脚的
50,生词,a conglomerate such as General Electric,像通用电气这样的综合企业集团,多元化经营的大型企业集团
50,生词,Rigidity in particular can be a problem,僵化尤其可能成为问题,rigid=僵硬的→rigidity 僵化、缺乏弹性
50,词组,the correlation between these two asset classes moves in phases,（两类资产的）相关性呈阶段性变化,in phases = 分阶段地、一阵一阵地
50,词组,"and by extension, most strategies that are based on relative forecasts",进而推之，大多数基于相对预测的策略,by extension = 推而广之、顺理成章地
50,词组,utilizing several grouping techniques in concert,协同使用几种分组技术,in concert = 协同、配合着；concert 本义音乐会
50,难句,"Because the correlation between these two asset classes moves in phases, it can be very tricky to analyze the relationship theoretically and make a static, unchanging declaration that they belong in the same group or in different groups.",由于这两类资产之间的相关性呈阶段性变化，要从理论上分析其关系、并一锤定音地断言它们属于同组还是不同组，是非常棘手的。,it 为形式主语，真主语=to analyze ... and (to) make ...；declaration that... 为同位语从句
51,生词,"one piece of particularly unhelpful, but widely used, hedge fund industry jargon",一个特别没用却被广泛使用的对冲基金行业行话,jargon=行话、圈内术语
51,术语,relative value,相对价值（策略）,行业惯称：凡采用相对押注结构的策略都被叫相对价值，其实与价值投资无关
51,词组,behave in a manner conducive to being predicted by systematic models,其行为方式便于被系统化模型预测,conducive to = 有利于、有助于
51,多义,"they are subject to sudden, violent price changes",它们容易发生突然而剧烈的价格变动,"be subject to = 易受…影响/受制于，不是""科目/主题"""
51,多义,There are also tax implications to consider,还需要考虑税务上的影响,"implication 此处=牵涉的后果/影响，不是""暗示"""
51,难句,"Also, the liquidity characteristics and nature of the other participants in a given market differ from one instrument class to another, and these are some of the considerations quants must make regarding what kinds of instruments to trade.",此外，一个市场中其他参与者的流动性特征和构成因工具类别而异，这些都是量化在决定交易何种工具时必须考虑的因素。,主语为并列长名词短语 the liquidity characteristics and nature of...；considerations ... regarding = 关于…的考量
52,术语,the fixed-income asset class,固定收益资产类别,即债券类资产
52,术语,instruments other than futures (e.g. swaps or cash bonds),期货以外的工具（如互换或现券）,swap=互换合约；cash bond=现券（与衍生品相对）
52,术语,those traded over the counter (OTC),场外交易的品种,OTC=不经交易所、买卖双方直接成交；counter 本义柜台
52,术语,corporate or convertible bonds,公司债或可转债,可按约定转换为股票的债券
52,词组,This last fact may change going forward,这一点今后可能会改变,going forward = 从今往后（商务口语高频）
52,生词,the salient characteristics of the trading universe,交易范围最突出的特征,salient=显著的、最突出的
52,词组,the bulk of quant trading occurs in the United States,量化交易的大部分发生在美国,bulk=主体、大部分
52,术语,identify the breakout of the very early stages of a trend,识别趋势最早期的突破,breakout=价格突破（盘整区间或关键位）
52,多义,whether a long-term trend is actually in place or not,长期趋势是否真的已经确立,"in place = 存在/已确立，不是""在原地"""
52,语法,These are but a few of the more common ways a trend can be defined,这些只不过是定义趋势的较常见方式中的少数几种,"but 此处为副词=only（仅仅），不是""但是"""
52,语法,Still other trend strategies seek to identify the breakout,还有另一些趋势策略试图识别突破,still other = 除前述之外还有一些（列举第三类时用）
52,词组,"Just so, each kind of alpha strategy can be defined in various ways",同样地，每种阿尔法策略都可以有多种定义方式,just so = 正是如此/同理，承接上文类比
52,难句,"Furthermore, any differences in the way a quant chooses to specify or define an idea for her strategy might lead it to behave quite differently from the way other choices would have.",此外，量化在为策略设定或定义想法上的任何差异，都可能使策略的表现与采取其他选择时大不相同。,句末 would have 后省略 led it to behave=虚拟+省略；主语核心是 differences
53,术语,a 5-/10-day moving average crossover strategy,5日/10日均线交叉策略,crossover=短期均线上穿或下穿长期均线产生的信号
53,术语,fitting models to the data,把模型拟合到数据上,fit=拟合：调整模型参数使其贴合历史数据
53,术语,testing many potential sets of specifications without overfitting,在不过拟合的前提下测试多组设定,过拟合：模型把噪声当规律，样本内完美、样本外失效
53,术语,This process is known as refitting,这一过程称为重新拟合,用最新数据重新校准模型参数，使其适应当前市况
53,生词,a very treacherous problem indeed,一个着实暗藏凶险的问题,treacherous=暗藏危险的；另义背信弃义的
53,生词,increase the efficacy of the forecasts,提高预测的有效性,⚠efficacy 效力（是否有效）≠ efficiency 效率
53,词组,may be mistaken for valid lasting ones,可能被误认为是有效持久的关系,mistake A for B = 把A误当成B
53,难句,"For the nonquant, then, model specification may remain a more opaque aspect of the black box, but exploring this idea as much as possible with a quant trader could, in fact, highlight the reasons for differences in performance that are observed versus the quant's peer group.",因此对非量化人士而言，模型设定可能仍是黑箱中较不透明的部分，但尽量与量化交易员探讨这一点，其实能揭示其业绩与同行出现差异的原因。,插入语 then / in fact 先跳过；observed versus the peer group = 相对同行观察到的（业绩差异）
54,术语,modifying conditioner,修正型条件变量,书内术语：根据信号自身特征改变该信号是否使用、如何使用
54,术语,secondary conditioner,次级条件变量,书内术语：要求多类信号方向一致才触发可交易的预测
54,多义,there are many false starts to worry about,有许多需要提防的假启动,本义赛跑抢跑犯规→引申为趋势的假突破、假信号
54,术语,"stop-losses, profit-targets (or profit-stops), and time stops",止损单、止盈目标（止盈单）和时间止损,stop=触发离场的规则；time stop=持仓超过时限即平仓
54,多义,signals that may have been triggered far enough in the past as to be considered stale,触发时间久远、已被视为过时失效的信号,stale 本义（食物）不新鲜→（信息/信号）过期失效
54,术语,"a large portion of fundamental equity analysts are ""GARP"" devotees",很大一部分基本面股票分析师是GARP（合理价格成长）的信奉者,GARP=Growth at a Reasonable Price：既要成长又不肯付高估值，介于价值与成长之间
54,生词,"are ""GARP"" devotees",是GARP的拥趸,devote→devotee 信徒、拥趸
54,词组,this strategy would buy dips in up-trending markets,该策略会在上升趋势中逢低买入,dip=价格短暂回落；buy the dip=逢低吸纳，交易高频用语
54,多义,or short sell run-ups in down-trending markets,或在下降趋势中逢反弹做空,run-up 此处=价格快速上冲；另义 the run-up to = …的前夕
54,难句,"Just so, most directional trend-following strategies make money on a minority of their trades (often less than 40 percent of them!), but the gain on their winners is substantially larger than the losses on their losers (because of stop-loss techniques).",同样地，大多数方向性趋势跟踪策略只在少数交易上赚钱（常常不到40%！），但盈利单上的利润远大于亏损单上的损失（归功于止损技术）。,make money on a minority of = 只靠少数交易赚钱；两处括号均为补充插入
55,术语,run frequency,模型运行频率,书内术语：模型多久运行一次以寻找新交易机会
55,多义,more commissions paid to brokers,付给券商更多佣金,"commission 此处=佣金；另义""委员会""""委托"""
55,多义,noisy data that don't actually contain much meaning,并不含多少真实信息的噪声数据,"noisy=统计意义上""噪声大的""，不是""吵闹的"""
55,生词,little or no incremental improvement in the alpha,阿尔法几乎没有增量改善,increment 增量→incremental 增量的、边际的
55,词组,prone to problems associated with the moment of observation,容易出现与观察时点相关的问题,be prone to = 易于（发生不好的事）
55,生词,prices that occur during the month while the model is dormant,模型休眠期间当月出现的价格,dormant=休眠的、蛰伏的（火山、账户皆可用此词）
55,词组,the model may attempt in vain to trade,模型可能徒劳地试图交易,in vain = 徒劳、白费力气
55,生词,some aberration just around the time of the model being run,恰在模型运行前后出现的某种异常偏离,aberration=偏离常态的异常现象
55,多义,transacting larger blocks of trades,执行更大宗的交易,block 金融语境=大宗、大单（block trade=大宗交易）
55,难句,"Alternatively, the model may attempt in vain to trade at attractive, but quickly fleeting, prices that occur if there has been some aberration just around the time of the model being run.",或者，模型可能徒劳地试图以诱人却转瞬即逝的价格成交——前提是模型运行前后恰好出现了某种价格异常。,"attractive, but quickly fleeting, 为插入的并列定语；the model being run=动名词复合结构"
56,生词,2 × 4 × 2 × 4 = 64 permutations,64种排列组合,permutation=排列（组合数学用语）
56,生词,This diversity might seem daunting at first glance,这种多样性乍看之下可能令人生畏,daunt 使胆怯→daunting 令人望而生畏的
56,多义,Exhibit 3.7 revisits the taxonomy,图3.7重新回顾这一分类,"revisit=重新审视/再次讨论，不只是""再次到访"""
56,多义,they lead to an explosion in the variety of quant trading strategies,它们使量化策略的种类爆炸式增长,explosion 此处=激增，不是爆炸事故
56,多义,Blending Alpha Models,混合（组合）多个阿尔法模型,blend=调和、混合（咖啡拼配同词）；此处指把多种信号组合使用
56,难句,"You can easily see that the number of permutations of a strategy focused on the concept of value, for example, is enormous when accounting for differences in the type, time horizon, bet structure, investable universe, model definition, conditioning variables, and frequency of model run.",不难看出，单是以价值概念为核心的策略，把类型、期限、押注结构、可投范围、模型定义、条件变量和运行频率的差异都考虑进去，其排列组合数量就极其庞大。,"accounting for 此处=把…考虑在内（区别于""占比""""解释""两义）"
57,生词,Blending or mixing alpha signals has many analogues in discretionary trading,混合阿尔法信号在主观交易中有许多类似做法,"analogue=对应物、类似物；⚠analog(ue) 另指""模拟式""（与数字式相对）"
57,多义,a mutual fund portfolio manager who has two analysts covering XOM,一位手下有两名分析师跟踪研究XOM的公募基金经理,cover=（分析师）覆盖/跟踪研究某股票；XOM=埃克森美孚股票代码
57,多义,thinks XOM is likely to be flat over the next year,认为XOM未来一年大概率横盘持平,"flat 金融义=持平、无涨跌；另义""不持仓"""
58,词组,each of which can be likened to an analyst,每一个（模型）都可以被比作一位分析师,liken A to B = 把A比作B
58,词组,A significant fourth school of thought believes ...,颇有影响的第四个流派认为…,"school 此处=学派，不是""学校"""
58,生词,Each of these four approaches to signal mixing has its disciples,这四种信号混合方法各有各的信徒,disciple=门徒、追随者（原指耶稣十二门徒）
58,语法,"All other things being equal, it is very likely that any reasonably intelligent combination of alphas will do a better job",在其他条件都相同的情况下，任何相对聪明的阿尔法组合很可能表现更好,独立主格结构作条件状语；即经济学的 ceteris paribus（其他不变）
58,生词,combine alpha factors to construct a composite forecast,组合阿尔法因子以构建一个合成预测,composite=合成的、复合的
58,生词,a reasonable facsimile for one of the more common ways that humans normally think,与人类常见思维方式相当接近的一个摹本,facsimile=复制品、摹本（fax 即其缩写）
58,术语,each factor is expected to be additive,每个因子的作用被假定为可加的,additive=可加的：各因子贡献独立相加，是线性模型的前提
58,难句,"In linear models, the inclusion of one factor is independent of the inclusion of other factors, and each factor is expected to be additive, independently of the other factors that might be included or excluded.",在线性模型中，纳入某个因子与是否纳入其他因子互不相干，且每个因子的作用都被假定为可加的，不受其他被纳入或剔除因子的影响。,inclusion=include 的名词化（of+动作名词）；independently of = 独立于、不受…影响
59,生词,extracurricular activities,课外活动,extra-（之外）+curricular（课程的）
59,多义,her odds of gaining admission,她被录取的几率,"odds=概率/胜算（恒用复数）；另义""赔率"""
59,术语,a technique known as multiple regression,称为多元回归的技术,统计方法：用多个自变量共同解释因变量，量化确定因子权重的标准工具
59,术语,One of the alpha factors focuses on E/P ratios,其中一个阿尔法因子关注E/P比率,E/P=市盈率P/E的倒数，即盈利收益率
59,多义,the models are weighted 70 percent toward the yield factor,模型给收益率因子70%的权重,"yield 金融义=收益率；另义""产量""""让步/屈服"""
59,生词,equal-weighting methods abound among quant traders,等权重方法在量化交易者中比比皆是,abound=大量存在；abound in/with = 盛产
59,术语,A special case of linear models is the equal-weighted model,线性模型的一个特例是等权重模型,不做优化、给每个因子相同权重
59,难句,"If, on the other hand, it was the case that, with high enough test scores, her essays wouldn't matter, a linear model is no longer the correct way to predict her chances of getting in.",反之，如果情况是只要考分足够高、申请文书就无关紧要，那么线性模型就不再是预测她录取几率的正确方式。,双重插入语 on the other hand / with high enough test scores；it was the case that = 情况是…
60,生词,"A variant of this approach gives each factor an ""equal risk"" weighting","这一方法的一个变体给每个因子""等风险""权重",vary→variant 变体；⚠variance=方差
60,术语,conditional models,条件模型,非线性组合方式：一个因子的权重取决于另一因子的读数
60,术语,conditional models and rotation models,条件模型与轮动模型,轮动模型：随各信号近期表现动态调权，相当于对因子本身做趋势跟踪
60,多义,base the weight of one alpha factor on the reading of another factor,让一个因子的权重取决于另一因子的读数,"reading=读数、数值，不是""阅读"""
60,词组,"an ""all or none"" type of approach","一种""全有或全无""式的方法",要么完全采纳要么完全弃用，没有中间状态
60,多义,when market volatility is at elevated levels,当市场波动率处于高位时,"elevated=处于高位的（与 elevator 同根），不是""被举起"""
60,词组,only when the price trends are in agreement with the E/P yields,仅当价格趋势与E/P收益率信号方向一致时,in agreement with = 与…一致
60,难句,"If, instead, XOM had a positive return forecast from the trend factor, the combined nonlinear model would have a targeted return of +20 percent over the next 12 months for that stock because this is the return expected by the value factor, which now has been ""activated"" by its agreement with the trend factor.","反之，若趋势因子给XOM的预测回报为正，非线性组合模型对该股未来12个月的目标回报就是+20%——因为这是价值因子预期的回报，而价值因子此时已因与趋势因子方向一致而被""激活""。",if...would 虚拟；which 非限定性定语从句补充说明价值因子；activate=激活
61,术语,might overweight the stat arb component,可能会超配统计套利部分,overweight 动词=超配（给高于常规的权重）；反义 underweight 低配
61,多义,the more recent data are used to determine weighting schemes,用较新的数据来确定加权方案,"scheme 此处=方案/机制（英式中性用法），不是""阴谋"""
61,语法,the ever-changing and ever-growing set of data available,不断变化、不断增长的可用数据集,ever-+分词=持续不断…的（ever-rising、ever-present 同理）
61,术语,"common approaches to mixing signals, or combining alpha forecasts",混合信号（即组合多个阿尔法预测）的常见方法,书内术语：把多个信号合成单一综合预测的环节
61,词组,in the hope that the model's weights are more relevant to current market conditions,希望模型权重与当前市况更相关,in the hope that/of = 抱着…的希望
61,词组,has received precious little attention in the academic literature,在学术文献中得到的关注少得可怜,precious 此处作强调副词=极其；precious little/few 为固定搭配
61,术语,the academic literature and trade press,学术文献与行业刊物,trade 此处=行业（trade journal/trade press = 行业媒体）
62,多义,into a sensible decision,（综合）成一个明智的决定,⚠sensible 明智的 ≠ sensitive 敏感的
62,术语,signal mixing shares some similarities with portfolio construction,信号混合与组合构建有一些相似之处,黑箱核心模块之一：综合各类信号决定每个头寸的仓位
62,术语,"One major branch of statistics, now popularly known as Bayesian statistics",统计学的一大分支，如今通称贝叶斯统计,"以""先验信念+新证据""不断更新概率判断的统计学派"
62,术语,"placed a strong emphasis on the role of a ""prior"" in forecasting","强调""先验""在预测中的作用","prior 此处为名词=先验概率/事前信念，不是形容词""先前的"""
62,文化,"In his excellent book The Signal and the Noise, Nate Silver ...",在其杰作《信号与噪声》中，内特·西尔弗…,Nate Silver=美国著名统计预测专家，以精准预测美国大选闻名；该书2012年出版
62,生词,a somewhat different—though complementary and related—type of distinction,一种有所不同（但互补且相关）的区分方式,⚠complementary 互补的 ≠ complimentary 赠送的/恭维的
62,词组,If she thought you weren't within earshot,如果她以为你不在听得见的范围内,within earshot = 听力所及范围内；反义 out of earshot
62,难句,"For example, imagine that you have heard your spouse (with whom your relationship is generally good) make what seems like an insulting statement in reference to you.",例如，设想你听到配偶（你们关系一向不错）说了一句似乎是在羞辱你的话。,hear sb do sth 不带to的不定式；括号内 with whom 定语从句为插入；what seems like... 名词性从句作宾语；in reference to = 针对
63,生词,the philosophical kinship between a prior and a theory,先验与理论之间的哲学亲缘关系,kin 亲属→kinship 亲缘、相通之处
63,术语,Another major branch of statistics is known as frequentist statistics,统计学另一大分支是频率学派统计,与贝叶斯相对：完全靠数据给出概率和置信区间，不引入先验
63,术语,with a confidence interval of six percent,置信区间为6%,统计术语：估计值的不确定性范围
63,词组,many self-described Bayesians can be found using frequentist techniques,许多自称贝叶斯派的人其实在用频率学派的方法,self-described=自称的、自我标榜的
63,语法,so much so that Wasserman calls Silver a frequentist,程度之深，以至于沃瑟曼干脆称西尔弗是频率学派,so much so that = 到了如此程度以致…
63,多义,the odds that this statement was uttered by your partner as an insult,你伴侣说出这句话是为了羞辱你的概率,utter 动词=说出；形容词=完全的（utter nonsense=一派胡言）
63,词组,your partner is unlikely to insult you to begin with,你的伴侣本来就不太可能侮辱你,to begin with = 本来、一开始就（常置于句尾）
63,难句,"The resulting odds are lower than they would have been without the prior that your partner is unlikely to insult you to begin with, but much higher than if you hadn't heard this statement under dubious circumstances.","最终得出的概率低于没有""伴侣本不会骂你""这一先验时的水平，但又远高于你并非在可疑情形下听到这句话时的水平。",两处虚拟比较：than they would have been without... / than if you hadn't...；prior that... 为同位语从句
64,生词,See Exhibit 3.10 for a recap of the structure of a quant trading system,见图3.10对量化交易系统结构的回顾,recap=recapitulation 的缩写：概括、回顾
64,难句,I am consistently amazed by the juxtaposition of the simplicity and relatively small number of concepts used to manage money quantitatively and the incredible diversity of quant trading strategies as applied in the real world.,让我一直惊叹的是这样一种对照：量化管钱所用的概念如此简单、数量如此之少，而现实中的量化策略却又纷繁多样到不可思议。,juxtaposition of A and B 中 A、B 均为长名词短语；used to manage 为过去分词后置定语；as applied = 如实际应用中那样
67,文化,The market can remain irrational longer than you can remain solvent. —John Maynard Keynes,市场保持非理性的时间可以长过你保持偿付能力的时间。,凯恩斯名言：就算判断最终正确，市场也可能先把你耗到破产
67,多义,you can remain solvent,有偿付能力的；不破产的,"金融义＝还得起债；名词另义""溶剂""；反义 insolvent＝资不抵债"
67,词组,not what we classify as risk per se,本身；就其本身而言,拉丁语借词；not risk per se＝这本身并不算风险
67,词组,invested in the ups and downs of that exposure,涨涨跌跌；起起落落,字面＝上上下下；也常指人生起伏
67,词组,will not produce profits over the long haul,从长期来看,haul＝长途拖运；long haul＝长途→长期
67,多义,a downside to accepting this exposure,不利一面；下行风险,对应 upside＝上行收益；日常义＝缺点
67,术语,a relative alpha strategy,相对阿尔法策略,靠标的之间相对强弱（谁跑赢谁）赚钱，不赌整体方向
68,多义,taking significant sector bets,押注；头寸,交易行话：一笔 bet＝一个方向性头寸；sector bet＝行业押注
68,生词,an unconstrained value-hunting strategy,不加约束的,constrain＝约束；指没有风险约束的策略
68,词组,raise hell about things that can cause losses,大吵大闹；大声抗议,"风险模型像悲观者一样对隐患""大喊大叫""敲警钟"
68,生词,incidental byproducts of the alpha model,附带的；非有意产生的,byproduct＝副产品；incidental＝顺带发生而非刻意追求的
68,多义,simply accepting it outright,完全地；彻底地,副词＝彻底；另作形容词＝直接的（outright purchase＝直接买断）
68,词组,which of these courses of action is most prudent,行动方案,"course 此处＝方针路线，不是""课程"""
68,生词,most prudent for each kind of exposure,审慎的；稳妥的,名词 prudence；金融监管高频词
68,多义,usually precipitated by failures to manage risk,促发；引爆,"此处动词＝促使（坏事）发生；化学义""沉淀""；⚠形近 precipitation＝降水"
68,文化,in the fall (no pun intended) of 2008,无意双关,"fall 双关：秋天／暴跌；作者自嘲""不是故意玩谐音梗"""
68,难句,So the key to understanding risk exposures as they relate to quant trading strategies is that risk exposures are those that are not intentionally sought out by the nature of whatever forecast the quant is making in the alpha model.,因此就量化交易策略而言，理解风险敞口的关键在于：所谓风险敞口，就是量化交易员在阿尔法模型中所做预测并未有意追求的那些敞口。,主干＝the key is that…；as they relate to＝就…而言；whatever forecast＝无论什么预测；seek out＝主动寻求
69,词组,seemingly a sure thing,稳赚不赔的事；十拿九稳的事,"口语另义""没问题／当然"""
69,词组,put all your chips on it,押上全部筹码,赌博比喻＝孤注一掷；同段 going all in＝全押（扑克用语）
69,术语,build penalty functions,罚函数,"越过限额越远、代价越大的""软性""仓位约束；与 hard constraint（硬约束＝一刀切上限）相对"
69,词组,set to draw a line in terms of risk,划红线；定死界限,
69,多义,a position limit that dictates that no position will be larger than 3 percent,硬性规定；决定,"此处＝强制规定；另义""口述／听写""（dictation）"
69,语法,an opportunity can sometimes be so good as to warrant an exception to the rule,好到足以（成为规则的例外）,so＋形容词＋as to do＝达到足以…的程度
69,多义,making rules to govern exceptions,管控；约束,"不是""统治""；risk model governs leverage＝风险模型管控杠杆"
70,词组,namely either from theory or from the data,即；也就是说,用于点明前文所指的具体内容
70,生词,the ability to make sizeable bets,相当大的,＝sizable；size＋able＝够规模的
70,术语,based on either research or heuristics,启发式方法；经验法则,不靠严格推导、凭经验拍板的规则
70,术语,The first is longitudinal,纵向的（时间序列维度）,沿时间轴度量同一标的的波动；与横截面维度相对
70,术语,the cross-sectional standard deviation of all the relevant instruments,横截面的,同一时点上比较不同标的；与 longitudinal（纵向）相对
70,词组,a way of getting at the concept of uncertainty,触及；把握（某概念）,"另一口语义""暗指""（What are you getting at?）"
70,术语,computing the standard deviation of the returns,标准差,衡量离散程度的统计量；收益率的标准差即波动率
70,术语,This concept is known among quants as dispersion,离散度,横截面上各标的表现的分化程度；分化越小（同涨同跌）市场被认为越危险
70,术语,measured by the correlation or covariance among the instruments,协方差,与 correlation（相关系数）同族：衡量两标的联动程度；perfectly correlated＝完全相关
70,语法,"as one bet goes, so go all the other bets",一个押注怎么走，其余押注也跟着怎么走,"so＋谓语＋主语＝完全倒装""…也如此""；as＝正如"
70,术语,measures such as credit spreads,信用利差,公司债收益率高出无风险利率的部分；利差走阔＝市场感知风险上升
70,难句,"But through testing and simulating the historical results of this strategy, he could have come to realize that a far more appropriate level is 3 percent, which better balances the ability to make sizeable bets when attractive opportunities appear against the necessity of recognizing that any given trade could easily go wrong.","但通过对该策略历史结果的测试和模拟，他可能会认识到 3% 才是合适得多的水平——它能更好地在""机会出现时下得了重注""与""必须承认任何一笔交易都可能轻易出错""之间取得平衡。",balance A against B＝在A与B之间权衡；A、B都是被从句拉长的名词短语，against 前后要对齐着读
71,术语,a value at risk (VaR) model,在险价值（VaR）,给定置信水平下组合的预期最大亏损；波动率升高→模型要求降杠杆
71,词组,control risk in the face of rising volatility,面对；面临,
71,多义,the lower the level prescribed for leverage,规定；给定,"此处＝（模型）规定的水平；另义""开处方""；⚠形近 proscribe＝禁止"
71,生词,the core purpose of such risk models seems to me to be flawed,有缺陷的,flaw＝瑕疵；fatally flawed＝有致命缺陷
71,生词,in very turbulent times,动荡的,turbulence＝湍流→动荡；市场语境＝剧烈波动期
71,多义,they are wildly popular,极其；非常,"程度副词＝非常；不是""野蛮地"""
72,多义,a more theoretically sound approach,合理的；站得住脚的,"形容词义＝健全可靠的（a sound argument）；与""声音""无关"
72,多义,"The trick, of course, is to know when the odds are on one's side.",难点；诀窍,"the trick is to do＝关键／窍门在于；不是""诡计／魔术"""
72,生词,if the market drops precipitously,急剧地；断崖式地,precipice＝悬崖；⚠与 precipitate（促发）同根不同义
72,词组,foresight as to where the market or the oil sector was going,关于；至于,＝about/regarding，正式书面用法
72,多义,"whether the market rises, falls, or does nothing, he is indifferent",不受影响的；无所谓的,"此处＝对市场涨跌""免疫""（已对冲掉）；常见义""冷漠的"""
72,多义,if he had expressed his analysis by buying CVX and shorting XOM,（用头寸）表达（观点）,"交易行话：express a view＝把观点转化为具体交易；不是""快递"""
72,多义,come in two familiar flavors: theoretical and empirical,类型；风格,"比喻义＝品种／流派（软件业也常用）；本义""味道"""
72,难句,The investor could have substantially eliminated the unintentional or accidental market direction risk if he had expressed his analysis by buying CVX and shorting an equivalent amount of XOM.,如果这位投资者当初通过买入雪佛龙、同时做空等额埃克森美孚来表达他的分析判断，他本可以在很大程度上消除这种无意间承担的市场方向风险。,could have done ＋ if he had done＝对过去的虚拟；equivalent amount＝等额
73,语法,not infrequently seen in practice,并不少见,双重否定＝相当常见；类似 not uncommon
73,术语,systematic risks are those that cannot be diversified away,系统性风险,无法通过分散化消除的风险（大盘、行业、市值等）；⚠书中强调此处 systematic 与 systematic trading（系统化交易）完全是两个意思
73,术语,risks that cannot be diversified away,通过分散投资消除（风险）,"away 表""消除掉""；系统性风险恰恰是分散不掉的"
73,词组,contains a host of systematic risks,大量；一大堆,"host 此处＝一大群，不是""主人／主持人"""
73,术语,small caps versus large caps,小盘股（对大盘股）,cap＝market capitalization（市值）缩写；market capitalization risk＝市值风格风险
73,多义,the hedge fund replication crowd,圈子；一帮人,the … crowd＝某个群体／圈内人；此处指研究对冲基金复制的那批人
73,术语,an unconstrained market-neutral value model,市场中性的,多空对冲后对大盘涨跌基本免疫的策略
73,生词,measure and calibrate a given portfolio's exposures,校准；精确测定,本义校准仪器；模型语境＝调参校正
73,难句,"A practical example of such a problem, and one that has been well documented by the hedge fund replication crowd, is that an unconstrained market-neutral value model will very likely be making a bet on small caps outperforming large caps.",这一问题有个实际的例子——对冲基金复制圈已充分记录在案——那就是：一个不加约束的市场中性价值模型，十有八九是在押注小盘股跑赢大盘股。,and one that…为插入语（one 指代 example）；主干＝A practical example is that…；bet on A doing B＝押注A会B
74,术语,principal component analysis (PCA),主成分分析,统计降维技术：从历史数据中提取相互独立的主要风险因子，无需事先命名
74,词组,may well correspond to named risk factors,很可能,well 加强语气；may well do＝很有可能
74,多义,Treasury bonds across various maturities,期限；到期日,"债券语境＝到期期限，不是""成熟"""
74,多义,a delicate problem for the researcher,棘手微妙的,"不是""精致／娇弱""；delicate problem＝需小心拿捏的难题"
74,生词,the risk factors they encapsulate make sense,概括；囊括,capsule＝胶囊→封装、浓缩
74,词组,didn't change his stripes,改变本性；改弦易辙,"源自""虎豹改不了斑纹""（a leopard cannot change its spots）；指巴菲特没因跑输而改变风格"
74,词组,He was able to keep the faith,坚守信念,
74,生词,seek the benefits of adaptiveness,自适应性,adaptive＝自适应的；经验型风险模型的卖点是随市场变化自动调整
74,难句,"It is important to note that such statistical methods may discover entirely new systematic risk factors, which a reasonable observer might be inclined to acknowledge exist but for which names have not been assigned.",值得注意的是，这类统计方法可能发现全新的系统性风险因子——理智的观察者也许愿意承认它们确实存在，只是还没人给它们起名字。,"which…acknowledge exist＝acknowledge (that they) exist 的嵌套省略；⚠but for which＝""但对于这些因子""（并列定语从句），不是虚拟语气的 but for"
75,生词,drove stock,bond,currency and commodity markets almost singlehandedly 单枪匹马地；仅凭一己之力 指伊拉克战争消息一度独自主导各类市场
75,术语,change their behavior from risk seeking to risk aversion,风险厌恶,与 risk seeking（风险偏好）相对；averse to＝厌恶
75,生词,could squelch most of the adaptiveness benefits,扼杀；压制,"拟声词本义""咯吱踩泥""→压制、消除"
75,术语,two years' worth of rolling daily data,滚动的,滚动窗口：每天进一个新数据点、挤掉最老的一个；X's worth of＝…量的
75,词组,It will therefore take a long time to turn the ship,（像大船一样）掉头很慢,比喻：长窗口模型对市场新变化反应迟钝
75,词组,"If the data don't bear it out, what good is the theory?",证实；支持,bear out a theory＝数据印证理论；what good is X＝X还有什么用
75,多义,the competing objectives of statistical significance and adaptiveness,相互冲突的（目标）,competing objectives＝不可兼得、彼此拉扯的目标
75,术语,one-minute intraday snapshots of price activities,日内的,intra-＝内部；intraday data＝日内（高频）数据；snapshot＝快照
75,难句,"The more data that are used—that is, the further back into history we must look—the less adaptive a model can be, because each new data point is but one of a very large number.",用的数据越多——也就是说必须回看的历史越久——模型的自适应性就越差，因为每个新数据点只不过是庞大样本中的一个而已。,the more…the less 结构中间插入破折号补充说明；is but＝只不过是（but＝only 的书面用法）
76,词组,these two kinds of risk models are not mutually exclusive,互斥的；相互排斥的,逻辑用语：非此即彼；not mutually exclusive＝可以并用
76,生词,"a combination of both, if they deem it appropriate",认为；视为,正式用语＝consider；deem it appropriate＝认为合适
76,语法,should it become clear to them that there is a new risk factor,万一／一旦（他们）清楚发现…,＝if it should become clear：省略 if、should 提前的倒装虚拟条件句
76,词组,they build a made-to-order risk factor,定制的,按需定做；反义 off-the-shelf＝现成的
76,词组,purchase one that is off the shelf,现成的；即买即用的,从货架上直接拿→标准化产品；与自研（build their own）相对
76,生词,Several purveyors of risk models,供应商,purvey＝供应（商品／服务）；指 BARRA 等风险模型厂商
76,生词,they are also by nature somewhat generic,通用的；千篇一律的,与定制相对：不针对特定需求；药品语境＝仿制药
76,词组,almost always comes at the cost of reducing return,以…为代价,
76,术语,taking risks that are expected to offer attractive payoffs,回报；收益,"博弈论／交易用语：一笔行动的报酬；另义""清偿／收买"""
77,生词,a theoretical or empirical risk model or some hybrid thereof,其；它的（正式书面语）,＝of that/of it；hybrid＝混合体：两者的某种混合
77,多义,make some determination about whether these risks are acceptable,判定；裁断,"make a determination＝作出判断，不是""决心"""
77,词组,rather than slapping together some positions that seem like good trades,草率拼凑,slap＝啪地一拍→随手拼凑、没有章法
77,多义,"make rational, deliberate decisions",深思熟虑的,"形容词＝经过斟酌的、有意的；动词另义""审议""；deliberately＝故意地"
77,难句,"Quantitative approaches to risk management, by virtue of seeking to measure and make explicit what exposures are driving a portfolio, put the power into the hands of the portfolio manager to make rational, deliberate decisions.",量化风险管理方法由于致力于度量并明示究竟是哪些敞口在驱动组合，因而把作出理性、审慎决策的权力交到了组合经理手中。,主干＝approaches put the power into the hands of…；by virtue of doing＝凭借（插入语先跳过）；make explicit＝使…明明白白
79,生词,"Without frugality, none can be rich, and with it, very few would be poor.",节俭,章首约翰逊格言：不节俭无人能富、能节俭少有人穷；形容词 frugal＝节俭的
79,词组,the starry-eyed optimist,天真憧憬的；过分理想化的,眼里冒星星→不切实际地乐观；比喻：阿尔法模型＝乐天派，风险模型＝操心鬼，成本模型＝抠门的会计
79,文化,This is not an overly draconian view of trading costs.,严苛的,源自古雅典立法者 Draco（德拉古），其法律以严酷著称
79,词组,transaction costs eat away between 20 and 50 percent of their returns,侵蚀；一点点吃掉,eat away (at) sth＝逐渐损耗
79,生词,"These reasons, however, are subject to a caveat",但书；注意事项,"拉丁语""让他当心""；表示附加限定条件的提醒"
79,词组,need to clear the hurdle of the cost of transacting,跨过门槛,clear＝跃过（跨栏不碰杆）；hurdle＝栏架→门槛；金融另有 hurdle rate（门槛收益率）
79,词组,used in conjunction with the alpha and risk models,与…结合；连同,conjunction＝结合；语法术语义＝连词
80,多义,only to inform the portfolio construction engine of the costs,为…提供信息；作为…的输入,"不是""通知／告发""；inform A of B＝把B的信息提供给A"
80,词组,which we discuss at length in Chapter 7,详细地,"此处＝充分详尽地；⚠另一义""最终／终于"""
80,生词,It is less glamorous to describe costs than to minimize them,光鲜的；有魅力的,"glamour＝魅力；描述成本不如""降低成本""听着风光"
80,多义,a problem of bleeding losses,失血般不断亏损,bleed＝流血→资金持续流失；bleed money＝不断烧钱
80,生词,ends up with suboptimal performance,次优的,sub-（低于）＋optimal（最优的）
80,生词,less computationally burdensome,负担沉重的,burden＝负担；computationally burdensome＝计算开销大
80,术语,"commissions and fees, slippage, and market impact",滑点,决定下单时的价格与实际成交价之间的差损；交易成本三大件之一
80,术语,slippage and market impact,市场冲击成本,自己的订单把价格推向不利方向所造成的成本
80,生词,despite the diminutive commissions they pay,极小的,"⚠形近 diminish（减少）；diminutive 语法里也指""指小词"""
80,术语,services known as clearing and settlement,清算与交收（结算）,clearing＝清算对账；settlement＝钱券交割；经纪商就此收取费用
80,难句,"If a trader underestimates the cost of transacting, this can lead to the system making too many trades that have insufficient benefit, which in turn leads to a problem of bleeding losses as a result of the constant acceptance of trading costs.","如果交易员低估了交易成本，就可能导致系统做出太多收益不足以覆盖成本的交易，进而由于不断承担交易成本而陷入""持续失血""式亏损。",lead to＋动名词复合结构（the system making…＝系统做出…这件事）；which in turn leads to＝进而导致
81,术语,Settlement is the delivery of securities in exchange for payment in full,结算；交收,证券与全额货款的交割，是一笔交易生命周期的最后一步
81,术语,both counterparties in a given trade,交易对手方,一笔交易中的另一方；counter-（相对）+party（当事方）
81,多义,uphold their contractual responsibilities,履行；恪守（合同责任）,"uphold = 维护/遵守，不是""举起"""
81,术语,matching engines to pair buyers and sellers,撮合引擎,交易平台里自动配对买卖订单的核心系统
81,术语,dark pools,暗池,券商或独立机构运营的匿名撮合平台：不公开订单簿，供客户规避大单的市场冲击
81,词组,have come into prominence,声名鹊起；变得举足轻重,prominence = 显要地位
81,多义,attract traders to their floors for trading,交易大厅；场内,"floor 此处=交易所的交易大厅，不是""地板/楼层"""
81,生词,certainly are not negligible,可忽略不计的,neglect（忽视）→negligible；⚠形近：negligent 疏忽大意的
81,多义,this $0.001 per-share hurdle,门槛,"本义""跨栏""；金融义=必须跨过的最低标准（hurdle rate 门槛收益率）"
81,多义,the all-in commissions and fees,全部算上的；总计的,"all-in = 各项加总之后的，不是""全押"""
81,词组,made as of a specific point in time,以（某一时点）为准；截至,常见于财务报表和数据的时点标注
81,难句,"In fact, the more accurate the forecast, the more likely it is that the price of the instrument is actually going toward the expected price as more time passes.",事实上，预测越准确，随着时间流逝，标的价格就越有可能正在朝预期价格移动（而交易者还没成交、没吃到这段行情）。,the+比较级…the+比较级 = 越…越…；it is that... 的 it 指代后面整个从句
82,词组,In the event that the price actually moves up,如果；万一,比 if 正式的条件引导语
82,词组,mean reverting in orientation,在性质/取向上（属于…型）,orientation = 基本倾向、定位
82,术语,A quant trader's latency or speed to market,延迟,从决策到订单抵达市场的时间；延迟越大滑点越大，高频交易核心指标
82,词组,"Worse still, the more accurate a forecast is...",更糟的是,= worse yet / what's worse
82,术语,90-day Treasury bills,（美国）短期国库券,一年期以内的美国政府债券，简称 T-bill；波动极小
82,多义,an average daily range of 2.6 percent,（日内）振幅,"当日最高价与最低价之差；不是""范围/山脉"""
82,难句,"The more latency in a trader's system or communications with the marketplace, the more time passes before her order gets to the market and the further the price of an instrument is likely to have moved away from the price when the decision was made.",交易者系统或通信链路的延迟越大，订单到达市场之前流逝的时间就越多，标的价格就越可能已经偏离决策那一刻的价格。,"三重比较级 the more...the more...the further 并列；is likely to have moved 不定式完成时=届时""已经""移开"
83,词组,someone has to be willing to take the other side,接对手盘；做交易的另一方,你要买就必须有人肯卖；take the other side of a trade = 与你反向成交
83,语法,impossible to predict much less control,更不用说；更别提,用在否定句后：连前者都做不到，何谈后者
83,生词,are nontrivial to quantify,并非轻而易举的；难度不小的,理工圈常用委婉语：trivial（琐碎简单）的否定=相当困难
83,术语,measurements of the depth of book,订单簿深度,book = 限价订单簿；深度=偏离最优买卖价的挂单量，衡量流动性厚薄
83,术语,the best bid/offer prices,买价/卖价,bid = 买方出价；offer（=ask）= 卖方要价；best bid/offer = 最优买卖报价
83,术语,a market order enters the exchange,市价单,不限定价格、按当前市价立即成交的订单；与 limit order（限价单）相对
83,生词,tricky to segregate these two concepts,区分开；分离,se（分开）+greg（群）→从群体中分出；名词 segregation 也指种族隔离
83,生词,the trader might deduce that he was actually paid,推断出,由已知推出结论；⚠形近：deduct 扣除
83,多义,the price continues to drift upward,（价格）缓慢漂移；阴涨,"本义""漂流""；金融义=没有明显动力的缓慢单向移动"
83,词组,on top of the negative slippage of $0.05,在…之外再加上,"表叠加，不是字面""在顶上"""
83,词组,his order makes its way to the front of the line of sale orders,一步步挪到；排到,订单在卖单队列中逐渐排到最前面
83,难句,"For example, the number of other trades that are being made in the same direction at the same time or whether news in the stock is causing impact to behave differently from normal are both issues that would affect measurements of market impact and are nontrivial to quantify.",例如，同一时间同方向的其他交易有多少、或者个股新闻是否正使冲击表现异于平常——这两点都是既会影响市场冲击的测量、又很难量化的问题。,超长并列主语 the number of... or whether...；谓语是 are both issues；issues 后又带两个并列定语从句
84,术语,trades that demand liquidity ... someone gets paid to supply liquidity,消耗流动性 / 提供流动性,吃单方（主动成交者）付出成本；挂单方（提供报价者）获得补偿，一收一付
84,术语,a market maker or specialist,做市商,持续挂出买卖双边报价、保证交易者随时有对手方可成交的机构
84,多义,market maker or specialist,（纽交所）专营做市商,"历史上纽交所给每只股票指定的独家做市商；此处不是泛指""专家"""
84,术语,Electronic communication networks (ECNs),电子通信网络,让客户彼此直接交易的电子平台，靠返佣吸引流动性提供者
84,术语,attract enough customer order flow,订单流,客户订单的持续流入；是交易平台赖以生存的命脉
84,多义,provide robust technology,稳定可靠的；健壮的,"技术语境=抗压抗故障能力强，不是形容人""强壮"""
84,多义,the bids and offers that are getting hit,（挂单）被打掉；被成交,hit a bid = 主动砸向买价成交，交易行话
84,术语,the rebate programs that ECNs put in place,返佣；回扣,平台付给流动性提供者的每股小额奖励；被动型策略的利润来源之一
84,多义,strategies actually call for a mostly passive execution approach,需要；要求,"the situation calls for X = 情况要求X；不是""呼叫/拜访"""
84,词组,rebate programs that ECNs put in place,设立；推行,put/have sth in place = 建立并使之生效
84,难句,Some kinds of trading strategies (usually mean reversion strategies) actually call for a mostly passive execution approach in which this act of providing liquidity is modeled as a source of profit due to the rebate programs that ECNs put in place to attract liquidity providers.,"某些交易策略（通常是均值回归策略）实际上要求以被动执行为主，在这种方式下，""提供流动性""这一行为本身被当作利润来源来建模——利润来自 ECN 为吸引流动性提供者而设立的返佣计划。",主干=strategies call for an approach；in which 引导定语从句；due to 说明利润来源；to attract 表目的
85,多义,a more public venue,（交易）场所,"本义""活动场地""；金融义=交易发生的市场/平台（trading venue）"
85,术语,they are over-the-counter off-exchange transactions,场外交易（OTC）的,不经交易所撮合、交易双方直接达成；off-exchange = 场外
85,词组,coupled with the fact that dark pools are available only to selected customers,再加上；连同,= combined with
85,术语,"flat, linear, piecewise-linear, and quadratic",二次的（二次函数型）,成本随交易规模加速增长（平方关系）；四种成本模型中最精确也最难建
85,术语,piecewise-linear,分段线性的,piecewise = 分段地；用几段折线逼近一条曲线
85,多义,use these fixed charges as a baseline,基线；底线水平,固定成本构成的下限，实际交易费用不会低于它
85,多义,cannot be known precisely until they have been incurred,（成本/损失）实际发生；招致,incur costs/losses = 产生费用/亏损，财务高频
85,多义,liquidity that happens to be available to absorb the order,消化；吸纳（订单）,"市场""吃下""大单而价格不至大动"
85,多义,the investor base that tends to transact in it,投资者群体,"base 此处=某标的背后的客户/投资者群体，不是""基地"""
85,难句,"Furthermore, the public markets provide the only transparent sense of price discovery, without which dark pool participants would have a significantly harder time determining what prices to bid and offer.",此外，公开市场提供了唯一透明的价格发现机制；若没有它，暗池参与者将远更难确定该报出什么买卖价。,without which = 若无前述之物（非限制性定语从句），后接 would have 虚拟语气
86,词组,"holding all else constant (such as liquidity, trend, or volatility)",在其他条件不变的情况下,经济学套话；= all else being equal（拉丁语 ceteris paribus）
86,词组,"in terms of dollars, shares, contracts, or the like",诸如此类,= and so on
86,术语,more complicated and computationally intensive,计算密集的,intensive = 高强度消耗某资源的；同理 labor-intensive 劳动密集
86,术语,where the solid line crosses the dashed line,实线/虚线,图表用语：solid 实线、dashed 虚线、dotted 点线
86,生词,this point of intersection,交点,inter（相互）+sect（切割）→相交之处
86,术语,a flat t-cost model,交易成本,transaction cost 的行话缩写
86,难句,"So, if this point of intersection corresponds to the size of trading normally done, and if the range of that trade size is within the region where the flat line is close to the curved line, a flat t-cost model may not be problematic.",因此，如果这个交点恰好对应平时的交易规模，且交易规模的波动区间处在平直线与曲线相近的区域内，那么固定成本模型未必有问题。,双重 if 条件从句并列之后才出现主句；correspond to = 对应于
87,术语,gets larger with a constant slope,斜率,数学术语：直线的倾斜程度；constant slope = 斜率恒定
87,词组,must trade off overestimating costs at smaller trade sizes with underestimating costs at larger trade sizes,权衡取舍,trade off A with/against B = 以A为代价换取B；名词形式 trade-off
87,词组,in the immediate vicinity of that intersection,在…附近,vicinity = 邻近区域；immediate = 紧邻的
87,生词,the curvature of the quadratic estimator,曲率；弯曲程度,curve（曲线）→curvature
87,术语,a better estimator of the real transaction cost,估计量；估计模型,统计术语：用来估计真实值的公式或模型
87,难句,"The idea of a piecewise-linear transaction cost model is that, in certain ranges, a linear estimate is about right, but at some point, the curvature of the quadratic estimator causes a significant enough rise in the slope of the real transaction cost line that it is worthwhile to use a new line from that point on.",分段线性成本模型的思路是：在某些区间内线性估计大致靠谱，但到了某个点，二次曲线的弯曲使真实成本线的斜率上升得足够显著，值得从该点起换用一条新的直线。,significant enough ... that ... = 足够…以至于…；from that point on = 从那一点起
88,词组,a happy medium between simplicity and accuracy,折中方案；两全其美的中间道路,"medium 此处=中间物；不是""快乐的媒体"""
89,词组,is generally a pain to build,麻烦事；苦差,a pain (in the neck) = 令人头疼的事，口语
89,术语,It has multiple terms and exponents,指数（幂）,"数学术语；同句 term = （多项式的）项，不是""术语/学期"""
89,词组,what is actually observed after the fact,事后,= 事情发生之后
89,术语,"market makers, hedge funds, mutual funds, or retail investors",散户；个人投资者,retail 零售→小额个人投资者，与机构投资者（institutional）相对
89,语法,a less than perfect estimate,并不完美的,less than + 形容词 = 委婉否定：绝谈不上…（如 less than thrilled = 很不乐意）
89,难句,You might be wondering how it is that we have estimated a quadratic function using a quadratic function and still ended up with a less than perfect estimate of the true transaction cost.,你可能会纳闷：明明是用二次函数去拟合二次函数，怎么最后对真实交易成本的估计仍然不完美。,"how it is that... = 强调式疑问""究竟为何""；end up with = 最终落得"
90,术语,a less liquid small cap stock ... a more liquid mega cap stock,小盘股 / 超大盘股,cap = market capitalization（市值）的缩写；另有 mid cap、large cap
90,多义,keep the model current,最新的；跟上现状的,"keep sth current = 使…保持与时俱进；不是""当前的/电流"""
90,术语,generating a target portfolio,目标组合,组合构建模型输出的理想持仓清单，交由执行算法去实现
90,多义,they can simply assume a modest cost,不大的；适度的,"修饰数量=幅度小；不是""谦虚的"""
90,词组,the target portfolio is passed along to the execution algorithms,转交给；传递给,= pass on
90,难句,"Its job is not to minimize the cost of trading, just as the job of the alpha model is not to generate returns but rather to make forecasts and to provide these forecasts to the portfolio construction model.",它的职责并不是把交易成本降到最低，正如阿尔法模型的职责不是产生收益，而是做出预测并把预测提供给组合构建模型。,just as = 正如（类比论证）；not A but rather B = 不是A而是B
93,难句,"No sensible decision can be made any longer without taking into account not only the world as it is, but the world as it will be.",如今，任何明智的决策都必须既考虑世界的现状，也考虑世界的未来，否则无从做出。,科幻作家阿西莫夫（Isaac Asimov）名言；no...without 双重否定=必须；the world as it is / as it will be = 现在的/将来的世界
93,生词,The model acts like an arbitrator,仲裁人,听取各方陈词后作裁决的人；⚠形近：arbitrageur 套利者、arbitrary 任意的
93,词组,the cost-conscious accountant,精打细算的；对成本敏感的,-conscious 后缀=注重…的（如 health-conscious 注重健康的）
93,生词,can lead to paralysis,瘫痪；僵住不动,过分在意成本→迟迟不肯调仓；analysis paralysis = 分析瘫痪
93,生词,hold positions indefinitely,无限期地,definite（确定的）的否定→没有明确期限地
93,生词,can be exceedingly simple or rather complex,极其,exceed（超出）→exceedingly = extremely
93,词组,such as by trial and error,试错法,反复尝试、从错误中修正的经验积累方式
93,术语,Optimizers utilize algorithms,优化器,用算法在约束下寻找目标函数最优解的程序；对应的组合构建方式称 optimized
93,术语,This goal is known as an objective function,目标函数,"优化问题中要最大化/最小化的量（如单位风险的收益）；objective 此处=目标，不是""客观的"""
93,生词,the canonical example of an objective function,最典型的；教科书式的,canon（正典）→canonical = 公认标准的
93,难句,"The model acts like an arbitrator, hearing the arguments of the optimist (alpha model), the pessimist (risk model), and the cost-conscious accountant (transaction cost model), and then making a decision about how to proceed.",这个模型就像一位仲裁人：听取乐观派（阿尔法模型）、悲观派（风险模型）和精打细算的会计（交易成本模型）各自的论点，然后裁决下一步怎么办。,hearing... and then making... 两个现在分词短语作伴随状语；三处括号是同位说明
94,词组,investment ideas of varying quality,质量参差不齐的,varying = 各不相同的；of+名词短语作后置定语
94,词组,"At a minimum, his results would be greatly improved",至少；最起码,= at the very least
94,多义,how most quant practitioners tackle this problem,着手解决；应对,"本义橄榄球""擒抱""；引申=正面处理难题"
94,术语,Decision-tree approaches,决策树,按特定顺序逐条检查规则来确定结论的分支结构；机器学习中有同名算法
94,生词,implicitly (or explicitly) believe,隐含地；未言明地,implicit 隐含的 vs explicit 明确的，高频反义词对
94,生词,the instruments are homogeneous enough,同质的,homo（相同）+gene（种类）；反义词 heterogeneous 异质的
94,语法,on the basis of their riskiness or otherwise,或其他方面；与否,接在名词后=或除此以外的情况；riskiness or otherwise = 风险高低或任何别的属性
94,语法,ignored except insofar as the signal is strong enough,在…的限度内；仅就…而言,= in so far as；except insofar as = 除非在…范围内
94,词组,"At first glance, this might seem like an oversimplification",乍一看,"glance = 一瞥；常与""细看之下其实不然""的转折连用"
94,难句,"This subject receives rather a lot less time and space in the academic journals and in practitioners' minds than ways to make a new alpha model, for example.","与""如何构造一个新的阿尔法模型""之类的话题相比，这个主题在学术期刊和从业者的头脑中所占的时间与篇幅要少得多。",rather a lot less ... than ... = 比…少得多；比较对象 ways to make... 被甩到句尾
95,生词,ultimately outweigh any potential benefit,压过；（重要性）超过,out+weigh = 分量胜过
95,术语,sufficient statistical strength and power,统计功效,"统计术语：当规律真实存在时检验能发现它的概率；power 此处不是""力量"""
95,生词,This weighting disparity,悬殊；巨大差异,dis+parity（均等）→不均等
95,词组,expected to snap back aggressively,猛烈回弹,"snap = 啪地弹回；aggressively 此处=幅度剧烈地，不是""侵略性"""
95,术语,known to statisticians as adverse selection bias,逆向选择偏差,"信号最强的标的往往正是背后真有实质性消息的标的——样本天然偏向""有毒""的那批"
95,文化,"""picking up nickels in front of a steamroller""",在压路机前捡五分硬币,华尔街著名比喻：为蝇头小利承担被碾压的巨大风险；nickel = 5美分硬币；run over = 被碾过
95,多义,a colorful way of saying,生动形象的,"形容语言=绘声绘色的，不是""五颜六色的"""
95,语法,a stock price is off by a factor of 100,错了/偏差…倍,off = 偏离正确值；by a factor of 100 = 相差百倍（如英股误按便士而非英镑报价）
95,难句,The first potential problem with unequal weighting is that it assumes implicitly that there is sufficient statistical strength and power to predict not only the direction of a position in the future but also the magnitude and/or probability of its move relative to the other forecasts in the portfolio.,非等权配置的第一个潜在问题是：它隐含地假设统计上有足够的强度和功效，不仅能预测头寸未来的方向，还能预测其相对于组合中其他预测的变动幅度和/或概率。,主干 problem is that...；that 从句内再套 assumes that...；not only...but also 连接两个预测对象
96,多义,an enormous position in this ticker,股票代码；（代指）个股,ticker symbol = 股票代码（如 GOOG）；源自早年打印行情纸带的 ticker tape 机
96,多义,from the meat of a distribution not from the tails,分布的主体部分,meat = 最有分量的核心部分；与 tails（尾部）相对
96,术语,a real tail event,尾部事件,"概率极低、幅度极端的事件（位于分布尾部）；与""黑天鹅""相关的概念"
96,生词,a more normative level of alpha,常态的；正常水平的,"norm（常规）→normative；另一义""规范性的""（与 descriptive 描述性相对）"
96,生词,Analogous arguments can be made,类似的；可类比的,analogy（类比）的形容词；analogous to = 与…相似
96,生词,adjusts position sizes inversely to their volatilities,成反比地,inverse 相反/倒数→波动率越高仓位越小
96,术语,whatever other measure of risk such as drawdown,回撤,净值从高点到低点的跌幅，衡量风险的常用指标
96,生词,a much larger and inadvertent real bet,无意间的；不经意的,in+advertent（留心的）→没留神造成的
96,难句,Putting an equal number of dollars into these two positions might in fact be taking a much larger and inadvertent real bet on the small cap stock.,向这两个头寸投入等量的美元，实际上可能等于在小盘股上无意间押下了大得多的真实赌注。,动名词短语 Putting... 作主语；be taking a bet on = 等于是在押注；in fact 为插入语
97,术语,equal risk–weighting approach,等风险加权,让每个头寸贡献相同的风险（通常按波动率倒数分配权重），而非等金额分配
97,生词,the equal risk–weighting approach also has its shortcomings,等风险加权方法也有其缺点,shortcoming = 缺点、不足
97,术语,it is almost always a backward-looking measurement,它几乎总是一种回望式度量,只依赖历史数据估计；与 forward-looking（前瞻式）相对
97,多义,once volatility spiked in 2008,当2008年波动率骤升之后,spike 名词=尖钉→动词=（数值）猛然飙升
97,文化,This is much like grading on a curve,"这很像""按曲线打分""",美国学校按相对排名给分的制度：最高分拿最好成绩，其余依次递减；比喻信号最强者分到最大仓位
97,生词,one could constrain individual positions to be less than 3 percent,可以把单个头寸限制在3%以内,constraint（约束）的动词形式
97,难句,"Any backward-looking analysis of the volatility of stocks that didn't emphasize the last debacle among financial stocks (10 years earlier, in 1998) would likely have been misled by the steady behavior of these stocks for the decade prior to 2008, and therefore an equal-risk model is likely to have held much larger positions in banks than were warranted once volatility spiked in 2008.",任何回望式的股票波动率分析，只要没有特别强调上一次金融股崩盘（10年前的1998年），就很可能被这些股票2008年之前十年的平稳表现所误导；因此等风险模型在2008年波动率飙升后，很可能持有了远超合理水平的银行股仓位。,主干=analysis would have been misled... and a model is likely to have held...；would have done 表对过去的推断；than were warranted = 超出合理限度
98,生词,Caution is therefore advisable,因此需要保持谨慎,advisable = 明智的、可取的；advise→advisable
98,词组,causes a heavy reliance on the alpha model being right,"导致对""阿尔法模型必须正确""的严重依赖",reliance = rely 的名词；后接动名词复合结构 the alpha model being right
98,生词,"the alpha model, risk model, and t-cost model can be incorporated in portfolio building",阿尔法模型、风险模型和交易成本模型都可纳入组合构建,"incorporate = 吸收合并进整体；另一义""注册成立公司"""
98,术语,less than the expected transaction cost threshold,低于预期交易成本阈值,"threshold 本义""门槛""→临界值"
98,术语,a technique known as mean variance optimization,"称为""均值-方差优化""的技术",Markowitz 1952年提出的组合构建方法：给定风险（方差）下最大化期望收益（均值）
98,词组,make the rules that drive them rational and well-reasoned,让驱动这些模型的规则理性且论证充分,reason 作动词=推理；well-reasoned = 经过充分推理的
98,难句,"These considerations can be accounted for within the alpha model itself, for example by adding a conditioning variable that sets the expected return (or score, or whatever other form of forecast) to ""0"" if the expected return is less than the expected transaction cost threshold.",这些考量可以在阿尔法模型内部处理：例如加入一个条件变量，当预期收益低于预期交易成本阈值时，就把预期收益（或分数，或其他任何形式的预测值）直接设为0。,whatever other form of forecast = 其他无论什么形式的预测；that 定语从句内又嵌套 if 条件句
99,术语,modern portfolio theory (MPT),现代投资组合理论,Markowitz 开创：用均值-方差框架刻画收益与风险的权衡
99,生词,The core tenet of MPT,MPT 的核心信条,tenet = 信条、基本原则；⚠形近：tenant 房客
99,术语,investors are inherently risk averse,投资者天生厌恶风险,风险厌恶：同等收益下偏好风险更低的资产；averse to = 对…反感
99,生词,A corollary is that investors will take on extra risk only if ...,一个自然推论是：投资者只有在…时才愿承担额外风险,数学用语：由定理直接推出的结论
99,术语,maximum risk-adjusted return,最大化风险调整后收益,"收益相对所担风险的比值（如夏普比率），衡量""每单位风险赚多少"""
99,术语,known as the efficient frontier,"称为""有效前沿""",每个风险水平上收益最高的那组组合连成的曲线
99,术语,a hard-to-borrow list provided by a prime broker,主经纪商提供的难借券名单,券源紧张、难以借到因而无法做空的股票清单
99,术语,prime broker,主经纪商,为对冲基金提供融资融券、清算托管等一揽子服务的投行部门
99,难句,"For example, the portfolio optimizer might be required to solve for the optimal (i.e., maximum risk-adjusted return) portfolio, which accounts for the expected returns of each potential holding, the variability of those holdings, the correlation of those holdings to one another, and which minimizes exposure to various prespecified risk factors as specified in the risk model.",例如，可能要求组合优化器求解出最优（即风险调整后收益最大）的组合：它既要考虑每个潜在持仓的预期收益、这些持仓的波动性及其相互间的相关性，又要使对风险模型中预先指定的各类风险因子的敞口最小化。,两个并列 which 从句共同修饰 portfolio；i.e. 插入语先跳过；solve for = 求解出（数学用语）
100,术语,the expected Sharpe ratio of each possible portfolio,每个可能组合的预期夏普比率,组合超额收益除以其波动率，最常用的风险调整后收益指标
100,词组,was chosen simply for illustrative purposes,仅为演示说明之用而选取,for illustrative purposes = 用作示例；illustrate = 举例说明
101,术语,to create a strategic asset allocation that won't need to be dynamically readjusted,建立一个无需动态调整的战略资产配置,长期基本不动的大类资产配置，与频繁调整的战术性配置相对
101,术语,stochastic volatility models,随机波动率模型,"stochastic 源自希腊语""随机""：大体可预测但内含随机成分的过程"
101,术语,which is basically a synonym for a time series in this context,在此语境下基本就是时间序列的同义词,时间序列=按时间顺序排列的一串观测值；synonym = 同义词
101,难句,"Forecasts of direction can be used as forecasts of return simply by making all positive forecasts equal and all negative forecasts equal (often subject to minimum threshold parameters, so that at least the return forecasts have to be of some significant size before making a bet).",方向预测也能当作收益预测来用：只需把所有正向预测设为同一个值、所有负向预测设为同一个值（通常还受最低阈值参数约束，使收益预测至少达到一定幅度才会下注）。,by making A equal and B equal = 通过把…设为相等；so that 表目的；be of some significant size = of+抽象名词表性质
102,术语,Generalized Autoregressive Conditional Heteroskedasticity (GARCH),广义自回归条件异方差模型（GARCH）,1986年 Bollerslev 提出的最常用波动率预测模型，刻画波动率聚集现象
102,生词,the Danish econometrician Tim Bollerslev,丹麦计量经济学家Tim Bollerslev,econometrics = 计量经济学
102,多义,followed by periods of swings,随后是剧烈震荡期,"swing 本义""摇摆""→市场大幅波动"
102,多义,"short, seemingly periodic bursts in volatility occurred",出现了短暂且似乎周期性的波动率骤增,burst = 爆发、突增；⚠形近：bust（破产）
102,词组,do a reasonable job of forecasting volatility in this sort of pattern,在这种形态下把波动率预测做得相当不错,do a good/reasonable job of doing = 把某事做得好/不错
102,词组,"followed by a return to calm, and so forth",接着又回归平静，如此往复,= and so on（等等）
103,术语,"The ""A"" in the acronym GARCH stands for Autoregressive","GARCH 缩写中的""A""代表""自回归""",自回归：用变量自身的过去值预测其未来值；acronym = 首字母缩略词；stand for = 代表
103,术语,characterizes a mean reverting process,刻画一个均值回归过程,均值回归：偏离均值后倾向被拉回；与趋势行为相对
103,术语,trending behavior (which is also called autocorrelative),"趋势性行为（也称""自相关的""）",自相关：时间序列与自身过去值相关；自回归系数为负表示存在趋势性
103,生词,simply outcompeting the other and winning market share,只是在竞争中胜过对方、抢占市场份额,out- 前缀=胜过（outperform 同理）
103,词组,not to mention the more specific market factors,更不用说那些更具体的市场因子,引出更进一层的补充
103,生词,these two indices correlate at a level of 0.37 since inception,这两个指数自起始以来相关系数为0.37,inception = 开端；基金业 since inception = 自成立以来
103,多义,by lagging the Japanese returns by a day,把日本的收益率滞后一天处理,lag = 滞后；日美存在一天时差导致隔日联动
103,难句,"Nevertheless, these two companies will likely have a high positive correlation, because their returns are still driven heavily by the overall market, by their sector, and by their industry, not to mention the more specific market factors associated with being an airline company (e.g., the price of oil).","尽管如此，这两家公司大概率仍会呈高度正相关，因为它们的收益仍主要由大盘、所属板块和行业驱动，更不用说与""航空公司""身份相关的那些更具体的市场因子（例如油价）。",三个 by 并列状语；associated with being an airline company = 动名词作介词宾语
104,多义,Even using a rolling five-year window,即使使用五年滚动窗口,"window = 统计计算所取的时间段，不是""窗户"""
104,多义,at a level of only 0.14 over the whole sample,整个样本期内相关系数仅0.14,"sample = 统计样本/样本期，不是""样品"""
105,术语,"If either company has significant news, this can cause decoupling as well",任何一家公司出现重大新闻也会导致（走势）脱钩,"decouple = 解除耦合；宏观财经高频词""脱钩"""
105,生词,the stock market is experiencing a significant downdraft,股市正经历一轮明显的下挫,"本义""下沉气流""→市场下跌行情"
105,词组,is more or less a fact of the world,差不多是这个世界的既定事实,more or less = 或多或少、基本上
105,难句,"It is not the fault of optimizers, nor of correlation as a statistic, that this happens to be the case in the finance industry.","金融业恰好如此，这既不能怪优化器，也不能怪""相关系数""这个统计量本身。",It is not the fault of A nor of B that... = that 主语从句后置；happen to be = 恰好是
106,生词,it is a quirk of unconstrained optimizers,这是无约束优化器的一个怪癖,quirk = 怪癖、奇特之处
106,术语,Constrained Optimization,带约束优化,在仓位上限、行业上限等约束条件下求最优解；unconstrained = 无约束的
106,生词,An interesting conundrum for the quant,量化交易员面临的一个有趣难题,conundrum = 难解之谜、两难困境
106,语法,to the extent that constraints are applied it can become the case that ...,当约束加到一定程度时，就可能出现…的情况,to the extent that = 达到…的程度；若…到某种地步
106,词组,but it somewhat defeats the purpose of optimizing,但这多少违背了做优化的初衷,defeat the purpose of = 使…失去意义
106,术语,the expected marginal reward must increase substantially faster than the expected marginal risk,预期边际收益的增速必须远快于预期边际风险,"marginal = 边际的（每多承担一单位风险所要求的额外回报），不是""微不足道的"""
106,难句,"but, as the level of sector risk increases to double the prior level, the expected return needed to justify this increase is substantially larger than double the alpha required at the lower level of sector risk.","但当行业风险增加到先前的两倍时，为证明这一增加""值得""所需的预期收益，要远大于低风险水平下所需阿尔法的两倍。","needed to justify 与 required at 均为过去分词后置定语；double 作名词""两倍""；as = 随着"
107,词组,use this set of individual market impact models to feed into the optimizer,把这组个股市场冲击模型输入给优化器,feed = 喂→把数据馈送给程序
107,多义,These are but two of the many ways,这只不过是众多方法中的两种,"⚠but 此处=only（仅仅），书面用法，不是""但是"""
107,生词,iteratively solving for the trade-off that maximizes the objective function,迭代求解使目标函数最大化的权衡方案,iterate = 迭代（反复逼近）；编程高频词
107,词组,"there are many canned, off-the-shelf packages",有许多现成的、拿来即用的软件包,off-the-shelf 从货架上现拿→现成的；canned 罐装的→预先做好的
107,术语,might find a local peak in the curve and stop looking,可能找到曲线上的一个局部峰值就停止搜索,局部最优 vs 全局最优（globally optimal）：优化算法的经典陷阱
107,难句,"The optimizer is trying to solve a lot of problems at once, potentially: maximize returns per unit of risk, accounting for correlation and volatility, while staying within various hard limits (e.g., maximum position size constraints), and while accounting for risk factor exposures and transaction costs.",优化器要同时解决很多问题：在计入相关性和波动率的前提下最大化单位风险收益，同时不越过各种硬性限制（如最大仓位约束），并兼顾风险因子敞口和交易成本。,冒号后为动词短语列举；两个 while + 分词短语表伴随条件；per unit of risk = 每单位风险
108,语法,"Fischer Black, of Black-Scholes fame",因布莱克-斯科尔斯公式而闻名的费雪·布莱克,of ... fame = 以…闻名的（那位）；介绍人物的常用同位语结构
108,生词,its search might take far too long to be practicable,其搜索可能耗时太久而不可行,⚠practicable 切实可行的 ≠ practical 实用的
108,术语,Their Black-Litterman optimizer,他们的布莱克-李特曼优化器,1990年提出：把投资者自身预期（按信心加权）与历史数据混合，缓解输入估计误差问题
108,生词,these with the historical precedent evident in the data,把这些预期与数据中体现的历史先例（相结合）,precedent = 先例；⚠形近：president 总统
108,多义,XOM will rally while CVX will fall,XOM将上涨而CVX将下跌,"⚠rally 此处=价格上涨/反弹；常见义""集会"""
109,生词,it allows for a more holistic approach,它容许一种更全盘统筹的方法,holistic = 整体论的、统筹全局的；与 whole 同源
109,生词,Grinold and Kahn's seminal Active Portfolio Management,Grinold和Kahn的开创性著作《主动组合管理》,seminal = 开创性的、影响深远的；semin-（种子）
109,术语,The idea of this approach is to build factor portfolios,这一方法的思路是构建因子组合,"按单一阿尔法因子（动量、价值、成长等）规则构建的组合；再把这些组合当作""标的""来优化"
109,词组,which are equally weighted for simplicity's sake,为简单起见设为等权,for ...'s sake = 为了…起见
109,难句,"For instance, the value factor's portfolio would look back at the historical data and simulate the results it would have achieved by buying undervalued instruments and shorting overvalued instruments through this historical sample, as though it were reliving the past.",例如，价值因子的组合会回看历史数据，模拟它当年若一路买入被低估、做空被高估的标的所能取得的结果，就好像重新经历一遍过去。,"would have achieved = 对过去的虚拟推测；as though it were = 虚拟语气""仿佛""；relive = 重新经历"
110,术语,His Resampled Efficiency technique may address oversensitivity to estimation error,"他的""重采样效率""技术可缓解对估计误差的过度敏感",Michaud 提出：不改优化器本身，而用重采样改进其输入
110,术语,oversensitivity to estimation error,对估计误差的过度敏感,估计误差：用历史数据估计收益/波动率/相关性时必然带有的偏差；被视为优化器最大软肋
110,术语,resample the data using a technique called Monte Carlo simulation,用一种称为蒙特卡洛模拟的技术对数据重采样,通过随机重排/抽样生成大量假想情景的方法；得名于摩纳哥赌城蒙特卡洛
110,生词,By reshuffling the returns in this way,通过这样对收益序列重新洗牌,shuffle = 洗牌；re- = 再来一遍
110,多义,use it to create a large number of alternate histories for the index,"用它为该指数生成大量""备选历史""","alternate（美式）此处=alternative 另一种可能版本的，不是""交替的"""
110,难句,"This implied that, if we used the past to set expectations for the future—in other words, to estimate the correlation between these two instruments going forward—we are reasonably likely to have the wrong estimate at any given time, relative to the actual correlation that will be observed in the future.",这意味着：如果我们用过去来设定对未来的预期——换言之，用它估计这两个标的今后的相关性——那么在任一时点，我们的估计都很可能与未来实际观察到的相关性对不上。,两个破折号夹插入语先跳过；relative to = 相对于；reasonably likely = 相当有可能
111,词组,A word of warning regarding such resampling techniques,关于这类重采样技术的一句忠告,a word of warning/advice = 一句提醒/忠告
111,多义,a fair representation of the whole population,对总体的公允代表,"⚠population 统计学义=总体（全部可能的观测），不是""人口"""
111,术语,"machine learning techniques, such as supervised learning, or genetic algorithms",机器学习技术，例如监督学习或遗传算法,监督学习：用带标准答案的样本训练模型；遗传算法：模拟生物进化来筛选最优解
111,生词,One interesting byproduct of portfolio optimization,组合优化的一个有趣副产品,by-（附带的）+product；附带结果
111,难句,"This technique is thought to produce more robust predictions than are possible from simply using only the actual sequence of returns the instrument exhibited, in that the researcher is capturing more aspects of the behavior of the instrument.",这一技术被认为能给出比只用标的实际收益序列更稳健的预测，原因在于研究者捕捉到了标的行为的更多侧面。,than are possible... 比较从句省略主语；returns [that] the instrument exhibited 省略 that；in that = 因为
112,词组,might end up as a short position in the final portfolio (or vice versa),最终可能在组合里变成空头头寸（反之亦然）,vice versa（拉丁语）= 反过来也一样
112,术语,the portfolio must be neutral to each industry group,组合必须对每个行业组保持中性,中性=多空敞口相抵、净头寸为零；行业中性/市场中性策略的核心概念
112,词组,the most simplistic optimization techniques ... are in the minority,最简单粗糙的优化技术占少数,in the minority = 占少数；反义 in the majority；simplistic = 过于简单化的
112,词组,"That said, it is highly likely that the larger positions are those with the strongest expected returns",话虽如此，更大的头寸很可能就是预期收益最强的那些,that said = having said that；先让步再转折
112,术语,This last phenomenon is sometimes known as the substitution effect,"这后一种现象有时称为""替代效应""","优化器因某标的交易成本过高，转而买入与之高度相关的""替身""标的的现象"
112,难句,The strange behavior described here—having a position in the opposite direction as the alpha model's forecast—is observable mainly with the smaller positions in the portfolio because it is among these that the expected returns can be overcome by transaction cost or risk management considerations.,这里描述的怪现象——持仓方向与阿尔法模型预测相反——主要出现在组合中较小的头寸上，因为正是在这些小头寸上，预期收益才会被交易成本或风控考量所压倒。,"破折号插入语先跳过；it is among these that... = 强调句型""正是在这些之中"""
113,词组,built from scratch,从零开始构建,start/build from scratch = 白手起家、从头做起
113,词组,in the normal course of business,在正常业务流程中,course = 进程；固定搭配
113,术语,"an ""intrinsic"" alpha approach vs a ""relative"" alpha approach",内生（绝对）阿尔法 vs 相对阿尔法,内生=直接预测单个标的自身走势；相对=预测标的之间的相对强弱
113,术语,equity market neutral strategies,股票市场中性策略,多空对冲使组合对大盘涨跌几乎无敞口的策略
113,生词,in a relative alpha paradigm,在相对阿尔法范式下,paradigm = 范式、思维框架
113,多义,the strategy is doomed to start with,这个策略从一开始就注定要失败,doom = 厄运→be doomed 注定完蛋；to start with = 打从一开始
113,术语,a correlation matrix (one of the key inputs to the optimizer),相关性矩阵,记录各标的两两相关系数的矩阵，优化器的关键输入
113,难句,"After all, in a relative alpha paradigm, the forecast for a given instrument is as much a function of that instrument's behavior as it is about the behavior of the instruments to which the first is being compared.",毕竟，在相对阿尔法范式下，对某一标的的预测，既取决于该标的自身的行为，同样也取决于与它相比较的那些标的的行为。,as much A as B = 既是A也是B；to which the first is being compared = 介词前置的定语从句（the first 指前一个标的）
114,词组,logic rooted in modern portfolio theory,植根于现代组合理论的逻辑,be rooted in = 根源在于
114,生词,justify the arbitrariness of the rules,为规则的任意性辩护,arbitrary 任意武断的→名词 arbitrariness；⚠形近 arbitrage 套利
114,生词,the myriad issues,无数的问题,myriad = 无数的、五花八门的
114,词组,share one common thread,有一条共同的主线,thread = 线→贯穿始终的线索
114,多义,"maximize the ""goodness"" of the outcome","最大化结果的""优度""","goodness 此处=好的程度（优度），不是""善良"""
114,生词,the penultimate stop on the trip,旅程的倒数第二站,pen-(近乎)+ultimate(最后)=倒数第二的
114,难句,"For example, some seek to maximize the Sharpe ratio, others seek to maximize the ratio of return to maximum peak-to-valley drawdown, and still others might seek to maximize the expected return without consideration given to the level of risk.",例如，有人追求最大化夏普比率，有人追求最大化收益与最大回撤之比，还有人可能追求最大化预期收益而完全不考虑风险水平。,some / others / still others 三层排比；without consideration given to = 对…不予考虑（given 过去分词后置）
117,文化,"Quality is never an accident; it is always the result of high intention, sincere effort, intelligent direction and skillful execution. —William A. Foster",质量从来不是偶然，它永远是高远立意、真诚努力、明智指导和娴熟执行的结果。,"章首题词；execution 一语双关：既是名言里的""执行力""，也点出本章主题""交易执行"""
117,生词,through a human intermediary (e.g. a broker),通过人工中介（如经纪商）,intermediary = 中间人；inter-(之间)+mediary(媒介)
117,多义,most quants elect to utilize the electronic method,大多数量化交易者选择采用电子方式,"elect to do = 选择做，不是""选举"""
117,术语,direct market access (DMA),直接市场接入,借用券商的基础设施和交易所连接、直接在电子市场下单的方式
117,术语,any type of liquidity pool,流动性池,泛指任何可撮合买卖的场所（交易所、ECN、暗池等）
117,词组,"For ease, I will refer to any type of liquidity pool ... as an exchange","为行文方便起见，我把任何流动性池统称为""交易所""",for ease = 为简便起见；refer to A as B = 把A称作B
118,术语,a larger block trade,大宗交易,一次性买卖大量股票的交易，常需协商价格
118,术语,"a service most brokerages offer, namely, portfolio bidding",组合竞标（打包报价）,经纪商按组合统计特征收固定费用、以保证价格整体接下组合的服务
118,多义,a blind portfolio that the trader wants to transact,"一个""盲""组合（不披露具体持仓）",blind 此处=只给估值比率、行业构成等统计特征而不亮出具体标的
118,术语,100 basis points = 1 percent,基点,1个基点=0.01%；金融计费和利差的基本单位
118,多义,the sector breakdown,行业构成明细,"breakdown 此处=分类明细，不是""故障/崩溃"""
118,多义,assumes the risk of trading out of the portfolio,承担平掉该组合的风险,"assume 此处=承担（风险/责任），不是""假设"""
118,词组,trading out of the portfolio at future market prices,以未来的市价把该组合逐步平仓,trade out of a position = 通过交易退出头寸
118,词组,"market capitalizations, and the like",市值等等诸如此类,= and so on
118,多义,not materially different now from what it was,与过去没有实质性差别,"material 此处=重大的、实质性的（法律财务义），不是""物质的"""
118,生词,outsource order working to brokers,把订单执行外包给经纪商,out+source = 外包给外部
118,多义,interface with brokers on behalf of the trader,代表交易者与经纪商对接,interface 作动词=打交道、对接；on behalf of = 代表
118,难句,"Once an agreement is reached between the broker and the quant, he receives the transactions from the broker at the pre-agreed price, and the broker receives his fee for the service and assumes the risk of trading out of the portfolio at future market prices, which may be better or worse than the prices they have guaranteed.",经纪商与量化交易者一旦达成协议，后者就按事先约定的价格从经纪商手中拿到这些交易，而经纪商收取服务费，并承担在未来市价下平掉该组合的风险——未来市价可能比其保证的价格更好也可能更差。,"主句三个并列谓语（receives / receives / assumes）；which 指代 future market prices；买的是""成交价格的确定性"""
119,多义,these volumes are a form of currency for the trading firms,"这些成交量对交易公司是一种""通货""（谈判筹码）",currency 此处比喻=能换取好处的资本：佣金可换来券商的研究、数据、募资协助
119,多义,their discretionary counterparts,与他们对应的主观交易者,counterpart = 对应角色的人；⚠形近 counterparty（交易对手方），两词本书都高频
119,多义,differ principally in the mechanics and not so much in the ideas,差别主要在具体操作机制而非理念,"mechanics 此处=运作细节/手法，不是""力学"""
119,生词,it may be reasonably viewed as overkill,"可以被合理地视为""杀鸡用牛刀""",overkill = 超出实际需要的过度投入
119,词组,they are only worth pursuing if they can be made up for in frequency,只有能靠交易频率弥补回来才值得追求,make up for = 弥补；高速带来的微小节省×高频次=可观收益
119,生词,cheapness has several facets,低成本包含好几个方面,facet = 宝石的切面→（问题的）方面
120,术语,the notion of the mid-market,中间价,最优买价与最优卖价的平均值；判断单笔成交价好坏的最标准参照
120,术语,the average of the best bid and the best offer,最优买价 / 最优卖价,bid=买方出价；offer（=ask）=卖方要价；两者之差即买卖价差
120,多义,at whatever price prevails at the market,以市场上当时通行的任何价格,prevail = 现行、占主导；prevailing price/trend = 现行价格/趋势
120,多义,a bid or offer resting in the order book,挂在订单簿里等待成交的买单或卖单,rest 此处=（限价单）静静挂着，交易行话；resting order = 挂单
120,语法,obviously below the then-current mid-market,明显低于当时的中间价,then- 前缀+形容词=当时的（then-current、then-CEO）
120,术语,the volume-weighted average price (VWAP),成交量加权平均价,以各笔成交量为权重的平均成交价；评价执行算法多笔交易质量的最常用基准
120,术语,two general approaches to execution: aggressive and passive,激进型与被动型执行,激进=主动吃单立即成交；被动=挂限价单等对方来成交
120,难句,"If an order execution algorithm leaves an obvious footprint, its activities become predictable to other market participants, and these other participants may well react in such a way as to increase the market impact and slippage incurred by such an algorithm.","如果执行算法留下明显""足迹""，它的行为就会被其他市场参与者预判，而这些参与者的反应很可能会加大该算法蒙受的市场冲击和滑点。",in such a way as to do = 以…的方式（以致于）；incurred by... = 过去分词后置定语（所蒙受的）
121,术语,filled according to a pro rata allocation,按比例分配成交,拉丁语：主动单按同价位各挂单的大小占比分配给被动单
121,生词,"the tiebreaker is, not surprisingly, which one came first",决出先后的规则毫不意外是谁先来,tie（平局）+breaker（打破者）=平局判定规则，源于体育比赛
121,术语,a trade-off between oversizing and overtrading,超量挂单与过度撤换单之间的取舍,pro rata 市场特有：挂大单多分成交但可能超出所需仓位 vs 挂小单则需频繁下单撤单
121,难句,"For two traders offering the same price, traders who show their orders are given higher priority (by most exchanges) than those who hide them (more on this shortly), and for traders who are still tied, the tiebreaker is, not surprisingly, (most often) which one came first.",对报同一价格的交易者，公开挂单者（在多数交易所）比隐藏挂单者优先级更高；如仍并列，判定先后的规则毫不意外地（通常）是谁先到。,多重插入语（by most exchanges / more on this shortly / not surprisingly / most often）先跳过读主干；tied = 不分胜负
122,词组,the price is likely to move against you in the short term,短期内价格很可能朝对你不利的方向走,move against sb = 行情与自己的头寸方向相反
122,词组,a vicious cycle of oversizing,超量挂单的恶性循环,vicious = 恶性的；反义 virtuous cycle 良性循环
122,词组,the transaction will take out multiple bids or offers,这笔交易会吃掉多档买价或卖价,"take out = 把挂单""打掉/吃掉""；taking out a passive order = 吃掉别人的被动挂单"
122,术语,it crosses the spread and removes the best offer from the order book,跨越价差成交,主动按对手方报价成交（买单直接打到卖价），付出价差换取立即成交
122,术语,this is also known as lifting the offer,抬走卖价：按最优卖价主动买入,交易行话；对应的卖出动作是 hit the bid（打到买价卖出）
122,多义,worth it paying the bid-offer spread to get put on right away,值得付出价差立刻建仓,put on a position/trade = 建仓；get put on = （头寸）被建立
122,难句,A trader who is willing to cross the bid-offer spread by placing an active order may well have information that the trade he is conducting is actually worth it paying the bid-offer spread to get put on right away.,一个愿意通过下主动单跨越买卖价差的交易者，很可能掌握了某种信息：他正在做的这笔交易确实值得付出价差的代价来立即建仓。,"information that... = 同位语从句；the trade [that] he is conducting 省略关系词；worth it paying... = 口语化结构""值得为此付出…"""
123,词组,sweetens the deal for a passive order,让被动挂单的条件更诱人,sweeten the deal = 加甜头、开出更优惠的条件
123,词组,typically on the order of two-tenths of a cent per share,通常在每股0.2美分的量级,"on the order of = 大约、在…数量级上；⚠不是""按照订单"""
123,多义,the liquidity provision (or taking) rebate (or fee) factors into the decision,返佣（或费用）会被计入决策考量,factor into = 作为一个因素纳入；名词 factor（因素）动词化
123,术语,alpha strategies based on a concept of momentum ... mean reversion strategies,动量策略 / 均值回归策略,动量=顺势追涨杀跌（怕行情跑掉→执行偏激进）；均值回归=赌价格回归（可以等→执行偏被动）
123,文化,standing in front of the steamroller,站在压路机前面,"典出谚语""在压路机前捡硬币""：赚小钱却冒被碾压的大风险；均值回归策略逆势挂单正是如此"
123,生词,it would be illogical to fret over a few pennies per share,为每股几美分而纠结毫无道理,fret over/about = 为…焦虑、烦恼
123,多义,when many dollars are the upside,当上行空间是好多美元的时候,upside = 潜在收益/上涨空间；反义 downside 下行风险
123,词组,a fairly common middle ground,一种相当常见的折中做法,middle ground = 中间立场、折中方案
123,术语,the spread ... is larger than the minimum tick size,价差大于最小报价单位,tick size = 价格变动的最小刻度；价差大于一档才能在买卖价之间插单
123,多义,the limit order caps the amount by which he is worse off,限价单给他多付的金额设了上限,cap 动词=封顶、设上限；名词=帽子/上限
123,语法,he is worse off / you are better off,他吃亏 / 你更划算,be better/worse off = 处境更好/更差的比较级习惯用法
123,生词,in trading parlance,用交易行话来说,parlance = 某一行业/圈子的说法、用语
124,术语,adding an order to the best bid or offer is known as joining it; placing an order that constitutes a new best bid or offer is known as improving,跟价挂单 / 改善报价,joining = 把订单挂到现有最优价上排队；improving = 挂出更优价格成为新的最优报价
124,术语,a so-called micro price or fair value for an instrument,微观价格,按买卖挂单量失衡加权计算的公允价格，比中间价更能反映真实价值
124,多义,"the best bid has 10,000 units quoted, while the best offer has only 1 unit quoted",最优买价挂了1万单位而最优卖价只挂了1个单位,"quote 此处=报价、挂出（动词），不是""引用""；quoted price = 挂牌价"
124,术语,the imbalance between bids and offers in the limit order book,订单簿中买卖挂单的失衡,买盘量与卖盘量的不平衡，判断短期价格压力方向的信号
124,生词,given the plethora of exchanges and their rules,鉴于交易所及其规则名目繁多,plethora = 过多、大量（多到繁杂）
124,多义,other order types are retired,另一些订单类型被停用下线,"retire 此处=（产品/类型）退役、停用，不是""退休"""
124,术语,hidden orders are a way to mask one's limit orders from the market,隐藏订单,不在订单簿显示的限价单；代价是同价位排队优先级低于可见订单
124,词组,to hide one's hand in terms of buy/sell intentions,不亮底牌（隐藏买卖意图）,扑克比喻：hand = 手牌；show/hide one's hand = 亮牌/藏牌
124,词组,he gives away a bit of information,他就泄露了一点信息,"give away = （无意中）泄露；另一义""赠送"""
125,术语,one algorithmic trading technique that utilizes hidden orders is known as iceberging,冰山订单策略,把一张大单剁成许多小单、大部分以隐藏单挂出——如同冰山只露一角（tip of an iceberg）
125,术语,market-on-close orders,收盘市价单,指示经纪商在当日收盘集合竞价时以市价释放的订单
125,术语,stop limit orders,止损限价单,先等标的成交到预设触发价，再挂出限价单
125,术语,a fill-or-kill order ... an all-or-none order,FOK（全额立即成交否则撤单）/ AON（全额成交否则保留）,都要求一次性全额成交；区别：FOK 不满足立即自动取消，AON 不满足则继续挂着不动
125,术语,a good-till-canceled order,GTC（撤销前有效）订单,不随当日收盘自动失效，可持续数日数周直到交易者主动撤单
125,多义,there are also modifiers to orders,订单还可以加附加条件,"modifier 此处=附加在订单上的执行条件，不是语法术语""修饰语"""
125,词组,to stay abreast of the latest order types available,及时跟进了解最新的订单类型,abreast = 并肩、齐头；keep/stay abreast of = 与最新动态保持同步
125,语法,the more execution-intensive a strategy is,"策略越是""执行密集型""","名词+-intensive = …密集型的（labor-/capital-/execution-intensive）；配合 the more..., the more... 结构"
125,术语,intermarket sweep orders (ISOs),跨市场扫单指令（ISO）,自建合并订单簿并自担合规检查的交易者获准使用的指令，可绕过官方慢速数据正确挂单
125,术语,the Regulation National Market System (NMS),全美市场系统规则（Reg NMS）,美国股市监管框架：要求各交易所行情联通、禁止锁定市场等；2007年实施
125,术语,a ban on so-called locked markets,锁定市场,同一股票最优买价等于最优卖价却互不成交的状态；Reg NMS 禁止挂出造成锁定的订单
126,术语,the consolidated book / the publicly available consolidated limit order book,合并订单簿,把所有交易所挂单汇总成的全市场订单簿；consolidate = 合并汇总
126,术语,direct data feeds from each exchange,来自各交易所的直连行情数据源,feed = 持续推送的数据流；直连数据比官方合并数据更快
126,词组,anticipating that the price of WXYZ is set to rise,预计WXYZ的价格即将上涨,be set to do = 即将、势必要
126,词组,let it suffice to say that ...,这里只需说…（就够了）,suffice = 足够；用于点到为止地给出结论
126,术语,broker-dealers have the right to recognize a given client's ability,经纪自营商,既可代客交易（broker）又可自营买卖（dealer）的持牌券商
126,术语,they perform their own compliance checks,他们自行完成合规检查,compliance = 合规；compliant with = 符合（法规）；金融机构的合规部门即此词
126,多义,they are allowed to use the ISO flag on their orders,获准在订单上打ISO标志位,"flag 此处=计算机含义""标记/标志位""，不是""旗帜"""
126,词组,"hit the offer of $100.00 on 3,000 shares",主动打掉100.00美元价位上3000股的卖单,hit = 主动成交对手方挂单；常见说法：hit the bid（打到买价卖出）/ lift the offer（抬走卖价买入）
126,难句,"However, because a piece of software that Reg NMS requires exchanges to use to communicate with one another regarding the aggregated limit order book is slow, the 3,000 share offer will not disappear immediately from the consolidated book.",然而，由于Reg NMS要求各交易所用来相互通报合并订单簿的那套软件运行缓慢，这笔3000股的卖单不会立即从合并订单簿中消失。,because 从句主语中心词是 a piece of software，后接嵌套定语从句 that Reg NMS requires exchanges to use（require sb to do）+ 目的状语 to communicate...，真正谓语是 is slow——长主语先找谓语
127,生词,a large order costs disproportionately more to execute than a small order,大单的执行成本不成比例地高于小单,dis+proportion（比例）+ately：成本随单量超线性增长
127,词组,demand for liquidity starts eating into more and more expensive supplies of liquidity,对流动性的需求开始蚕食越来越贵的流动性供给,eat into = 逐步侵蚀、消耗（利润、储蓄、流动性）
127,多义,spreading the orders out over a window of time,把订单摊开在一段时间窗口内分批下,spread out = 分散摊开；⚠与名词 spread（买卖价差）区分；window of time = 时间窗口
127,多义,the exact size of the chunks that are sent to market,"发到市场的每个子单""块""的具体大小","chunk = 大块→大单拆分出的子单；与IT用语""分块""同源"
127,多义,warrants taking on more of it quickly,值得快速多吃进一些仓位,"take on = 承接、吃进（头寸/风险/任务），不是""呈现"""
127,多义,sweeping through multiple levels of the order book,横扫吃穿订单簿的多档价位,sweep = 扫单：连续吃掉多个价位的挂单；ISO 名称中的 sweep 即此义
127,术语,a whole field of work in the area of smart order routing,智能订单路由,实时判断把订单发往哪个流动性池最有利的技术；route = 把订单发送至某场所
127,生词,it was enacted in 2007,该规则于2007年颁布实施,enact = （法律法规）颁布、使生效；en+act（法案）
127,难句,"For example, a trader might find that taking whatever liquidity is available at the best offer (on a buy trade, for example) and then waiting for others to step in and offer the same price a moment later could allow the same volume of shares to be acquired at whatever the best offer was at the time that the first piece of the order was executed, rather than a worse average price achieved by sweeping through multiple levels of the order book.",例如，交易者可能发现：先吃掉最优卖价上现有的全部流动性（以买入为例），再等其他人稍后进场在同一价位重新挂卖，就能让同样数量的股票全部按第一笔成交时的最优卖价买到，而不是以扫穿订单簿多档价位换来的更差均价成交。,"that 从句里两个动名词短语（taking... and then waiting...）并列作主语，谓语是 could allow；whatever the best offer was = 名词性从句""当时最优卖价是多少就按多少""；rather than 引出对比"
128,生词,must be displayed by all pools of liquidity concurrently,必须由所有流动性池同时展示,concurrent = 同时发生的、并发的；⚠形近 currently（目前）
128,术语,many other markets in which a fragmented structure exists,许多存在碎片化结构的其他市场,fragmented market = 同一标的在多个场所交易、流动性分散的市场
128,生词,temporal or longer-lived differences,时间上短暂的或更持久的差异,temporal = 时间上的、一时的；⚠形近 temporary（临时的）；-lived = 存续…的
128,术语,the depth of liquidity for a given name may vary tremendously,某只标的的流动性深度可能变化极大,"depth = 盘口深度：各档价位上挂单量的""厚度"""
128,多义,exchanges can be categorized as being lit or dark,"交易所可分为""明""与""暗""两类","lit = light 的过去分词""点亮的""→公开展示订单簿报价的（明池交易所）"
128,词组,given the rise to prominence of dark liquidity pools,鉴于暗池流动性的迅速崛起,prominence = 显要地位；rise to prominence = 崭露头角、变得举足轻重
128,多义,most retail orders are filled by contracted market makers,大多数散户订单由签约做市商成交,retail 此处=散户的（零售→个人投资者）；与 institutional（机构的）相对
128,词组,which has made for an interesting storyline to watch,这造就了一条值得关注的故事线,make for = 促成、造就；storyline = 剧情线→引申指行业演变动态
128,多义,there is a battle being waged between exchanges and dark pools,交易所与暗池之间正上演一场争斗,"wage 动词=发动、进行（战争/斗争），与名词""工资""无关；wage war/battle 固定搭配"
128,难句,"Thinking back to what we described in ""Aggressive versus Passive"" about the shape of an order book factoring into a prospective participant's trading decision, giving no information about your order to the rest of the marketplace is clearly beneficial.","回想我们在""激进与被动""一节所讲的——订单簿形态会被潜在参与者纳入交易决策——那么不向市场其他人透露你订单的任何信息显然是有利的。","句首 Thinking back to... 是分词状语；真正主语是动名词短语 giving no information...；an order book factoring into... = 动名词复合结构（""订单簿形态被纳入考量""这件事）"
129,术语,DMA access,直接市场接入,Direct Market Access：使用经纪商的服务器和通道，订单直连交易所各成交场所
129,术语,colocation,服务器托管；共置,把交易服务器放在物理上尽量靠近交易所（常在同一数据中心）以降低延迟；高频策略标配
129,多义,routing orders through them,（经服务器）路由/传送订单,route 作动词=按路径发送（网络用语），不是名词的路线
129,生词,the desire for proximity,对（物理）邻近的追求,approximate 同根；proximity = 邻近、接近
129,难句,The reason for the desire for proximity is quite literally to cut down to as short as possible the distance that the order must travel—at the speed of light—over the communication lines between the quant's server and the exchange.,追求物理上靠近交易所的原因十分直白：就是要把订单必须走过的距离——以光速沿量化机构服务器与交易所之间的通信线路传输——压缩到尽可能短。,cut down to as short as possible the distance = 宾语后置（正常语序 cut the distance down to as short as possible）；破折号插入语先跳过读主干
129,术语,Financial Information eXchange (FIX) protocol,金融信息交换协议（FIX协议）,1992年起源的电子交易通信标准：订单与执行信息的通用报文格式；开源免费
129,词组,the method of choice,首选方法,of choice = 首选的、公认最佳的（the weapon of choice 同款结构）
130,文化,not all FIX engines are created equal,并非所有FIX引擎都生来平等（水平参差不齐）,化用美国《独立宣言》名句 all men are created equal
130,多义,a fair number of quants land in each camp,相当多的量化机构分属两个阵营,camp = 阵营（自建派 vs 购买派）；land in = 落入；a fair number of = 不少
130,生词,it is a more rigid process,更僵硬、缺乏灵活性的,硬件一旦定制便难以更改；rigid = 刚性的
130,多义,make their algorithms ... leaner,把算法做得更精简,lean 本义瘦的→（系统/组织）精简无冗余；名词 leanness = 精简性
130,多义,a categorically faster processor,速度快出一个档次的处理器,categorically 此处=绝对地、无可争议地；另一常见义=断然（否认）
130,词组,have been pressed into service,被征用；被投入使用,原指强征入伍→把某物挪作他用（GPU 被用于量化交易）
131,词组,Execution is where the rubber meets the road,见真章的关键实战环节,美式习语：轮胎接触路面之处=理论真正落地、经受检验的地方
131,多义,those managing significant sums,管理大额资金的人,sum 名词=金额；significant sums = 巨额资金；不是求和
131,术语,execution vendors,（执行服务）供应商,vendor = 服务/产品的卖方；书中高频：data vendor 数据商、execution vendor 执行服务商
131,生词,a fruitful area of research,富有成果的研究领域,fruit→fruitful 硕果累累的
131,生词,our stroll inside the black box,我们在黑箱内部的这番漫步,stroll = 散步；作者把全书讲解比作带读者在黑箱里遛了一圈
131,难句,It can often cost five or more times as much per share to trade through a third party's algorithms than to trade using one's own.,通过第三方算法交易，每股成本往往是用自家算法交易的五倍以上。,it 为形式主语，真主语是 to trade...；times as much ... than 为口语化倍数比较（规范写法 as ... as）
133,难句,"I'd sell you my kids before I'd sell you my data, and I'm not selling you my kids.",我宁可把孩子卖给你也不会把数据卖给你——而我可不打算卖孩子。,would do A before B = 宁可A也绝不B；后半句幽默兜底，强调数据之珍贵
133,术语,input/output model,输入/输出模型,计算机科学概念：信息处理器与外界通信的方式；同样的输入应得到同样的输出
133,词组,On receipt of these data,一收到这些数据,= upon receiving；receipt = 收到（不只是收据）
133,多义,the internal organs of the quant trading machine,量化交易机器的内脏,把阿尔法、风险、成本、组合构建、执行各模型比作器官；organ = 器官，不是风琴
133,术语,data feed handlers,数据接收处理程序,把数据源传来的数据转换为系统各模块可存储、可使用格式的软件
133,词组,It is difficult to overstate the importance of data,数据的重要性怎么强调都不为过,difficult to overstate = 再怎么夸大也不算过分；⚠overstate（夸大）与 understate（轻描淡写）相对
134,生词,storage and retrieval,存储与检索,retrieve = 取回；数据库两大基本操作
134,文化,the failure of the Mars Climate Orbiter (MCO) in 1999,1999年火星气候探测器坠毁事件,著名工程事故：一个团队用公制单位（牛顿）、另一团队用英制单位（磅力），2亿美元探测器偏离轨道烧毁；作者以此说明坏数据毁掉好模型
134,生词,the software that controlled the craft's thrusters,（飞行器的）推进器,thrust（推力）+ -er；craft = 飞行器
134,词组,the satellite drifted off course,卫星偏离了航线,drift = 漂移；off course = 偏离既定路线；⚠course 航线 ≠ coarse 粗糙的
134,词组,In the aftermath,在事件之后；善后阶段,aftermath 原指割草后再生的草→灾难余波、后果
135,词组,as many decimal places as you care to see,你想看多少位小数都行,as ... as you care to = 随你想要多少；care to do = 愿意做
135,生词,timeliness is critical,及时性至关重要,timely（及时的）→timeliness；量化交易全靠时机，数据到得快不快是命门
135,语法,what good is the model?,这模型还有什么用？,what good is X = X 有何用处；good 作名词（用处）的倒装疑问句
135,生词,countless hours of squandered research,被白白浪费的无数研究时间,squander = 挥霍、浪费
135,生词,invalid theorization,站不住脚的理论构建,theorize（建立理论）→theorization；基于坏数据会推出错误理论
135,生词,expend significant resources,投入大量资源,⚠expend（花费、耗费）≠ expand（扩张）
135,术语,collect their own data from primary sources,一手数据源,直接从交易所、监管机构等源头采集，而非向数据商购买
135,术语,the entire order book,订单簿,某标的全天所有买价/卖价及对应数量的连续记录
135,难句,"If the data have serious problems, it will be impossible to tell whether a system being tested, no matter how sophisticated the testing nor how elegant the model, is good or bad.",如果数据有严重问题，那么无论测试多么复杂、模型多么优雅，都无法判断被测系统究竟是好是坏。,主干 whether a system ... is good or bad 中间插入 no matter how ... nor how ... 让步状语；先跳过插入语找到 is
136,术语,a company's balance sheet,资产负债表,主要用于反映公司财务健康状况（financial health）
136,术语,"budget, trade deficit, or personal savings data",贸易赤字,进口大于出口的差额；与预算、居民储蓄并列衡量一国财务健康
136,术语,ratios of accruals to total revenue,应计项目,权责发生制下已确认但未实际收付的项目；应计占比高常被视为盈利质量差的信号
136,词组,the amount of cash on hand,手头现金；在手现金,on hand = 现有的、手头持有的
136,多义,How analysts rate a stock,分析师如何给股票评级,rate 作动词=评级、打分，不是名词比率
136,术语,the buying and selling activity of company insiders,公司内部人,高管、董事、大股东等；其买卖行为是情绪数据的一种
136,多义,systematically parse these stories,（用程序）解析这些新闻报道,parse = 计算机对文本做结构化分析并提取信息，不只是看懂
137,生词,not to diminish the ingenuity of those who developed such ideas,（无意贬低其）巧思,ingenious（巧妙的）→ingenuity；⚠≠ingenuous（天真坦率的）
137,生词,these differing periodicities,不同的（数据）更新周期,period→periodicity；价格数据按日/日内刷新，基本面数据按周/月/季刷新
137,词组,a handy rule of thumb,好用的经验法则,拇指估测长度的典故→不精确但实用的法则；handy = 顺手好用的
137,词组,to bear in mind when looking at a quant strategy,记在心里；牢记,bear = 怀有、持有；= keep in mind
137,术语,short interest,空头持仓量,某股票被做空且尚未回补的总股数
137,术语,timestamps,时间戳,标记每条数据发生时刻的标签；时间戳出错是常见数据问题
137,多义,filings related to large owners of individual stocks,（向监管机构提交的）备案文件,file 作动词=向监管提交；filing = 申报材料，不是文件夹
138,多义,House-created data,自家制作的数据,house 此处=公司自家（与 in-house 同源），不是房子
138,多义,quantified databases that they then license to quant traders,把（数据库）授权给量化交易者使用,license 作动词=有偿许可使用，不是名词执照
138,术语,security master,证券主档,把不同数据商对同一证券的不同标识映射为唯一标识的主文件
138,词组,still other firms have cropped up,冒出来；涌现,crop = 庄稼→像庄稼一样纷纷长出来
138,生词,tertiary data vendors,三级数据商,primary/secondary/tertiary = 一级/二级/三级；整合多家一二级数据商的数据统一供给量化机构
138,多义,a subject we will discuss in more detail presently,（我们）稍后（将详谈的话题）,⚠presently 此处=不久、稍后；另一义=目前；两义易混
138,语法,"as much benefit as they offer in terms of ease, tertiary data vendors do add another layer between the quant and the original data",尽管三级数据商在便利性上好处多多，但它们确实在量化机构与原始数据之间又加了一层。,as much benefit as they offer = 让步结构（= though they offer much benefit）；do add 的 do 表强调
139,生词,some of the following data problems seem egregious,（问题看起来）极其明显、严重,egregious = 出奇地坏、显眼地恶劣
139,词组,as we alluded to already,正如我们已经提到的,allude to = 间接提及、暗指；名词 allusion
139,多义,the system has nothing to go on,系统没有任何可依据的东西,go on 此处=作为依据（nothing to go on = 无凭无据），不是继续
139,生词,the system doesn't act rashly,（系统不会）轻率行事,rash = 鲁莽的；⚠rash 作名词另义=皮疹
139,多义,by withholding just some portion of the data,只缺失/扣下一部分数据,withhold = 扣住不给；预扣税 withholding tax 同源
139,生词,systems can make erroneous computations,错误的（计算）,error 的形容词形式
139,术语,interpolate what a reasonable value might be,插值,用缺失点前后的已知值推算中间合理值的数学方法；主要用于历史数据
139,术语,back-fill missing data points in a database,回填（缺失数据）,事后补齐历史数据库中的缺口
139,难句,"However, there is a very different implication to the model thinking the price is now zero (for example, if we were long the instrument, we'd be showing a 100 percent loss on the position) versus thinking that the price is unknown at the moment.",然而，模型认为价格现在是零（例如若持有多头，头寸就会显示亏损100%）与认为价格暂时未知，两者含义截然不同。,A versus B 对比结构；thinking 为动名词；括号内为虚拟举例（if we were ... we'd be ...）
140,生词,cause all sorts of other mayhem,引发种种混乱,mayhem = 大混乱（原为法律术语，指重伤害罪）
140,生词,if it suddenly and inexplicably jumped 100-fold,莫名其妙地（暴涨百倍）,explicable（可解释的）加否定前缀；100-fold = 百倍
140,术语,bad prints,坏点；错误成交记录,print = 成交记录（行话）；bad print = 实际从未发生或与实际不符的数据点
140,术语,spike filter,尖峰过滤器,识别价格中异常巨大的瞬间跳动并将其平滑或剔除的数据清洗工具；最常用的数据纠错手段
140,词组,either smooth these out or eliminate them altogether,把（尖峰）平滑掉,smooth 作动词=使平滑；altogether = 完全、彻底
140,词组,regained virtually all that ground in a matter of seconds,几秒内几乎收复全部失地,ground = 阵地→跌掉的价位；in a matter of seconds = 短短几秒之内
141,语法,dropped about 1.4 percent in a few seconds ... only to recover immediately,几秒内跌了约1.4%，结果却随即收复,only to do = 不料却、结果却（表出人意料的后续结果）
141,词组,a whole other ball of wax,完全是另一码事,美式习语：ball of wax = 一整摊事；两家数据源对不上时怎么办是另一个难题
141,术语,corporate actions such as splits and dividends,公司行为,拆股、分红、并购等影响股价与股本的公司事件；需独立跟踪并调整历史数据
141,术语,a ticker that splits 3:1,拆股（1拆3）,股数变三倍、股价约跌三分之二；数据商若不调整历史价格，系统会误以为一夜暴跌67%
141,多义,the human-oversight version of a spike filter,带人工监督的尖峰过滤器,⚠oversight 两义相反：监督/疏忽；此处=人工监督审核
141,多义,A spike filter might well have called this a bad print,（过滤器）很可能会把这判定为坏点,call 此处=判定、认定为；might well = 很有可能
142,多义,if the time series is shuffled,如果时间序列的顺序被打乱,shuffle = 洗牌→打乱次序
142,术语,look-ahead bias,前视偏差,误以为自己在当时就能知道实际上更晚才可知的信息；回测头号陷阱，本书反复讨论
142,生词,it derives from asynchronicity in the data,（数据中的）异步性,a-（否定）+ synchron（同步）：不同数据的时间没有对齐
142,术语,regulatory filings of financial statements (known as 10-Qs),10-Q季报,美国上市公司每季度向监管提交的财务报告；数据以季末为基准但四至八周后才发布
142,术语,making the result a strongly positive surprise,（业绩）大超预期,earnings surprise = 盈利意外：实际公布值与分析师预期之差；positive = 超预期
142,词组,getting yesterday's news the day before yesterday,在前天就拿到昨天的新闻,作者对前视偏差的俏皮概括：用了当时还不可能存在的信息
143,术语,In the back-test,回测,用历史数据模拟检验策略历史表现；⚠回测中最怕前视偏差
143,难句,"In the back-test, she sees that her model buys Acme in April because its P/E ratio looks appealing from April 1 onward, given the $1-per-share earnings result, even though the model would not have known about the $1 earnings figure until May 1 if she had been trading back then.",在回测中她看到模型4月就买入Acme——因为按每股1美元的盈利计算，4月1日起市盈率就显得诱人——尽管若她当时真在实盘交易，模型要到5月1日才可能知道这个盈利数字。,given = 考虑到、鉴于；would not have known ... if she had been trading = 对过去的虚拟；onward = 自…起
143,术语,making a Type I error,第一类错误,统计术语：把假当真（假阳性）；此处=误信一个其实靠数据错误撑起来的策略有效
143,术语,quants can put an artificial lag on the data,给数据加上人为滞后,故意延迟模型看到某数据的时间，以规避前视偏差
143,术语,careful tracking of the revision history,（数据的）修订历史,宏观数据（如失业率）发布后常被多次修订；回测须用当时的初始值而非修订值
144,词组,Europe tried to make up ground that Monday,试图追回失地/补涨,make up = 弥补；ground = 失去的阵地（跌幅）
144,词组,look-ahead bias seeps into the process,（偏差）悄悄渗入（研究过程）,seep = 液体渗漏→不知不觉地混入
144,术语,flat file,平面文件,二维表式数据库（类似电子表格）；结构简单、开销小，但只能顺序检索；indexed flat file = 加索引加速查找
144,多义,there is very little baggage or overhead to slow them down,拖慢系统的负担或开销很小,overhead 计算机义=额外开销；会计义=管理费用；不是头顶上方
144,生词,searched very easily,usually in a sequential manner,按顺序地（从第一行到最后一行） sequence（序列）→sequential 依次的
144,词组,The index gives the computer a sort of cheat sheet,小抄；速查表,考试小抄→帮助快速定位的辅助工具；此处比喻索引让搜索更聪明
144,术语,relational database,关系型数据库,支持数据集之间复杂关联关系的数据库，与平面文件相对；便于同一记录多表联动更新
144,生词,the countries of their domicile,（公司）注册地所在国,法律术语：住所地/注册地；⚠形近 domestic（国内的）
145,生词,slow and cumbersome,迟缓笨重的；繁琐的,cumber=拖累；形容系统或流程臃肿低效
145,多义,searches can span many tables,（搜索）可跨越多张表,span 动词=横跨、覆盖；名词义为“跨度”
145,术语,data cube,数据立方体,三维表：一轴列所有标的、一轴列属性（如收盘价）、一轴列日期，把全部数据存进一个立方体
145,多义,it hardwires certain relationships,把某些关系“写死”/固化,本义硬件布线；引申=预先固定、事后难改（导致 inflexibility 僵化）
145,术语,the method of querying the data,查询（数据）,query = 数据库查询，IT 高频词
145,多义,data are scarcely the most exciting part,绝算不上；几乎不是,scarcely = hardly；⚠形近 scarce（稀缺的）
145,多义,so integral and critical to everything quants do,不可或缺的,integral 此处=构成整体所必需的，不是数学“积分”
145,词组,we will dive into the research process,深入探讨,dive in(to) = 一头扎进去研究
145,难句,"Though data are scarcely the most exciting part of a quant strategy, they are so integral and critical to everything quants do and inform so much of how to think about a given quant system that they are well worth understanding.",尽管数据绝算不上量化策略中最有趣的部分，但它对量化的一切工作如此不可或缺、又如此深刻地影响着理解一个量化系统的思路，因此非常值得弄懂。,so ... that ... 结果状语从句；inform 此处=塑造/影响（认知），不是“通知”
147,文化,"Everything should be made as simple as possible, but not simpler.",凡事应尽可能简单，但不能简单过头。,爱因斯坦名言（本章题词）；量化界常引用：模型要简洁但不能简化到失真
147,词组,the best quants earn their laurels,赢得荣誉/声望,laurel=月桂冠（古希腊授予优胜者）；rest on one's laurels=躺在功劳簿上
147,难句,"It is in large part because of well-designed, rigorous, and tireless research programs that the best quants earn their laurels.",顶尖量化机构之所以能赢得声誉，很大程度上正是因为它们设计精良、严谨且永不停歇的研究体系。,It is ... that ... 强调句，强调 because of 引导的原因状语
147,生词,to scrutinize a well-conceived investment strategy,严格审视；细察,名词 scrutiny；监管与研究语境高频
147,生词,it forces rigor and discipline into ...,严谨,rigorous（严谨的）的名词；科研高频
147,词组,their adherence to the scientific method,对（科学方法）的恪守,adhere to = 遵循、坚持；本义“黏附”
147,多义,well-behaved quants,规范行事的（量化机构）,不是“乖巧听话”；指严格按科学方法做研究、不乱来的
147,词组,"research, which has its roots in the natural sciences",起源于；根子在,have one's roots in = 源自
148,词组,quants could easily be led astray by wishful thinking,被引入歧途,astray = 偏离正道；lead sb astray = 把人带偏
148,词组,wishful thinking,一厢情愿,只相信自己希望为真的结论；研究纪律的头号敌人
148,词组,"Put differently, the scientist sees a pattern in her observations.",换个说法；换言之,= in other words，句首独立成分
148,生词,the all-important testing of the theory,至关重要的,all- 前缀表加强=最要紧的
148,术语,"Karl Popper, the eminent philosopher of science, labeled this technique falsification.",证伪,波普尔科学哲学：科学不去“证明”理论，而是寻找能推翻理论的反例；disprove = 推翻、证否
148,生词,the eminent philosopher of science,杰出的；德高望重的,⚠三兄弟：eminent 杰出 / imminent 迫在眉睫 / immanent 内在固有
148,生词,superseded by Einstein's general relativity theory,取代,super（其上）+sede（坐）=后来者居上取而代之
148,生词,other then-known celestial bodies,天体的,celestial bodies = 天体；then-known = 当时已知的（then 作定语）
148,多义,stars in the outskirts of galaxies,（星系的）外缘,常见义=城市郊区；此处指星系外围区域
148,词组,"and lo and behold, she finds that the evidence does not contradict her theory",瞧！果不其然,古旧感叹语，常带调侃：结果还真是如此
148,难句,"But rather than looking to ""prove"" a theory, properly done science seeks to find the opposite of the consequences deduced, which would therefore disprove the theory.",但规范的科学不是去“证明”一个理论，而是去寻找与推演出的结论相反的证据，从而推翻（证伪）该理论。,rather than doing = 而不是…；consequences deduced 为过去分词后置定语（被推演出的结论）
149,生词,ensure that their research output is prolific,多产的；源源不断的,本义（作家、作物）高产；此处指研究成果持续产出
149,生词,the changing whims of the aggregate psychology,反复无常的念头,on a whim = 一时兴起；whimsical = 任性古怪的
149,生词,with as much rigor and forethought,深谋远虑,fore-（预先）+thought=事先的周密考虑
149,生词,most directly embodies the spirit of the scientific method,体现；具体化,em-（使入）+body（身体）=使抽象精神有了具体形态
149,多义,the migration of a researcher or portfolio manager from one quant shop to the next,（人才在公司间的）流动、跳槽,不是候鸟迁徙；指研究员带着想法在量化公司之间迁移
149,多义,there are sweeping moves in many markets,大幅度席卷式的（行情）,sweep 横扫→sweeping = 波澜壮阔的；另义“笼统的”（sweeping statement）
149,生词,he postulated that one could build a system,假定；提出主张,学术用词：把某命题设为推理的起点
149,词组,detect that these trends had begun and then ride the wave,乘浪而行；顺势而为,趋势跟踪的形象说法：抓住趋势后一路骑到底
149,多义,the first publicly held commodity fund,公开募集的；公众持有的,held = 被持有；与私人持有相对
149,难句,"Whether from regulatory changes, the changing whims of the aggregate psychology of investors and traders, the constant competition for alpha among traders, or whatever other phenomena, the markets are in fact highly dynamic processes.",无论是源于监管变化、投资者与交易员整体心理的反复无常、交易者之间对阿尔法的持续争夺，还是其他任何现象，市场实际上都是高度动态的过程。,"Whether from A, B, C, or D 四项并列作让步状语，主句压轴出现"
150,多义,spawned an industry that now manages hundreds of billions,催生；衍生出,本义（鱼类）产卵；引申=大量催生出（行业、公司、人才）
150,词组,the academic literature ... is replete with papers,充满；满是,= full of，书面语
150,多义,CFOs attempt to fudge their companies' earnings,做手脚；粉饰,本义乳脂软糖；动词=篡改、含糊蒙混（数据、账目）
150,多义,several now have strategies in their arsenal,（策略）武器库,本义兵工厂；引申=可动用的全部手段
150,生词,scouring academic journals,翻遍；地毯式搜寻,本义用力擦洗；引申=彻底搜罗
150,生词,glean ideas that can be tested,一点点搜集,本义拾麦穗；引申=从各处零星收集（信息、想法）
150,词组,an academic paper that made massive waves,引起轰动,make waves = 掀起波澜；massive 加强程度
150,多义,"modestly entitled ""Portfolio Selection""",题为…,entitle 此处=给…命题目；⚠另一义 be entitled to = 有权享有；modestly 带反讽——如此重要的论文标题起得很“低调”
150,术语,noncompete and nondisclosure agreements,竞业禁止协议与保密协议,限制员工跳槽后为对手效力/泄密的合同；nondisclosure = 不披露（NDA）
150,词组,its founder cut his teeth at Morgan Stanley's statistical arbitrage prop trading desk,出道；积累最初经验,本义婴儿长乳牙；引申=在某处开始职业生涯练本事
150,多义,has itself spawned several successful alumni,前员工们,本义校友（alumnus 复数）；引申=从某公司出来的人
150,文化,a group of new traders called the Turtles,海龟交易员,Richard Dennis 为与 Eckhardt 打赌“交易能不能教会”而招募素人培训成趋势交易员的著名实验
150,难句,"At least part of the attraction of a potential new hire who has worked elsewhere must be the prospect of learning about the activities, and maybe even some secrets, of competitors.",招一个在别处干过的新人，其吸引力至少有一部分在于有望了解竞争对手的动向、甚至一些机密。,主语=part of the attraction（带 of + who 从句的长主语）；and maybe even some secrets 是插入成分，与 activities 并列后接 of competitors
151,生词,iron-clad noncompete agreements,牢不可破的；铁定的,本义披装甲的；引申=（条款）严密到无懈可击
151,多义,the traders were ultimately terminated by Millennium,解雇,terminate 此处=解聘（委婉语），不只是“终止”
151,词组,retaining them was more trouble than it was worth,得不偿失,费的劲超过带来的价值
151,词组,investors who have peeked behind the curtains,窥探幕后,投资人尽调时看到量化公司内部运作；curtain = 幕布
151,生词,codify aspects of the latter's behavior into a trading system,编纂成规则；成文化,与 code 同源：把隐性经验写成明文规则/代码
151,词组,Not all are necessarily bound for success.,注定走向；驶向,bound for = （车船）开往→注定通往；⚠bound 另义“被束缚的”
151,术语,stop-loss policy,止损策略,系统化地对亏损头寸认赔离场的规则
151,术语,Technical trader,技术分析交易员,主观看图交易者：根据价格图形形态的“规则”做决策
151,术语,a head and shoulders pattern,头肩形态,技术分析经典图形：三个峰、中间最高，常被视为趋势反转信号
151,词组,put an idea through the grinder of a research process,让（想法）过一遍“绞肉机”般的检验,grinder = 研磨机；比喻研究流程的严苛筛选，活到最后才算数
151,词组,research is an activity that is fraught with peril,充满凶险,fraught with = 充满（负面事物）；peril = 危险（书面语）
151,生词,forgo rigor in favor of wishful thinking,放弃；舍弃,forgo = 主动放弃；in favor of = 转而选择
151,术语,the in-sample period / the out-of-sample period,样本内区间 / 样本外区间,样本内=用来训练模型的数据段；样本外=留出来检验模型真本事的数据段
151,难句,"This could be because the idea itself is not based on valid theory, or it might be because the human version is ultimately less rule based, as one might like to believe, condemning a truly systematic implementation to be unsuccessful.",这可能是因为这类想法本身就没有有效理论根基，也可能如有人愿意相信的那样，是因为人操作的版本终究没那么“规则化”，从而注定纯系统化的复刻难以成功。,condemn ... to = 使…注定（坏结局），不是“谴责”；as one might like to believe 为插入语；分词短语 condemning ... 表结果
152,词组,That sounds rather like a mouthful of marbles.,一长串拗口难懂的话,a mouthful = 绕口的一串话；marble = 玻璃弹珠，含着一嘴弹珠说话→更含混
152,词组,let's walk through it term by term,逐项讲解,walk sb through sth = 一步步带着过一遍；term by term = 逐个词
152,术语,These levels are parameters.,参数,定义模型某方面、可自由设定并影响表现的量；找最优参数=训练（train）模型
152,多义,generate a lukewarm reaction,不冷不热的；冷淡的,本义微温的（水）；引申=兴趣寥寥的反应
152,词组,fine-tune the choices he presents to you,微调,tune 调音→fine-tune = 精细调整（参数、方案）
152,生词,a matter we will discuss in some detail forthwith,随即；马上,正式用语 = immediately、紧接着
152,多义,the quant's model is constantly buffeted by new information,受到连番冲击,buffet 动词=（风浪）反复捶打；⚠与名词“自助餐”同形不同音
152,语法,"To the extent he succeeds in this endeavor, he has performed well.",在他做到这一点的限度内（做到几分算几分）,to the extent (that) = 在…的程度上；表示成败按程度衡量而非全有全无
153,词组,known to the model in their entirety,完完整整地,in its/their entirety = 整体、全部地
153,多义,like the answer key to a test in grade school,标准答案；答案册,key 此处=答案；样本内数据对模型来说如同开卷考试的答案
153,生词,its breadth and its length,广度,broad 的名词；⚠形近 breath（呼吸）/ breadth（宽度）
153,词组,she has at her disposal data starting in 1990,可供她随意使用,disposal 此处=支配权，不是“丢弃处理”
153,术语,a broad cross-section of stocks across sectors and capitalization levels,横截面,统计术语：同一时点上跨个体（行业、市值）的样本范围，与时间序列相对
153,术语,equity risk premium,股票风险溢价,持有股票相对无风险资产要求的超额回报；书中用标普盈利收益率减 10 年期国债收益率计算
153,多义,scenarios and market events that the model has to fit itself to / model fitting,拟合,fit 统计义=让模型贴合数据；不是“合身、健身”
153,难句,"On the other hand, the more data the model is allowed to see while it is being tuned, the greater the risk of creating a model that is nothing more than a good explanation of the past.",另一方面，调校模型时让它看到的数据越多，造出一个“只不过把过去解释得很好”的模型的风险就越大。,"the more ..., the greater ... 比较级平行结构；nothing more than = 仅仅是（暗指过拟合历史）；tune = 调校"
154,术语,10-year Treasury note,（美国）10 年期国债,note 此处=中期国库券，⚠不是“笔记”；按期限分 bill（短）/note（中）/bond（长）
154,术语,for tactical asset allocation purposes,战术资产配置,依据短中期判断在资产类别间动态调仓，与长期“战略配置”相对
154,文化,"as they say, one picture is worth a thousand words",一图胜千言,英语谚语；as they say = 常言道
154,多义,its return stream is very lumpy,（收益）疙疙瘩瘩、极不平滑,lump = 块、疙瘩；指利润集中在少数时段、大起大落；作者自创统计量 lumpiness = 显著高于均值的时段贡献的收益占比
154,词组,to sit on the sidelines making almost no trades,场边观望；按兵不动,sideline = 球场边线；比喻不下场交易、空仓等待
155,生词,this misperception is mainly due to a wide variety of deadly traps,误解；错误认知,mis- + perception（感知）；⚠近义 misconception（错误观念）
155,多义,a statistic we dubbed lumpiness,把…命名为,dub 此处=起名、冠以称号；另一义“配音”
155,语法,"it is good to know what to expect as an investor in or practitioner of a strategy, if for no other reason than to discern when the strategy's behavior is changing",哪怕别无它用、单为…也值得,固定句式：退一步说，仅凭这一条理由也该做
155,术语,the peak-to-valley drawdown is –15 percent,峰谷回撤,从净值最高点到随后最低点的最大跌幅；投资人须承受的痛苦上限，越小越好
155,术语,the annualized standard deviation of its daily returns,年化的,把不同期限的收益或波动折算成一年口径
156,多义,the strategy will remain in negative territory for quite a while,亏损区间,territory 本义领土；in negative/positive territory = 处于负值/正值区间（财经高频）
156,术语,a convertible bond arbitrage strategy,可转债套利,做多可转债并对冲相关风险，赚取其定价偏差
156,术语,The problem was sample bias.,样本偏差,样本不能公平代表所有可能结果，导致结论失真（如只覆盖顺境年份）
156,生词,an underappreciation of the potential downside risks,认识不足；低估,under- + appreciation；⚠appreciate 多义：领会/升值/感激
156,词组,if the environment did turn ugly,（形势）变糟、变险恶,ugly 引申=险恶的；did 为强调助动词=真的变糟
156,词组,even then is at best a ballpark figure,大致估计的数字,美国文化梗：ballpark = 棒球场；in the ballpark = 八九不离十
156,术语,This practice is known as resampling.,重采样,把历史收益序列反复洗牌重排，生成成千上万条理论上可能的路径，以增强历史样本的说服力
156,词组,we shuffle the deck and then turn the cards over,洗牌,shuffle = 洗牌；deck = 一副牌；作者把策略的历史收益分布比作一副牌
156,难句,"Either the sample over which the drawdown was computed is sufficiently large as to cover a large range of market regimes and both favorable and unfavorable environments (specifically as it relates to the strategy being tested), or it doesn't.",要么用来计算回撤的样本足够大，大到涵盖各种市场状态、顺境与逆境（特别是就所测策略而言），要么就是不够大。,Either ... or it doesn't：前半支极长、后半支仅三个词的不对称结构；sufficiently large as to = 大到足以
156,难句,"It may, we worry, contain too many aces and kings, and not enough twos and threes.",我们担心，这副牌里可能 A 和 K 太多，2 和 3 太少。,we worry 为插入语；延续“历史=一副牌”的比喻：历史样本里好牌（顺境）可能偏多、坏牌（逆境）不足
157,术语,A statistic known as the R-squared (R²),R 平方；决定系数,被预测对象的变动中能被预测信号解释的比例，取值 0–1；量化实战中样本外 R²=0.05 已属顶级
157,生词,a superb R² in our industry is 0.05,极佳的；顶级的,super 同源；形容词表“出类拔萃”
157,词组,"If you see an R² above 0.15 and it's not because you made a mistake, run the other way, because the SEC will arrest you for insider trading if you use it.",撒腿就跑；赶紧躲开,幽默：R² 高得离谱要么是算错、要么是内幕消息；SEC = 美国证监会
157,多义,People have gotten rich off a 0.02 R².,靠着…（发财）,get rich off sth = 靠某物赚钱；off 表来源，近似 from
158,多义,bucketing the returns of the instruments ... / the leftmost bucket,分组；分桶,统计用法：把样本按预测值大小分成若干组；本义水桶；bucketing = 分桶法
158,术语,the deciles (or any other quantile preferred by the researcher),分位数,把样本按大小等分的分组方式；quintile = 五分位组
158,术语,a monotonic relationship between our alpha signal and the target,单调（递增）的,数学义：始终朝同一方向变化，不回头；⚠形近 monotonous = 单调乏味的
158,术语,in accordance with the bullishness of the forecasts,看多程度,bullish 看涨 / bearish 看跌（牛角向上顶、熊掌向下拍）；second-most-bearish = 看空程度第二高的
158,多义,The leftmost bucket of signals coincides with an average return of –2.35 percent.,与…恰好对应；一致,coincide = 恰好吻合/同时发生；名词 coincidence = 巧合
158,难句,"In general, a model with reliable predictive power is one that demonstrates that the worst returns are found in the bucket for which the worst returns are expected, with each successive bucket of improving expected returns in fact performing better than the prior bucket.",一般而言，预测力可靠的模型应该是：最差的实际收益恰好落在预期最差的那一组，而且随着预期收益逐组改善，实际表现也确实一组好过一组。,with + 名词 + 现在分词的独立主格结构补充说明；for which 定语从句=“预期最差收益所对应的那一组”
159,多义,contribute only modestly to the bottom line,净利润；最终盈亏,本义财报最后一行（净利）；⚠“底线/要点”是另一引申义
159,多义,each might contribute only modestly,幅度很小地；仅略微,modest 此处=数额不大的，不是“谦虚”
159,生词,have shortened this moniker by dropping the word ratio,称呼；名号,口语=名称、绰号；业内直接说 a 2 Sharpe = 夏普为 2 的策略
159,术语,the information ratio,信息比率,与夏普比率同构，只是公式中不扣无风险利率
159,词组,A close cousin of the Sharpe ratio is the information ratio.,近亲；同类变体,cousin 表亲→性质相近的事物
159,术语,"the Sterling ratio, the Calmar ratio, and the Omega ratio",Calmar 比率等风险调整收益指标,Calmar=平均收益/最大峰谷回撤；Sterling=平均收益/低于均值收益的波动；Omega=正收益之和/负收益之和
160,多义,how crowded the strategy is,（策略的）拥挤程度,量化术语 crowding：同一策略用的人越多，价格越快收敛到新均衡、利润衰减越快
160,生词,a synergistic relationship between the new idea and the existing strategy,协同增效的,synergy = 1+1>2 的协同效应
160,术语,measure the value-added of a new strategy,增量价值；附加值,新策略给现有策略组合额外带来的改进；好想法若不能改善组合便无用
160,术语,Time Decay,时间衰减,信号的预测效果随执行延迟而衰减的现象；另在期权语境指时间价值损耗
160,术语,initiate trades on a lagged basis,滞后地（执行）,lag = 滞后；收到信号后故意延迟一天、两天再交易，用来测试信号时效性
160,生词,faster degradation of profit potential,衰减；退化,degrade 的名词；⚠与 upgrade（升级）反向联想记忆
160,生词,deterioration in the aggregate recommendation level,恶化；变差,动词 deteriorate；此处指评级整体被调低
160,词组,its effects are very short-lived,持续时间很短的；短命的,该信号的效应转瞬即逝，对信息时效极其敏感
160,多义,there were five downgrades on April 28,（评级）下调,down + grade；名词=一次调降行动；反义 upgrade = 上调
161,生词,able to transact in MSFT,进行交易（动词）,transaction 的动词形式；transact in + 标的
161,多义,the recommendation changes,（分析师）评级建议,"金融语境=分析师买入/卖出评级，不是一般的""推荐"""
161,多义,if he initiated the trade,建仓；发起（交易）,initiate a trade/position = 开始建立头寸
161,术语,stress-testing a strategy's dependence on timely information,压力测试,故意用苛刻假设检验策略是否扛得住
161,术语,delaying the signal's implementation,（交易）信号,模型发出的买卖指令；全书高频
161,术语,Illustration of Time Decay of Alpha,阿尔法的时间衰减,信号的预测力随时间流逝而减弱
161,难句,"As such, the quant trader must be careful not to allow his simulation to assume that he was able to transact in MSFT early enough to capture any of the 11.1 percent change.",因此，量化交易员必须小心，不能让自己的模拟回测假定他能足够早地交易微软股票、从而吃到那11.1%变动中的任何一部分。,allow A to assume that = 让A（回测程序）作出…假定；early enough to do = 早到足以…
162,词组,does not necessarily bode well,是个好兆头,bode well/ill for = 预示吉/凶
162,词组,can go without implementing,可以不做…也无妨,go without sth/doing = 没有…也过得去
162,词组,smoothness of the goodness of outcomes with respect to parameter values,关于；相对于…而言,数学/正式用语：（结果）随参数变化而言的（平滑性）
162,难句,"In general, it is not comforting to know that you get a signal from your trading strategy that you not only can go without implementing for a little while (which would be the better result) but that you actually are better off ignoring for at least a full day after you get the signal.",总的来说，知道自己的策略发出的信号不仅可以暂时不执行（这样结果反而更好），甚至干脆晾上至少一整天再执行更划算，这可不是件让人安心的事。,主干 it is not comforting to know that…；a signal 后接 that 定语从句，从句内部 not only … but (that) … 并列
163,多义,an absolute terror of overfitting,令人闻之色变的大患,"terror 此处=可怕的事物/心头大患，不只是""恐怖"""
163,词组,asking too much of the data,对…要求过高,ask too much of sb/sth = 苛求
163,生词,the past fluctuations in asset prices,波动,fluctuate 动词=上下波动
163,生词,the conditionalities utilized,条件设定,模型里嵌入的各种 if 条件
163,生词,it is unequivocally complex,毫不含糊地；明确无疑地,equivocal 模棱两可→unequivocally 毫无疑义地
163,术语,The desire for relatively simple models is known as parsimony,简约原则,建模哲学：用尽量少的假设和参数解释现象
163,文化,known as Occam's razor,奥卡姆剃刀,"中世纪修士""奥卡姆的威廉""提出的原则：""如无必要，勿增实体""，即解释应尽量简单"
163,难句,"And while we all expect the past to provide some guidance as to the future, we also must understand that the past is, at best, an imperfect guide to the future.",尽管我们都指望过去能为未来提供一些指引，我们也必须明白：过去顶多只是一份并不完美的未来指南。,while = 尽管（让步）；as to = 关于；at best 插入语=充其量
164,术语,no reason to believe ex ante,事前地（拉丁语）,与 ex post（事后）相对；金融文献高频拉丁短语
164,生词,his analysis would become muddled,混乱不清的,muddle = 搅浑；思路一团糟
164,词组,it leaves out too many important variables,遗漏；漏掉,leave out = 未包括进来
164,多义,the size of the lot,地块；宅基地,"房产语境=一块地皮，不是""许多""（a lot）"
164,词组,balancing on the tightrope between trying to explain the past too perfectly and trying to explain it too little,走钢丝；在两难间求平衡,balance on a tightrope between A and B = 在A与B之间艰难权衡
164,术语,this is known as lookback in quant circles,回看窗口,"计算价格变化所用的历史时段长度（如20日动量中的""20日""）"
164,词组,"parsimony, the stripping away of unnecessary assumptions and complexity",剥除；去掉,strip away = 层层剥掉
164,难句,"If he adds a large number of factors to the mix, such as the color of the guest bathroom tiles or the type of roofing material, given that there is no reason to believe ex ante that such factors are priorities for you as his client, his analysis would become muddled and confused.",如果他往组合里加入一大堆因素，比如客用卫生间瓷砖的颜色或屋顶材料的类型，那么鉴于事前并无理由认为这些因素是你这位客户的优先考量，他的分析就会变得混乱不堪。,主干在句尾 his analysis would become…；such as 举例插入语和 given that（鉴于）条件插入语要先跳过
165,多义,Quants can fix parameters in a few ways,确定；敲定（参数）,"fix 此处=把值定下来，不是""修理"""
165,多义,based on a prior conviction about how the markets function,坚定的看法；信念,"不是""定罪""！a prior conviction = 事先形成的信念"
165,多义,indicate how much promise the strategy has,前景；潜力,"show/have promise = 有前途；不是""承诺"""
165,生词,There are drawbacks to this approach,缺点；弊端,= disadvantage
165,术语,a researcher who has Bayesian tendencies,贝叶斯（学派）的,主张用先验信念加新数据不断更新概率判断的统计学派
165,词组,will likely be inclined to set parameters in this manner,倾向于,be inclined to do = 倾向于做
166,生词,Choice C looks enticing,诱人的,entice = 引诱
166,多义,the highest point of a broad plateau,平台区；高原,曲线上一段平坦的高位区域；参数落在该区域内表现都不错
166,语法,It bears discussing a bit about why this margin of safety is so important,值得（讨论/一提）,"bear + doing = 值得做；⚠不是""忍受""，也不是名词""熊"""
166,生词,"the standard performance disclaimer: ""Past performance is not an indication of future results.""",免责声明,过往业绩不代表未来表现即基金业的标准免责声明
166,词组,we want our model to err on the side of caution,宁可失之谨慎,err on the side of X = 万一要犯错，宁可错在X的方向上
166,多义,not solely as a result of some accident of the sample data,偶然；巧合,"此处=偶然性，不是""事故"""
166,词组,an exercise so fraught with overfitting peril,充满（风险）的,fraught with danger/peril = 危机四伏；peril = 危险
166,难句,"Yet we all tend to judge the success of a trader at least partly by performance, which is a way of saying that we think the past might actually be some indication of the future.",然而我们都倾向于至少部分地凭业绩评判一个交易员的成败——这等于是说，我们认为过去或许真能在某种程度上预示未来。,which 指代前面整句；a way of saying that = 换个说法就是；some = 某种程度的
167,术语,the data are extremely noisy / just very little signal buried in all that noise,噪声,"数据中无预测价值的随机扰动；与 signal（信号）相对，即""信噪比""概念"
167,词组,using a wide array of measurements and techniques,一系列；各式各样的,array = 阵列→大量排列的事物
167,术语,"Out-of-sample testing, the second half of the testing process",样本外测试,用拟合参数时从未见过的数据检验模型；对应 in-sample（样本内）
167,词组,be entirely at peace with the fact that most ideas simply don't work,坦然接受,at peace with = 与…和解、心平气和地接受
167,术语,a rolling out-of-sample technique,滚动样本外测试,每次丢掉最旧数据点、加入最新数据点，滚动重复拟合与检验
167,难句,"Something which, therefore, closely explains such a noisy process must be viewed with an extreme amount of skepticism.",因此，凡是能把这样一个充满噪声的过程解释得严丝合缝的东西，都必须以极大的怀疑眼光看待。,Something + which 定语从句整体作主语；therefore 插入语；closely explains = 解释得很贴合
168,词组,Before we break out the champagne,开香槟庆祝,break out = 拿出（好酒）；先别急着庆功
168,生词,using that information to train the model anew,重新；再一次,= again（书面语）
168,生词,This sullies the purpose of an out-of-sample test,玷污；败坏,使原本纯净的东西变脏（比喻义）
168,生词,The world finds new and interesting ways to confound our understanding,挫败；使困惑,⚠形近：confound 使困惑/挫败 ≠ confirm 证实
168,生词,a subtle and nefarious form of look-ahead bias,恶劣的；阴险的,程度很重的贬义词
168,难句,"The researcher, already having invested a lot of time on the model, decides to examine the reasons for the model's failure over the out-of-sample period and discovers that the environment changed between the in- and out-of-sample periods in such a way that the model was making losing trades during the latter.",这位研究员因已在模型上投入大量时间，便决定细查模型在样本外失败的原因，结果发现样本内外两个时期市场环境发生了变化，以致模型在后一时期不断做出亏钱的交易。,already having invested 完成时分词插入语（表原因）；in such a way that = 以致于；the latter 指样本外时期
169,术语,This practice is called burning data by some quants,烧数据（行话）,"反复用样本外数据改模型，把它""烧""成了变相的样本内数据"
169,生词,take reasonably drastic measures,激烈的；极端的,⚠形近：drastic 激烈的 ≠ dramatic 戏剧性的
169,词组,is forgone in favor of a combination of extra vigilance ...,转而采用；弃A取B,"abandon A in favor of B = 舍A取B，不只是""赞成"""
169,生词,extra vigilance regarding the in-sample results,警惕；警觉,vigilant 形容词=警觉的
169,词组,Another component in the testing process revolves around the assumptions,围绕…展开,revolve = 旋转→以…为中心
169,术语,for equity market-neutral or long/short strategies,市场中性,多空对冲使组合基本不受大盘涨跌影响的策略
169,难句,"Interestingly, during the research process there is no empirical evidence of what a trading strategy would actually have cost to implement in the past.",有意思的是，在研究阶段并不存在任何实证证据，能说明一个策略过去若真的执行会花多少交易成本。,would have cost = 对过去的虚拟推测（当时并未真交易）；what 从句作 of 的宾语
170,术语,the strategy is actually breakeven on 55 percent of its trades,盈亏平衡（的）,不赚不亏；breakeven point = 保本点
170,多义,cause a quant to turn over his portfolio too quickly,换手；调仓,"turnover = 换手率；不是""翻转/上交"""
170,多义,therefore bleed from the excess costs of transactions,（资金）失血；持续流失,比喻：被成本慢慢放血
170,术语,"the trade would be considered a naked short sale, which is illegal in the United States",裸卖空,未借到券就先行卖空；在美国属违法
170,多义,the broker cannot mechanically locate shares to borrow,找到（券源）,"卖空合规程序：券商须先""locate""到可借入的股票"
170,多义,making money when the stock market tumbles,暴跌,"tumble 本义""跌倒/翻滚""→行情大幅下挫"
170,词组,such historical data are hard to come by,难以获得,come by = 弄到、得到
170,词组,We have only scratched the surface of the work that a quant must do,只触及皮毛,只挠到表面，远未深入
170,难句,"Stated generally, overestimating transaction costs will cause a quant to hold positions for longer than is likely optimal, whereas underestimating transaction costs will cause a quant to turn over his portfolio too quickly and therefore bleed from the excess costs of transactions.",一般而言，高估交易成本会让量化交易员持仓超过最优时长，而低估交易成本则会让他换手过快、从而被多余的交易成本不断放血。,Stated generally 过去分词状语=一般来说；whereas 表对比；than is likely optimal 比较从句省略主语
171,生词,this is the formative stage of a strategy's life,形成期的；奠基性的,formative years/stage = 性格或事物成形的关键阶段
171,词组,Mistakes made during research become baked into a strategy for its lifetime,固化进；写死在里面,bake in = 烘焙时揉进面团→（错误/假设）被永久嵌入
171,多义,the research effort is not a one-time affair,事情；事务,affair = 一件事（不只指绯闻）；one-time affair = 一锤子买卖
171,词组,there is no one-size-fits-all answer,一刀切的；万能通用的,"来自服装""均码""：一个尺码人人能穿"
175,文化,"""Torture numbers, and they'll confess to anything.""",对数字严刑逼供，它们什么都会招。,"章首题词，讽刺数据挖掘：只要拷问得够狠，数据能""招认""任何你想要的结论"
175,词组,(risks) or are incidental to the strategy,附带的；伴生而非本意的,incidental to = 随…附带产生的；⚠形近：incidental 附带的 ≠ accidental 意外的
175,语法,shared by both quants and discretionary traders alike,两者皆然,"A and B alike = A和B都一样（alike 后置强调""无一例外""）"
175,难句,We have defined two broad classes of exposures: those that generate returns in the long run (alpha and beta) and are intentionally accepted and those that do not generate long-term returns (risks) or are incidental to the strategy.,我们已定义了两大类敞口：一类能在长期产生回报（阿尔法与贝塔）且是被有意接受的；另一类不产生长期回报（即风险），或只是策略的附带产物。,those that … and those that … 两个并列定语从句；第一个 those 内部又用 and 并列两个谓语
176,术语,Model risk is the most basic form of risk any quant system brings to an investor,模型风险,模型未能准确描述/匹配/预测其想利用的真实世界现象的风险
176,多义,even in a benign environment for momentum,有利的；温和的,行情语境=顺风顺水的；医学义=良性（肿瘤）
176,术语,"the inapplicability of modeling, model misspecification, and implementation errors",模型设定错误,模型形式或假设选错（如用线性模型套非线性关系）
176,生词,Inapplicability of modeling is a fundamental error,不适用（性）,applicable 适用的→加 in- 与 -ity；指对根本不该建模的问题强行建模
176,生词,The global market turmoil in 2008,动荡；混乱,金融报道高频词：market turmoil 市场动荡
176,多义,which was fueled in part by the securitized mortgage business,助推；推波助澜,"fuel 作动词=为…添燃料，不是名词""燃料"""
176,术语,the securitized mortgage business,证券化的,securitization = 把按揭等资产打包做成可交易证券
176,词组,on the back of the comfort gained in the output of these models,凭借；仰仗,on the back of = 靠着…的支撑
176,多义,"instruments that, each on its own, were toxic",有毒的,金融义：toxic assets 有毒资产=会造成巨亏的劣质资产
176,难句,"They modeled what would happen in various scenarios, and on the back of the comfort gained in the output of these models, they issued AAA-rated bonds backed by instruments that, each on its own, were toxic.","他们模拟了各种情景下会发生什么，然后仗着模型输出带来的""安心感""，发行了AAA评级的债券——而支撑这些债券的底层工具单个来看个个有毒。",backed by = 以…为担保/底层资产；each on its own 插入语=单独来看
177,生词,misapplication of an otherwise valid technique,（对本来有效的方法的）误用,mis-（错误）+application；同段 inapplicability = 不适用性；otherwise = 在其他方面本来
177,术语,fat tails,肥尾,极端值出现频率远高于正态钟形分布（normal bell-curve distribution）预期的现象
177,生词,subtler / because of this subtlety,更微妙 / 微妙之处,subtle 微妙的（b 不发音）→名词 subtlety
177,词组,which we have already touched on,我们已简要提及的,touch on = 简要谈到、点到为止
177,文化,would look more like the Gateway Arch in St. Louis than a straight line,更像圣路易斯大拱门而非一条直线,"美国地标""大拱门""，巨型拱形曲线；比喻两只股票的关系是弯的（非线性），拟合直线会出错"
177,难句,"In fact, the S&P has posted a return this poor on average once per 13 months, or 119 times more frequently than you'd be led to believe from a normal distribution.",事实上，标普平均每13个月就录得一次这么差的回报，频率比正态分布让你以为的高119倍。,"a return this poor = this 作副词（""这么差""）；be led to believe = 被（模型）误导而相信"
179,词组,Practically speaking,从实际角度讲,与 theoretically speaking（理论上讲）相对
179,生词,in the aftermath of August 2007,在2007年8月（那场危机）之后,aftermath = 灾难等的余波、后果；in the aftermath of = 在…之后
179,术语,if many large traders liquidate similar holdings,如果许多大机构同时清仓相似持仓,liquidate = 清仓变现（卖出头寸换现金）；本章最高频动词之一；名词 liquidation
179,多义,software residing in hardware and network architectures,驻留在硬件与网络架构中的软件,"reside 此处=存在/驻留于，不是""居住"""
179,词组,the market at large,整个市场,at large = 整体而言、总体的
179,术语,paying the bid/offer spread on every trade,每笔交易都在支付买卖价差,bid=买价，offer(ask)=卖价；buy the bid = 以买价买入；价差是做市商的利润、吃单者的成本
179,术语,using limit orders,使用限价单,限价单：只在指定价格或更优价格才成交的订单
179,多义,the nine-figure losses mounted,九位数的亏损不断攀升,"mount 此处=（数额）不断增加，不是""骑上/安装""；nine-figure = 九位数（上亿美元）"
179,词组,in order to remain afloat,以求维持不倒,"afloat 本义""漂浮着""→企业免于破产、勉强维持"
179,多义,at a steep discount,以大幅折价,"steep 本义""陡峭""→（折扣/涨跌幅）大得离谱的"
179,词组,Not to pick on them,不是要专门挑他们的毛病,pick on sb = 针对某人、揪着不放
179,难句,"In August 2012, Knight Trading lost more than $400 million in a mere 30 minutes due to a software bug that caused a dormant piece of software to come back online, multiplying order sizes and causing Knight to accumulate massive positions at highly elevated prices.",2012年8月，骑士交易公司在短短30分钟内亏损逾4亿美元，起因是一个软件缺陷让一段休眠代码重新上线，成倍放大了订单规模，使公司以严重虚高的价格积累了巨额头寸。,that 定语从句修饰 bug；multiplying 和 causing 两个现在分词短语表结果；elevated = 被推高的
180,生词,the hefty compensation and penalty,巨额的赔偿与罚金,hefty = 数额巨大的
180,多义,to settle the case,以了结此案；达成和解,"settle 法律语境=和解结案，不是""安顿/定居"""
180,词组,until it manifested itself in this unfortunate manner,直到它以这种不幸的方式显现出来,manifest itself = （问题）自行显露、暴露出来
180,生词,a specific quirky error,一个特定的古怪错误,quirky = 古怪的、蹊跷的；quirk = 怪癖
180,生词,returns were not very adversely affected,收益没有受到太大的不利影响,adverse 不利的→adversely；⚠形近：adverse（不利的）≠ averse（厌恶的）
180,语法,the Knight episode in 2012 notwithstanding,尽管有2012年骑士事件（这一例外）,notwithstanding 可后置于名词的介词=尽管有…；正式书面语；episode = 事件插曲
180,术语,regime change risk,市场机制切换风险,"regime = 市场运行的""格局/状态""；机制切换=既有统计关系与行为模式突变，历史数据失灵；本章核心风险"
180,语法,no signals whatsoever from the alpha model,来自阿尔法模型的任何信号都没有,whatsoever 置于否定的名词后加强语气=丝毫没有、任何…都没有
180,难句,"In this case, the error appears to have been introduced in April 2007, but it was not discovered until June 2009, and even after it was discovered, certain AXA executives apparently decided to hide the issue from their CEO, not to disclose it to investors, nor even to fix the issue.",在这起案件中，错误似乎是2007年4月引入的，但直到2009年6月才被发现；即便发现之后，AXA某些高管显然还决定向CEO隐瞒，不向投资者披露，甚至不去修复。,appears to have been done = 对过去的推测；hide... not to disclose... nor even to fix = 三层递进否定（nor even = 甚至也不）；disclose = 披露
181,词组,the relationships and behavior he is counting on,他所依赖的那些关系和行为,count on = 指望、依赖
181,多义,this isn't necessarily an indictment of these strategies,这并不必然是对这些策略的否定/控诉,"indictment 本义""刑事起诉书""→引申""有力的谴责"""
181,术语,better risk-adjusted returns,更好的风险调整后收益,单位风险换来的回报（如夏普比率衡量），比绝对收益更科学的比较口径
181,术语,a large trend reversal,一次大的趋势反转,"reversal = 反转；趋势反转对趋势跟踪者必然是亏损，对""相对""均值回归者也可能很痛"
182,词组,rose and fell with the likes of Ameritrade and E*Trade,与Ameritrade、E*Trade这类公司同涨同跌,the likes of = 像…之类（的公司/人）
182,生词,reverted uncannily to MER's level,出奇地回落到与美林相当的水平,uncanny = 离奇的、不可思议的
182,多义,reverted to MER's level / revert again,回归到美林的水平 / 再度回归,revert to = 回落/恢复到（先前状态）；⚠形近：reverse = 逆转、调转方向
182,词组,the crisis that traces its roots to early 2007,那场根源可追溯到2007年初的危机,trace one's roots to = 起源可追溯到
182,词组,the relationship did not hold up at all,这一关系完全不成立了/失效了,hold up = （规律、论断）依然站得住；区别 hold true（普遍成立）
182,术语,value stocks and growth stocks,价值股与成长股,价值股=估值便宜的股票；成长股=增长快、估值高的股票；S&P 500 Value/Growth 为对应风格指数
182,术语,as quants unwound their portfolios,随着量化基金拆解平仓其组合,unwind = 平仓、解除既有头寸；名词=平仓潮；过去式 unwound
182,词组,set off a massive rebound in Growth relative to Value,引发了成长股相对价值股的大幅反弹,set off = 触发、引爆
182,难句,A quant betting on this relationship's persistence would have suffered through two reasonably significant periods in the past 10 years in which the relationship did not hold up at all.,一个押注这一关系会持续的量化交易者，在过去10年里会熬过两段相当长的时期，其间该关系完全失效。,betting on... 现在分词作后置定语修饰 quant；would have suffered = 对过去的假设性推断；in which 定语从句修饰 periods
183,词组,recovered another 36 percent of its lost ground,又收复了36%的失地,lost ground = 此前跌掉的部分；recover/regain ground = 收复失地
183,生词,cause many other types of relationships to falter,使许多其他类型的关系动摇失灵,falter = 动摇、失灵、支撑不住
183,多义,tend to become the new laggards,往往沦为新的落后者,laggard = 表现垫底的板块/个股；lag（落后）+ -ard（表人后缀，如 drunkard）
183,多义,another brief but violent six-trading-day period,又一段短暂却剧烈的六个交易日,"violent 形容行情=剧烈猛烈的，不只指""暴力的"""
184,词组,moves almost like the mirror image of the Value/Growth spread,走势几乎是价值/成长价差的镜像,mirror image = 镜像：形状相同方向相反
184,术语,exogenous shocks,外生冲击,由市场外部信息（恐袭、战争、监管/政治干预）驱动的冲击，量化模型无法用市场数据解释；反义 endogenous = 内生的
185,词组,markets began moving in lockstep with each other,各市场开始步调完全一致地联动,lockstep = 齐步走；in lockstep = 完全同步地
185,术语,the bailout of Bear Stearns,对贝尔斯登的救助,"bailout = （政府对濒危机构的）纾困救助；动词 bail out 本义""保释/舀水"""
185,难句,"Ignoring the obviously horrible nature of the attack on civilians, the downward move in markets was actually a continuation of the downward trend in stocks that had begun in March 2000 and therefore benefited trend-following strategies.",撇开这场袭击针对平民的可怕性质不谈，市场下跌其实是2000年3月开始的股市下行趋势的延续，因此反而让趋势跟踪策略获了利。,Ignoring... = 句首分词状语（撇开…不谈）；that had begun 定语从句+过去完成时表更早起点；benefit 此处及物=使受益
186,多义,short battered financial stocks,做空遭受重创的金融股,batter = 连续猛击；battered = 被打残的、跌得面目全非的
186,生词,investigating potential wrongdoing in the rumors,调查谣言中可能存在的不法行为,wrongdoing = 不当/违法行为
186,多义,government-brokered buyout,政府撮合促成的收购,"broker 作动词=居中撮合斡旋；不只是名词""经纪商"""
186,术语,contagion or common investor risk,传染风险（共同投资者风险）,"因其他投资者持有相同策略而受牵连亏损的风险；contagion 本义""传染病"""
186,术语,the ATM effect,提款机效应,一处策略巨亏时，投资者卖掉另一处流动性好的无关策略换取现金——好卖的策略被当成提款机
186,术语,financial distress and margin calls,财务困境与追加保证金通知,margin call：亏损致保证金不足时被要求补钱，否则强平
186,术语,in the face of financial distress,面对财务困境,distress = 危难困境；distressed assets = 不良/困境资产；in the face of = 面对
186,难句,"Though one can argue about whether an SEC intervention or a rumor-based collapse and government-brokered buyout of a major financial institution are endogenous or exogenous to the market, it is unassailably true that the kind of information these events presented to market participants was both unquantifiable and unusual.",尽管人们可以争论：SEC干预、或一家大型金融机构因谣言崩塌进而被政府撮合收购，究竟算市场内生还是外生事件，但无可辩驳的是——这些事件呈现给市场参与者的那类信息既无法量化又极不寻常。,Though 让步从句内嵌 whether A or B 宾语从句；主句 it 作形式主语；information [that] these events presented 省略引导词
187,术语,a dual-listed company,两地上市公司,同一公司在两地挂牌交易（如皇家荷兰壳牌在欧美两地上市），两边股价理应趋同
187,多义,trading at an 8 to 10 percent premium to Shell,相对壳牌有8%–10%的溢价,"premium 此处=溢价（高出的价格）；另一常见义""保险费""；at a premium to = 相对…溢价"
187,多义,LTCM had to vacate this position,LTCM不得不撤出这一头寸,"vacate 此处=退出/清空（头寸）；常见义""腾空（房屋）、离任"""
187,词组,the billions of dollars of their debt that LTCM was stuck with,LTCM被套牢甩不掉的数十亿美元俄债,be stuck with = 被…拖住、想脱手却脱不了
187,词组,"To be sure, some of those who worked at LTCM were quite good at mathematics.",诚然，LTCM的一些人数学相当好。,to be sure = 诚然（先承认让步，后文常用 But 转折）
187,术语,relative value equity arbitrage positions,相对价值股票套利头寸,押注相关资产间价差回归合理水平的策略，不赌绝对涨跌
187,词组,"a highly leveraged, one-way bet on ongoing stability",一场高杠杆押注持续稳定的单边赌注,one-way bet = 只押一个方向、无对冲的赌注
187,词组,August 2007 was much closer to home for most quant funds,2007年8月对多数量化基金而言切身得多,"close to home = 说到痛处、与自己切身相关（引申义，非字面""离家近""）"
187,生词,Several drivers coincided,几个驱动因素同时发生,coincide = 同时发生/重合；名词 coincidence 巧合；driver 此处=驱动因素
187,术语,the cross-ownership of these strategies with far less liquid ones,这些策略与流动性差得多的策略被交叉持有,同一批投资者同时持有多种策略，导致风险跨策略联动传染
187,术语,many blue-chip managers,许多蓝筹（一线大牌）管理人,blue-chip = 蓝筹的、一流的；源自扑克中面值最高的蓝色筹码
187,难句,The Russian bond holdings were part of a relative yield trade that paired a long position in high-yield Russian debt and a short position in lower-yielding U.S. debt (which was a hedge against interest rates moving higher globally and which financed the long Russian position).,那些俄债持仓属于一笔相对收益率交易：做多高收益的俄罗斯债券，同时做空收益率更低的美国债券（后者既对冲全球利率上行的风险，又为做多俄债提供了融资）。,that paired A and B 定语从句；括号内 which... and which... 两个并列定语从句均指美债空头；pair = 把…配成对
188,术语,longer-term investment horizons,更长期的投资期限,"horizon 此处=（时间）跨度：头寸的预期持有周期，不是""地平线"""
188,术语,about $1 trillion in gross positions,约1万亿美元的总头寸,gross = 总头寸（多头市值+空头市值绝对值之和，书中原文定义）；对应 net 净头寸
188,术语,individual retail investors,个人散户投资者,retail = 零售→散户；对应 institutions 机构投资者
188,多义,enough of them had sufficient overlap,它们之间有足够多的持仓重叠,overlap = 重叠：不同基金持有相同标的的程度；重叠+拥挤=踩踏根源
188,生词,had already begun to suffer subpar returns,已开始出现低于平均的回报,subpar = 低于标准/水准的；par = 高尔夫标准杆、面值
188,术语,year to date before August,8月之前的年初至今（业绩）,year to date（YTD）= 从年初到当前日期，业绩统计常用口径
188,词组,tend to chase recent performance,往往追逐近期业绩,给近期赚钱的加钱、赔钱的减钱（追涨杀跌式配置）
188,词组,especially itchy trigger fingers for risk managers,"让风控经理们的""扳机指""格外手痒",扣扳机的手指发痒=一有风吹草动就急于出手（此处指急于砍仓降风险）
188,术语,cross-collateralizing many strategies against each other,让多个策略互为担保,交叉担保：多策略共用保证金/抵押，一处亏损会牵连其他策略被迫减仓
188,词组,profits ... attest to their exposure to credit spreads,巨额利润恰恰印证了他们在信用利差上的敞口,attest to = 证明、印证
188,生词,the 2007 meltdown,2007年那场大崩盘,meltdown = 崩盘、大溃败；本义核反应堆堆芯熔毁
189,术语,risk targeting,风险目标制,"风控方法：为基金设定固定波动率目标，用杠杆反向调节以维持""恒定风险"""
189,语法,whereby risk managers target a specific level of volatility,风控经理借此瞄准特定的波动率水平,whereby = by which（借此、凭此方式）的正式关系副词，引出机制说明
189,词组,markets tend to become more volatile precisely because ...,市场变得更波动恰恰是因为…,precisely because = 恰恰因为（强调因果并非巧合）
189,生词,would have necessitated increasing leverage by at least one-and-a-half to two times,将需要把杠杆至少提高1.5到2倍,necessitate = 使成为必要；necessary 的动词形态
189,词组,reliable producers of double-digit returns,稳定产出两位数回报的策略,double-digit = 两位数的（10%–99%）；对应 single-digit 个位数
189,多义,wanted better nominal returns,想要更高的名义回报,"nominal = 名义上的（未除以风险/杠杆的表面数字）；另一义""象征性的（nominal fee）"""
189,词组,as the credit crisis began in earnest,随着信用危机全面爆发,in earnest = 动真格地、正式地；earnest = 认真诚挚的
190,术语,began to deleverage their portfolios,开始对组合去杠杆,deleverage = 去杠杆：缩减借入资金、压缩头寸；名词 deleveraging
190,词组,the most liquid strategy at hand,手头流动性最好的策略,at hand = 现成可用的、就在手边的
190,术语,sold off their longs and covered their shorts,卖掉多头并回补空头,cover a short = 空头回补：买回借来卖掉的股票以平掉空头仓
190,生词,fundamentally inexplicable price declines,基本面上无法解释的价格下跌,in-（否定）+explicable（可解释的）；explicable 与 explain 同根
190,词组,on the wrong side of a tipping point,越过了临界点（到了不利的一侧）,tipping point = 临界点/引爆点：量变突然转为质变的那一点
191,词组,which by all accounts was during the afternoon of August 9,据各方说法是在8月9日下午,by all accounts = 据大家所说、公认；account 此处=叙述说法
191,多义,the stock resumed its downward march,该股恢复了下跌行军,resume = 中断后继续；march = 行进→持续的走势；⚠résumé（简历）是另一个词
191,词组,statistical arbitrageurs usually feast on environments like this,统计套利者通常把这种环境当作盛宴,feast on = 大快朵颐→最擅长从…中渔利
191,多义,being sold at extremely depressed levels,在被极度压低的价位遭抛售,"depressed 此处=（价格）被打压得很低的，不是""抑郁的""；depress = 压低"
191,多义,taking on the inventory of other quant funds,"接下其他量化基金抛出的""存货""","inventory 此处=待抛售的头寸库存；take on = 接手承接；本义""库存清单"""
191,词组,"they, too, became anxious to go to cash, adding fuel to the fire",他们也急于换成现金，火上浇油。,add fuel to the fire = 火上浇油，使局面更糟
191,词组,anxious to go to cash,急于清仓持币,go to cash = 卖掉一切换成现金；p192 going completely to cash = 彻底空仓
191,词组,losing money at breakneck speed,以极快的速度亏钱,breakneck = 快到能摔断脖子的；at breakneck speed = 风驰电掣地
191,词组,the dam broke on August 8,8月8日大坝决堤,"比喻积蓄的压力彻底失控倾泻；类似中文""决堤/崩盘"""
191,词组,strategies ... extremely far removed from the original losers,与最初亏损策略相去极远的策略,far removed from = 与…差别很大、关系很远
191,文化,"Thursday, August 9, was pure bedlam in Quant Land.",8月9日周四，量化圈彻底乱成一团。,bedlam = 一片混乱喧嚣；源自伦敦 Bethlem 精神病院的俗称，旧时代指疯人院
191,难句,"These stocks had diverged from their peers so significantly that they must have appeared to be excellent trading opportunities to the average stat arb trader, who bets that such stocks will converge again to a ""fair"" relative value.","这些股票与同类股的背离如此之大，以至于在一般统计套利交易员看来必定像是绝佳的交易机会——这类交易员押的正是此类股票会重新收敛到""合理""的相对价值。",so ... that 结果状语从句；must have appeared = 对过去的肯定推测；who 非限定性定语从句补充说明 stat arb trader
192,词组,began to bleed money,开始持续失血亏钱,bleed money = 像流血一样不断亏损
192,多义,literally every minute of the day ticked lower and lower,当天几乎每一分钟都在一格格走低,tick = 最小价格变动单位/钟表滴答；tick lower = 逐笔逐格下行；literally = 毫不夸张地说
192,词组,any stock that was unattractive for any reason was running up,不管因为什么不被看好的股票反而在被拉升,run up = （价格）快速上涨/被拉高；因空头回补所致
192,生词,a period of exceedingly perverse behavior,一段极其反常悖理的市场行情,perverse = 反常的、有悖常理的；⚠形近：pervasive = 无处不在的
192,词组,tried-and-true factors,久经考验的因子,tried and true = 经过反复检验证明可靠的
192,生词,tried to convene its investment committee,试图召集投资委员会开会,convene = 召集（会议）；同根 convention 大会
192,多义,the lieutenants managing the portfolio day to day,日常管理组合的副手们,"lieutenant 此处=副手、二把手，不是军衔""中尉""；发音 /luːˈtenənt/"
192,词组,the committee elected to hold the course,委员会选择按兵不动、维持原方针,"hold/stay the course = 坚持既定路线不改变；elect to do = 选择做（不是""选举""）"
192,词组,at the tail end of an already massive deleveraging,在一场已然巨大的去杠杆浪潮的尾声,tail end = 末尾、最后阶段
192,生词,few equity traders emerged unscathed from this event,几乎没有股票交易者能从这场风波中毫发无损地脱身,scathe 伤害→unscathed 毫发无损的；emerge unscathed = 全身而退
192,语法,"Not only were tried-and-true factors not working, they were actually working negatively.",久经考验的因子不仅失灵，甚至在反向起作用。,Not only 置于句首引起部分倒装（were ... not working）；后半句省略了 but (also)
193,词组,nothing short of a liquidity crisis,不折不扣是；完全就是,short of = 未达到；nothing short of = 一点不差就是
193,词组,down in the small single digits,跌幅在个位数低段,single digits = 个位数；double digits = 两位数
193,术语,the cost of liquidation,清仓；被迫平仓,金融双义：平掉头寸变现/破产清算；本书 quant liquidation crisis 指量化被迫集体平仓
193,多义,"This is a fine, mostly academic distinction",细微的（区别）,"fine distinction = 细微差别；fine 此处不是""好的"""
193,术语,crowding became a risk of quant trading strategies,拥挤交易,太多资金挤在同类策略里，被迫同时退出时互相踩踏
193,多义,merits a discussion of quant-specific tools,值得（专门讨论）,"merit 动词=应得/值得；名词义""优点""更常见"
193,词组,described risk models at some length,相当详尽地,"at length = 详细地；另一义""终于"""
193,术语,style factors such as value and growth,风格因子（如价值、成长）,按估值、成长性等风格维度刻画股票的因子
193,术语,VaR-based tools,在险价值（Value at Risk）,给定置信度下某时段内的最大预期亏损，用单一数字概括下行风险
193,难句,"What we witnessed in this period was nothing short of a liquidity crisis in the most liquid stocks in the world, driven by market-neutral investors whose hundreds of billions of dollars of position selling led not to a market collapse but to almost no change at all in equity index values.",我们这段时期目睹的，不折不扣是一场发生在全球流动性最好的股票上的流动性危机，其推手是市场中性投资者——他们数千亿美元的抛售带来的不是市场崩盘，而是股指几乎纹丝不动。,主干 What...was a crisis；driven by 分词状语；whose 定语从句内 led not to A but to B = 导致的不是A而是B
194,词组,exposures are out of line based on either limits or expectations,超出正常范围；不对劲,in line = 符合预期；out of line = 偏离限额或预期
194,多义,with nearly every passing tick,（价格）每一次跳动,"tick = 最小价格变动/一笔行情，不是""打勾、滴答"""
194,术语,frequently tracks a hit rate,胜率,策略在单个头寸上赚钱的时间占比
194,术语,Fill rates for limit orders are also tracked,成交率,限价单最终成交的比例，用于评估执行算法表现
194,术语,more passive execution strategies,被动执行策略,靠挂限价单等待成交、而非主动吃单的执行方式
194,难句,"We know of at least one manager who noticed this intraday pattern and, as a result, quickly conducted research that enabled him to reduce his risk much earlier than most, thereby saving him much of the loss experienced by other traders who only acted later.",我们知道至少有一位基金经理注意到了这一日内规律，并因此迅速做了研究，使他得以远早于多数人降低风险，从而躲过了其他动手更晚的交易员所蒙受的大部分损失。,两层定语从句嵌套（who noticed... / that enabled...）；thereby + doing = 从而；experienced by... 为过去分词后置定语
195,词组,sniffing out systems errors,嗅出；排查出,像狗闻味一样找出隐藏的问题
195,词组,"The discipline, computing power, and scientific rigor brought to bear on the challenge",投入运用到；施加于,bring A to bear on B = 把A（资源、力量）用到B上
195,多义,certainly pay dividends overall,带来回报；见成效,不是真派息；dividend 引申=好处
195,术语,exogenous shock risk,外生冲击（风险）,来自系统外部的冲击（战争、政策等）；反义 endogenous 内生的
195,生词,criticisms of quant trading that are widely espoused in the marketplace,信奉；拥护,"espouse a view = 支持某观点；本义""迎娶"""
197,文化,Computers are useless. They can only give you answers.,计算机毫无用处，它们只会给你答案。,"毕加索名言：提出问题（艺术、判断）比得到答案更重要；作者借它引出""交易是艺术还是科学""之争"
197,词组,people have loved to hate quants,最爱拿…当靶子黑,love to hate sb = 以贬损某对象为乐
197,术语,a quant strategy known as portfolio insurance,组合保险,1987年被指引发股灾的程序化对冲策略：市场下跌时自动卖出，加剧踩踏
197,生词,from leery and suspicious to overtly negative,警惕怀疑的,be leery of = 对…存有戒心
197,生词,overtly negative,公开地；明显地,overt 公开的；反义 covert 隐蔽的
197,生词,Some of the predilection is likely owed to,（先入为主的）偏好；倾向,"pre + dilection（喜爱）= 偏爱；此处指""讨厌量化""的普遍倾向"
197,多义,is likely owed to widespread hatred of math classes,归因于,owe 欠→be owed to = 应归因/归功于
197,文化,math classes in grade school,（美式）小学,美国学制词：grade school = elementary school 小学
197,多义,occasional and sensational blowups,耸人听闻的,"sensation 轰动→sensational = 博眼球的，不是""感觉的"""
197,词组,has its pluses and minuses,有利有弊,= pros and cons
197,生词,I also present counterpoints in defense of quants,反驳观点,"counter（反）+ point（论点）；另一义为音乐""对位法"""
197,语法,"Where relevant, I also present counterpoints",凡涉及之处；在相关的地方,where/when/if + 形容词的省略结构 = where it is relevant
198,词组,reminiscent of the persecution of scientists,令人联想起,reminisce 追忆→be reminiscent of = 让人想起
198,生词,the persecution of scientists such as Galileo and Copernicus,迫害,⚠形近 prosecution 起诉
198,术语,flying planes to making markets in stocks,做市,持续双边报价、赚取买卖价差；做市商 = market maker
198,生词,the benefit and cachet of doing things manually,声望；格调,"法语借词：手工制作自带的""高级感"""
198,多义,is a bit less easily dismissed,驳回；不予理会,"dismiss 一个观点=打发掉、不当回事；不只是""解雇、解散"""
198,词组,something humans do with mixed results,结果好坏参半,mixed = 有好有坏的
198,词组,as evidenced by the results of some of the quant firms,正如…所证明的,evidence 此处作动词=证明
198,难句,"But in many cases, quant trading included, it is entirely feasible to demonstrate that something humans do with mixed results can be done just as well by computers: to profit from trading the markets.",但在很多情形下——量化交易也在其中——完全可以证明：一件人类做起来成绩时好时坏的事，计算机同样能做好，那就是从交易市场中获利。,"quant trading included = 插入语""包括量化交易在内""；it 为形式主语，真主语是 to demonstrate that...；冒号后 to profit... 补充说明前文的 something"
199,多义,distill the concept of risk down to a single number,提炼；浓缩成,"本义""蒸馏""→提纯浓缩"
199,词组,I can drum up a model of my wealth,鼓捣出；拼凑出,drum up 本义敲鼓招揽（生意、支持）→随手编造出
199,多义,"all of my assumptions are highly suspect, at best",可疑的；靠不住的,suspect 此处是形容词（重音在前）；动词=怀疑
199,词组,"highly suspect, at best",往好了说也（不过如此）；充其量,暗示实际情况更糟；反义 at worst
199,生词,developed to appease risk managers and banking regulators,安抚；迁就,"ap + pease（peace）= 使平静；常含""绥靖""贬义"
199,生词,the difficult and nuanced work of understanding risk from many perspectives,细致入微的,nuance = 细微差别
199,词组,underestimate worst-case scenarios,最坏情形,scenario = 情景；风险压力测试常用语
199,生词,components of truth and of falsehood,谬误；虚假,false 的名词形式
199,难句,"Indeed, VaR itself was developed to appease risk managers and banking regulators who were interested in having a single number to summarize downside risk, rather than do the difficult and nuanced work of understanding risk from many perspectives.",事实上，VaR 本身就是为迎合风控经理和银行监管者而开发的——他们只想要一个数字来概括下行风险，而不愿去做从多角度理解风险这种困难而细致的工作。,who 定语从句修饰 managers and regulators；rather than do（省略 to）与 having... 对照：想要A而不愿做B
200,多义,this fact should not be simply discounted,无视；不当回事,"discount 此处动词=对…打折扣、不予重视；不是""打折促销"""
200,生词,reached a nadir of –45 percent,最低点,"天文词""天底""→谷底；反义 zenith 顶点"
200,术语,the bear market of March 2000 through October 2002,熊市,持续下跌的市场；对应 bull market 牛市
200,多义,I reject wholesale the idea that LTCM was actually a quant trading firm,全盘地；一概地,"wholesale 此处副词=不加区分地；不是""批发"""
200,术语,The Dow's realized volatility,已实现波动率,由历史价格实际算出的波动率；对应 implied volatility 隐含波动率（由期权价格反推，如 VIX 指数）
200,多义,an impressive stretch of the imagination,牵强附会,stretch 拉伸→a stretch = 说法牵强；by no stretch of the imagination = 无论如何也（不）
200,难句,"From the close of trading on August 3 through August 9, 2007, certainly the worst part of the quant liquidation crisis, the Dow was actually up an estimated 1.1 percent—scarcely cause for alarm.",从2007年8月3日收盘到8月9日——这无疑是量化平仓危机最惨烈的阶段——道指实际上反而上涨了约1.1%，根本谈不上值得恐慌。,certainly the worst part... 为同位语插入；up 表涨幅；破折号后为补充评价
201,词组,run-of-the-mill manias and panics,平平无奇的；家常便饭的,mill 工厂流水线出品→毫无特别之处；mania/panic = 市场狂热/恐慌
201,多义,to discuss how quants have fared,表现如何；过得怎样,"fare 动词=（在某境遇中）表现；名词义""车费""更常见"
201,生词,what brought us to that precipice,悬崖边缘,on the precipice = 命悬一线；⚠形近 precipitate 促成
201,多义,lent money without proper diligence,尽职调查；审慎核查,"金融语境 due diligence = 尽调；不只是""勤奋"""
201,生词,regulators who ignored or even exacerbated the problem,加剧；恶化,ex + acerb（苦涩）= 使更糟
201,生词,Dodgy accounting practices,不靠谱的；有猫腻的,英式口语：dodge 闪躲→靠不住的
201,多义,skewed compensation practices,扭曲的；畸形的,"skew 统计义""偏斜、偏度""；此处指激励机制被扭曲"
201,词组,irresponsible rumor mongering on the Internet,散布谣言,-monger = 贩子（warmonger 战争贩子）；mongering = 兜售
201,生词,divert attention from the real causes and culprits,罪魁祸首,culprit = 元凶（可指人也可指原因）
201,多义,loudly lobbying for banning short sales,游说,"lobby 动词=向官方施压争取；不是""大堂"""
201,生词,despite the attempted smokescreen,烟幕弹；障眼法,军事放烟幕掩护→转移视线的说辞
201,难句,It was caused by irresponsible banks that lent money without proper diligence to unqualified consumers who acted with total disregard to their own financial realities; enabled by ratings agencies that had lost all sense of independence and objectivity; and regulators who ignored or even exacerbated the problem.,危机由不负责任的银行造成——它们不做尽职调查就放贷给完全无视自身财务状况的不合格消费者；又有丧失独立性与客观性的评级机构推波助澜；还有对问题视而不见甚至火上浇油的监管者。,caused by... / enabled by... / and (by) regulators... 三段并列，用分号分隔；每段内再嵌套 that/who 定语从句
202,多义,uncounted and untold billions in losses,数不清的,"untold 此处=多得说不清；不是""未被讲述的"""
202,多义,four years removed from its occurrence,相隔（四年）,X years removed from = 距…已过X年
202,生词,Europe's woes have only recently come into focus,困境；灾祸,woe 文学词=苦难；复数常指经济困境
202,词组,this is one hell of a very real mess,不折不扣的；十足的,口语强调：a hell of a = 极大的/极糟的
202,词组,those railing against hedge funds and short sellers,猛烈抨击,"rail 动词=怒骂；⚠不是""铁轨"""
202,多义,one week after the ban was lifted,解除（禁令）,lift a ban/sanction = 撤销禁令/制裁
202,生词,"when it burst, unleashed all this havoc",释放出（浩劫）,un + leash（狗绳）= 放开束缚；havoc = 大破坏
202,术语,mispricings between various tranches of a company's capital structure,（资本结构的）分层；份额,"法语""切片""：同一资本结构中受偿顺序不同的层级；capital structure = 资本结构（股权+各类债务）"
202,术语,buying massively distressed assets,不良的；陷入困境的（资产）,distressed assets/debt = 不良资产/困境债，一个专门投资领域
202,多义,far more instrumental in the crisis of 2008,起重要作用的,instrumental in = 对…起关键作用；⚠与 instrument（金融工具）区分
202,术语,buying fancy houses with no down payments,首付,买房首期付款；零首付贷款是次贷乱象的标志
202,难句,But inferring that they were involved in the creation of a crisis is like saying the world is round because California grows good avocados.,"但据此推断他们参与制造了危机，就好比说""因为加州盛产好牛油果，所以地球是圆的""。",类比修辞：用毫无因果关系的荒谬推理讽刺对量化的指控；infer = 推断；动名词短语 inferring that... 作主语
203,生词,no proof of financial wherewithal,财力；所需资金,the wherewithal to do sth = 做某事所需的钱
203,多义,So where do quants come in?,扮演什么角色；从何处介入,where does X come in = X 在其中起什么作用
203,术语,an abuse of the concept of diversification,分散化,不把鸡蛋放在一个篮子里；本段讲该概念被滥用
203,生词,"because, it was infamously assumed, not all those loans would go bad all at once",臭名昭著地,"infamous = 声名狼藉的；⚠不是 famous 的简单否定，指""因坏事出名"""
203,术语,there would be no systemic risk,系统性的,systemic risk = 系统性风险（全局连锁危机）；⚠形近 systematic 系统化的（按规则行事），量化即 systematic
203,术语,"names like copulas, Lévy models, and saddlepoint approximations",Copula（连接函数）,结构化产品信用风险定价的数学工具；同段的 Lévy 模型、鞍点近似均属此类
203,生词,nothing to do with their promulgation throughout the investment community,推广；传播,promulgate = 颁布、宣传
203,术语,the financial engineering that drives the creation of structured products,金融工程,设计结构化产品、给衍生品定价的领域；作者强调它与量化交易是两回事
203,多义,Quant traders do not originate securities,创设；发起（证券）,"originate 金融义=发起贷款、创设证券；不只是""起源于"""
203,多义,"in other fields of quant trading, 2008 was a banner year",丰收的；大获成功的（年份）,banner 旗帜→banner year = 值得大书特书的一年
203,多义,even if –10 percent was the norm,常态；普遍水平,norm = 标准、常态；⚠形近 normal（形容词）
203,难句,"But making a huge number of equally bad loans was probably a completely fine idea because, it was infamously assumed, not all those loans would go bad all at once.",但（他们认为）发放海量同样糟糕的贷款大概完全没问题，因为——这一假设后来臭名昭著——这些贷款不会全部同时变成坏账。,it was infamously assumed 为插入语；go bad = 变成坏账；全句为反讽语气
204,生词,"Many large, storied money market funds have gone bust",声名显赫的；富有传奇的,story→storied = 有许多故事、久负盛名的
204,词组,have gone bust,破产；倒闭,bust 口语=破产（= go bankrupt）
204,词组,"To my way of thinking, these are examples of extremely risky investments",依我看,= in my opinion
204,多义,immune from losses or unaffected by market turmoil,不受（亏损）影响的,免疫→immune from/to = 可免于
204,词组,an immense double standard applied to quants,双重标准,指对量化的风险苛责远超对传统投资
204,语法,"in order for the event to be of importance to a quant, the regime change must be both large and without much warning",要使（事件对量化真正构成影响）,in order for sb/sth to do = 为了让某人/某物…；of importance = important（of + 抽象名词）
204,词组,two other periods catch the eye,引人注目,catch the/one's eye = 吸引目光
204,多义,at least three separate episodes of substantial pain,（一轮）发作；一波,episode 剧集→（危机的）一轮、一个阶段
204,难句,The trend favoring growth over value from May 2007 to January 2008 is easily seen to be sharper than that which favored value before May 2007.,2007年5月至2008年1月成长股跑赢价值股的趋势，明显比2007年5月之前价值股占优的趋势更为陡峭。,favoring A over B = 偏向A胜过B；that which = the trend which（that 代指前文 trend）；is easily seen to be = 一眼可见
205,生词,becomes inverted at such times,颠倒的；反转的,invert = 正反/上下颠倒
205,多义,able to successfully navigate these periods,安然渡过；应对,"本义""导航、航行""→在困难时期找到出路"
205,生词,the resumption of such longer-term trends,恢复；重新开始,resume 的名词；⚠résumé（简历）是另一个词
205,术语,These counter-trend traders,逆势（策略）,专赚长期趋势短期回调钱的策略
205,术语,This kind of trading is known as breakout trading,突破交易,平时观望、等价格出现大幅位移（突破）才入场的策略
205,难句,"This is because the prevailing pattern of behavior, on which the quant bases forecasts of future behavior, becomes inverted at such times.",这是因为量化模型赖以预测未来行为的那套当前主导的行为规律，在这种时刻会整个颠倒过来。,on which... 为介词提前的定语从句（base A on B 把A建立在B上）；主干 = the pattern becomes inverted
206,生词,it is a patently false claim,明显地；显而易见地,patent 公开的→patently false = 明摆着是假的
206,生词,this I can state with both vehemence and certainty,激烈；斩钉截铁,vehement = 激烈的
206,术语,The number of degrees of freedom for a quant in building a trading strategy,自由度,统计术语：可独立选择的参数/决策维度的数量
206,生词,others who are ostensibly looking for the same types of anomalies,表面上；名义上,ostensible = 表面的（实际未必如此）
206,生词,This belies the notion that quants are all the same,证明…不实；与…相矛盾,"be + lie：字面""给…安上谎言""→戳穿；⚠不是 believe"
206,术语,we have separately managed accounts with both quant and discretionary equity firms,专户（SMA）,投资者单独开户委托管理、持仓透明的账户形式
206,难句,"Though the kinds of phenomena are not very numerous, all the other considerations are ways the quant can differentiate his approach from those of others who are ostensibly looking for the same types of anomalies.",虽然（可利用的）现象种类并不多，但其余所有这些决策环节，都是量化交易者把自己的方法与那些表面上在寻找同类异象的同行区分开来的途径。,ways [that] the quant can... 省略关系词的定语从句；differentiate A from B = 区分；those of others = 其他人的方法（those 代 approaches）
207,术语,ranging from convertibles to risk arb and macro strategies,可转债,convertible bond 的简称：可按约定转换成股票的债券
207,术语,risk arb,风险套利（并购套利）,押注已宣布的并购能否完成、赚取价差的策略
207,术语,between the equity hedge and event-driven styles,事件驱动（策略）,围绕并购、重组、破产等公司事件做交易
207,术语,excluding the ... fund of funds indices,基金中的基金（FOF）,投资于一篮子对冲基金的基金
207,生词,Only a few large quants can thrive in the long run,兴旺；发展壮大,thrive = 茁壮成长
207,多义,they will outperform their smaller cousins,同类；同行,cousin 表亲→同类事物
207,词组,smaller quant firms will fall by the wayside,掉队；被淘汰,wayside 路边；圣经撒种典故（种子落在路旁）→中途出局
207,生词,either underperformance or investor attrition,流失；损耗,war of attrition 消耗战→投资者逐渐撤资流失
207,生词,leaving the investor ... in a quandary,左右为难,in a quandary = 进退两难
207,词组,"if they kick out their investors later, so be it",那就随它吧,固定句式：接受无法改变的结果；kick out = 踢走、逐出
207,多义,simply avoid this space altogether,这个领域；赛道,space 投资行话=某类投资领域；the quant space = 量化圈
207,难句,"The best shops, furthermore, are so good that they ultimately replace their investors' capital with their own, leaving the investor who desires to invest in quant trading in a quandary.",更有甚者，最优秀的机构好到最终会用自有资金替换掉投资者的资金（不再接受外部投资），让想投量化的投资者陷入两难。,so...that 结果状语从句；replace A with B = 用B换掉A；leaving sb in a quandary 为分词结果状语
208,生词,one sacrifices nimbleness while gaining size,灵活性,nimble = 身手敏捷的；规模与灵活不可兼得
208,词组,can be extremely costly in times of stress,在市场承压时期,stress 此处=市场压力、危机（stressed markets 承压的市场）
208,词组,they cannot put enough money to work there,把钱投出去；让资金发挥作用,交易行话：找到能容纳资金的机会
208,术语,High-frequency trading in any market has very limited capacity,（策略）容量,一个策略在不损害收益的前提下能容纳的资金规模；量化核心概念
208,生词,already successful managers who can become complacent or uninvolved,自满的；安于现状的,⚠形近 complaisant 顺从讨好的
208,生词,any more an impediment for quants than for discretionary traders,障碍,impede 阻碍→impediment 阻碍物
208,多义,As one small discretionary trader put it,如此说道；这样表述,put 此处=表述（how shall I put it 我该怎么说呢）
208,词组,"to build on success, a larger quant trader must incorporate other strategies",在（成功）基础上更进一步,build on = 以…为基础继续发展
208,难句,"Regardless, there isn't a particularly good reason to believe that the lack of resources any small trader faces, relative to those who are much larger and trade similar strategies, is any more an impediment for quants than for discretionary traders.",无论如何，没有充分理由认为：小机构相对于规模大得多、策略相似的同行所面临的资源匮乏，对量化交易者的阻碍会比对主观交易者更大。,主干 = the lack of resources is any more an impediment for A than for B；any small trader faces 是省略 that 的定语从句；relative to... 为插入的比较状语
209,生词,a great deal of (admittedly anecdotal) evidence,诚然；无可否认地,插入让步语气：承认证据有局限
209,生词,a well-known problem endemic to any field,（某领域）特有且普遍存在的,⚠形近：epidemic 流行病、pandemic 大流行
209,词组,expertise from a multitude of disciplines,大量的；众多的,
209,词组,trying to plug the holes in communication,堵住（沟通中的）漏洞,plug = 塞住、堵上
209,词组,competes favorably with a portfolio of larger quant managers,与…相比毫不逊色,favorably = 占优地；compare favorably with 同理
209,术语,the smallest firms most often rely on data vendors,数据供应商,出售行情、财务等数据的第三方公司
209,难句,"The jargon is almost always different, the approach to communicating can be different, the assumptions are often different, and, perhaps most importantly, the understanding of what problems can be solved (and what can't be solved) by people in other fields is simply not at a high enough level to maximize the efficiency of communication between specialists of differing fields.","行话几乎总是不同，沟通方式可能不同，假设也常常不同；或许最重要的是，各领域的人对""哪些问题能解决（哪些不能）""的理解水平不够高，以致无法让不同领域专家之间的沟通效率最大化。",四个并列分句递进；末句主语是超长名词短语 the understanding of...，谓语是 is not at a high enough level
210,多义,the case in favor of larger quants is far from airtight,（论证）无懈可击的,本义密不透风；far from = 远谈不上；case = 论点主张
210,词组,it boils down to an evaluation of managers bottom up,归结为,"本义""熬煮浓缩"""
210,术语,an evaluation of managers bottom up,自下而上（逐个考察）,与 top down（自上而下找整体规律）相对
210,多义,a great deal of expertise and firepower,"实力；资源""火力""",喻指资金、人才、技术等硬实力
210,生词,It is used interchangeably with another term,可互换地,interchange = 互换
210,词组,Data mining is given a fairly bad name in financial circles,败坏…的名声,"注意被动语态：数据挖掘""被扣上恶名"""
210,词组,This is a fine line,微妙的界限,a fine line between A and B = 仅一线之隔
210,生词,The only discernible difference,可辨识的；看得出的,discern = 辨别、看出
210,生词,the method of analyzing data is the primary subject of scrutiny,严格审查；细察,under scrutiny = 受到严格检视
211,生词,the most lucrative clients,高利润的；赚钱的,
211,多义,spend less time on less lucrative prospects,潜在客户,"销售语境=潜在客户；更常见义""前景"""
211,词组,it's largely a moot point,无实际意义的问题,moot = 可争论但已无实际意义的
211,词组,Overfitting is another story entirely,完全是另一回事,= a different story
211,文化,it turns out that the answer is: not bloody likely,门儿都没有；绝无可能,bloody 英式口语加强词（略粗俗）；表强烈否定
211,术语,all their announcements ... were of the Fed announcing rate hikes,加息,hike = 上调（名词/动词）；反义 rate cut 降息
211,难句,"We could, if we were overfitting, draw a conclusion that Fed announcements are always bad, and this conclusion would be successful so long as future Fed announcements are met with the same reaction as past announcements.","如果我们在过拟合，就可能得出""美联储公告总是利空""的结论；只要未来的美联储公告引发与过去相同的市场反应，这个结论就还会灵验。",if we were overfitting 是插入条件句；be met with = 遭到/得到（某种反应）；so long as = 只要
212,生词,idly clicked on a handful of books of interest to me,漫不经心地；随手,idle 闲置的→idly 无所事事地
212,词组,These models are finely tuned to the past,精细调校的,tune = 调音→调参数；be tuned to = 针对…调校
212,词组,the moment that the future is out of step with the past,与…步调不一致；脱节,本义行军步伐不齐
212,多义,it is a gross and incorrect generalization,粗略笼统的；严重的,⚠多义：毛（利）/总的/恶心的；此处=以偏概全的
212,词组,shorter timescales tend to be more amenable to data mining,适合…处理的,be amenable to X = 适合用X方法对待；（人）愿意听从
212,术语,strategies with holding periods of less than a day,持有期,头寸从建仓到平仓的平均时间
212,难句,"Overfitting ignores this basic fact and burdens a limited supply of data too much, asking it to explain more than is realistic, given the amount of data.",过拟合无视这一基本事实，让本就有限的数据背上过重的负担，要求它解释超出实际可能的东西。,拟人手法：burden ... too much + asking it to...（现在分词补充说明）；given = 鉴于、考虑到
213,生词,a hybrid approach that combines data-mining techniques and sound market theory,混合的,hybrid car = 混合动力车
213,生词,Quant trading is no elixir,灵丹妙药,"炼金术""长生药""；no elixir = 并非包治百病"
213,词组,falling prey to the temptation of false precision,沦为…的猎物；受…之害,prey = 猎物
213,难句,"But just as we do not reject analysis because some people are prone to overanalyzing things, we should not so quickly dismiss quantitative modeling (even data mining) just because it is possible (or even easy) for some people to do it badly.","正如我们不会因为有人爱过度分析就否定""分析""本身，我们也不应仅仅因为有人可能（甚至很容易）把量化建模做砸，就轻率否定量化建模（哪怕是数据挖掘）。","just as A, B 平行类比结构；just because ≠ 充分理由"
215,文化,"talent means nothing, while experience, acquired in humility and with hard work, means everything.",天赋一文不值；在谦逊与勤奋中获得的经验才是一切。,本章题词作者 Patrick Süskind = 德国作家聚斯金德，小说《香水》作者
215,多义,significant parallels in the work of a quant trader to the work of a corporate CEO,相似之处,"名词=可类比之处；本义""平行线"""
215,词组,"In this regard, the framework presented in this chapter can be used successfully",在这方面,regard 此处=方面
215,术语,various corporate bond offerings,债券发行,offering = （证券）发行；IPO = initial public offering
215,多义,pierce the walls of secrecy that quants build around their methods,刺穿；突破,"保密""高墙""要设法穿透；本义扎穿（pierced ears 打耳洞）"
215,多义,It also owes to how we ask these questions,归因于,"owe to 不及物用法=（部分）应归功/归因于；不是""欠钱"""
215,生词,answer most or all of my innumerable questions,数不清的,in-（否定）+ numerable（可数的）
215,词组,"Armed with the techniques described in this chapter, the evaluator of a quant has two goals",掌握了…；有…傍身,过去分词短语作状语
216,词组,"In many respects, a quant trading team is much like an engineering team",在许多方面,"respect 此处=方面，不是""尊重"""
216,多义,he must ascertain the integrity of the people involved,正直；诚信,"另一义""完整性""（data integrity 数据完整性）"
216,生词,Quants are notorious for their secrecy and paranoia,出了名的（贬义）,= famous 的贬义版本
216,生词,their secrecy and paranoia,偏执多疑,paranoid = 偏执的
216,生词,comes from experience and know-how,实操诀窍；专门技能,"知道""怎么做""的隐性知识"
216,生词,a former World War II Luftwaffe interrogator,审讯者,interrogate = 审讯；书名 The Interrogator《审讯者》
216,文化,Hanns Joachim Scharff ... succeeded at gathering information from downed Allied pilots without the use of any physical force,汉斯·沙尔夫：二战德国空军审讯官,不动刑、靠建立信任+领域知识+信息管理获取情报的传奇人物；作者以此类比投资人访谈量化经理
216,多义,downed Allied pilots,被击落的,down 作动词=击落、打倒；Allied = 盟军的
216,术语,"trust building, domain knowledge, and an organized system for tracking and retrieving information",领域知识,对特定行业/领域的深入了解
216,语法,And this is not without reason.,并非没有道理,双重否定=确有其因
217,词组,a big chunk of it relates to the behavior of the interviewer,一大部分,chunk = 厚块、大块
217,生词,an actual propensity to talk about what other quants do,倾向；习性,propensity to do = 爱做…的倾向
217,多义,we hold quant managers' strategies in the strictest confidence,保密地,"confidence 此处=秘密、信任托付，不是""信心""；in strict confidence = 绝对保密"
217,词组,They were frequently lulled into thinking that there was no point in keeping secrets,麻痹；哄得（放松警惕）,lull 本义哄睡（lullaby 摇篮曲）
217,生词,since their captor knew so much already,俘获者；看守,capture 同根；captive = 俘虏
217,生词,this never led to blatant tell-all behavior,明目张胆的；露骨的,tell-all = 和盘托出的
217,生词,allowed the interrogator to amass huge amounts of value from the interviews,积累；聚敛,a- + mass（聚成一大堆）
217,生词,to learn a similarly voluminous amount about quant trading,海量的,volume（体积/卷册）同根：大部头的、大量的
217,多义,can be learned without compromising proprietary information,泄露；危及,"⚠此处不是""妥协""！compromised = 被泄密/被破坏"
217,多义,in what instruments and geographies,地域市场,"复数=交易覆盖的国家/地区市场，不是""地理学"""
217,词组,whatever the quant tells him is likely to get spread around the industry,传开；扩散,get spread around = 被四处传播
218,生词,they had a dossier that contained an impressive and extensive array of details,档案；卷宗,法语借词；情报/人事档案
218,词组,an impressive and extensive array of details,一系列；大量,array = 阵列→琳琅满目的一批
218,多义,Keeping information organized furthers the goal of developing deep domain knowledge,推进；促进,"⚠动词用法！不是副词""更远/而且"""
218,术语,repeatedly takes a robust research pipeline and turns it into implemented improvements,研究管线,在研/待上线研究项目的储备流水线
218,生词,a process wherein modules that were not part of the research list from the past suddenly appear in production,在其中（= in which）,正式书面语；同类：whereby、whereupon
218,生词,this could be evidence of sloppiness in the research process,马虎；草率,sloppy = 邋遢潦草的
218,多义,modules ... suddenly appear in production,已上线运行（生产环境）,IT 用语：production = 生产环境，与研发/测试环境相对
218,难句,"But, even to know that you should be asking to see something specific, you already had to have carefully managed the information about the nature of these tools and software.",但是，哪怕只是要知道自己该点名要求看什么，你也必须早已细致管理好关于这些工具和软件的信息。,"even to know... = 条件/目的状语不定式""哪怕只是要…""；had to have done = 必须早已做过（对过去的必要性推断）"
219,词组,who can spin tremendous yarns about why they are long this stock or short another,编故事；滔滔不绝地讲,"yarn 本义纱线；水手行话把讲长故事叫""纺纱"""
219,词组,I've interviewed scores of discretionary stock pickers,数十个；大量,score = 二十；scores of = 好几十
219,生词,"the answers are often vacuous, given without deep thought or analysis",空洞的,vacuum（真空）同根：空无内容的
219,多义,Those charged with evaluating managers must thoroughly examine each of these areas,负有…职责的,"⚠be charged with 另一常见义""被指控""；此处=被赋予任务"
219,术语,your approach to in-sample and out-of-sample testing,样本外测试,in-sample = 用于拟合模型的数据；out-of-sample = 留出的验证数据，检验是否过拟合
219,术语,"e.g., trend, reversion, technical sentiment, value/yield, growth, or quality",均值回归,mean reversion：价格偏离均值后回归；与趋势（trend）相对的 alpha 类型
219,术语,Are you making relative bets or directional bets?,方向性押注,赌单一标的或市场的涨跌方向；relative bet = 赌相对强弱
219,术语,discretionary stock pickers,选股型（主观）基金经理,stock picking = 选股
220,语法,This is but a sampling of the hundreds of questions I ask a quant,仅仅是；不过是,but = only 的正式用法；is but a ... = 只不过是
220,多义,a sampling of the hundreds of questions,一小部分样例,抽样→有代表性的一小撮
220,生词,the commensurate exposures that it yields,相称的；相应的,commensurate with = 与…相称
220,多义,Most quants I have met are sympathetic to the goals of an investor,认同的；支持的,"⚠不是""同情""；be sympathetic to = 赞同"
220,词组,It is largely laid out in this book,完整阐述；铺陈,lay out a plan = 摆开细说
220,生词,Under what circumstances would you ever intervene with your model?,干预；介入,人工干预模型=量化风控的关键问题
220,难句,Most quants I have met are sympathetic to the goals of an investor trying to understand whether that trader's approach and the commensurate exposures that it yields are beneficial to the investor's portfolio's exposures and whether the quant is skilled at his work.,我遇到的大多数量化经理都能理解投资人的目的：搞清楚该交易者的方法及其带来的相应敞口是否有利于投资人组合的整体敞口，以及这位量化经理是否精于其业。,主干 quants are sympathetic to the goals；investor 后接 trying to understand，再带 whether A and whether B 两个并列宾语从句
221,生词,Evaluating the Acumen of Quantitative Traders,敏锐；才干,business acumen = 商业头脑
221,生词,the strategy's return pattern should corroborate the fundamental understanding that the investor has gained,印证；佐证,用独立证据相互印证
221,词组,but it is also easier said than done,说来容易做来难,
221,词组,especially in light of the massive array of subtleties and traps,鉴于；考虑到,= considering
221,多义,such as polluted data,被污染的（脏数据）,数据含错误、缺失或异常值
221,生词,someone who is not technically proficient,精通的；娴熟的,be proficient in/at = 精通
221,多义,the task is doable for those who want to undertake it,着手承担,"⚠另一义""承诺保证""；undertaking = 事业/承诺"
221,多义,One of the handiest tricks I know of,好用的；顺手的,"另义""在手边""；come in handy = 派上用场"
221,术语,a quant is using a trend-following strategy on various individual instruments,趋势跟踪（策略）,追随既有价格趋势的策略，CTA 主流打法
221,难句,"The reality is, however, that evaluating whether scientists know what they are talking about at a deep level is not the easiest task for someone who is not technically proficient.",然而现实是：对技术上并不精通的人来说，判断科学家们是否真的懂行绝非易事。,主语是超长动名词短语 evaluating whether...；not the easiest task = 反语式轻描淡写（litotes），实指非常难
222,语法,optimize her executions such that she makes 0.01 percent more per dollar traded,使得；以致,such that 引导结果从句
222,多义,those that skew the size of winning trades versus losing trades slightly,使偏斜,统计学 skewness（偏度）同源；动词=让分布偏向一侧
222,生词,the details of the few areas that you spot-check,抽查,spot = 抽出的点位；随机抽样核查
222,词组,most often comes down to her decisions at a fairly detailed level,归结为,与 boil down to 同义
222,难句,"Quants often depend on being right only slightly more often than they are wrong and/or on making only slightly more on winning trades than they lose on losing trades in order to generate profits (though trend-following futures strategies tend to lose as much as 70 percent of the time, with dramatically larger payoffs on the winners than the losses suffered on the losers).","量化盈利往往只靠""对的次数比错的略多""和/或""赢单赚的比输单亏的略多""（不过趋势跟踪期货策略可能有高达70%的时间在亏损，只是赢单的回报远大于输单的亏损）。",depend on A and/or on B：两个并列的介词+动名词结构；as much as = 高达；with + 名词短语作补充说明
223,术语,such details are unlikely to be revealed to an investor during due diligence,尽职调查（DD）,投资前对管理人的系统核查流程
223,生词,should be somewhat more reticent to provide such details,缄默的；不肯透露的,reticent to do / about sth = 不愿说
223,词组,knowledgeable and proficient enough to pass judgment on them,作出评判,judgment 此处=裁定、评价
223,多义,to try to divine the quality of a quant's system from clues,推测出；占卜出,"⚠动词义！凭迹象猜出；与形容词""神圣的""完全不同"
223,多义,clues about its particulars,细节；详情,复数名词=具体细节（personal particulars 个人资料）
223,生词,A great many things that seem plausible enough at first glance simply don't work,貌似有理的,看似可信但未必真；⚠≠ possible（可能的）
223,词组,The saving grace for the non-quantitative investor seeking to evaluate a quant,可取之处；能挽回局面的优点,唯一能补救/兜底的亮点
223,词组,that which puts the odds in favor of the portfolio manager succeeding,使胜算偏向…,odds = 胜算/赔率；in one's favor = 对某人有利
223,语法,"just because a quant pays a lot of money to a data vendor for clean data, doesn't mean that the quant should actually rely on the cleanliness of that data","仅仅因为量化经理花大钱向数据商购买""干净""数据，并不意味着他就真该信赖这些数据的干净程度。",just because A doesn't mean B = A 不构成 B 的理由；口语中 just because 从句可直接充当主语
224,多义,this is merely an invocation of the activity,口头搬出；套话式提及,"invoke = 援引、搬出（invoke a rule）；不只是""祈祷"""
224,生词,How a quant deals with adversity is critical to understanding his edge,逆境,adverse 不利的→adversity 逆境
224,词组,"By analogy, an inexperienced or inferior pilot might decide to emergency-land his plane",用类比来说,analogy = 类比
224,多义,because of a little unexpected turbulence,气流颠簸；动荡,航空义=颠簸；金融义=市场动荡；此处一语双关
224,词组,who was at the helm of US Airways Flight 1549,执掌；掌舵,helm = 船舵；take the helm = 接掌
224,文化,take the example of Chelsey Sullenberger,萨伦伯格机长与1549航班,"2009年""哈德逊河奇迹""：客机遭鸟击双发失效后成功迫降河面，155人全部生还；作者类比优秀量化面对逆境时的沉着判断"
224,生词,even the airplane was found more or less intact,完好无损的,in-（不）+ tact（触碰）：未被碰坏的
225,词组,a knee-jerk reaction,下意识的应激反应,knee jerk=膝跳反射→未经思考的本能反应
225,多义,on a crash course with total failure,正朝着彻底失败的方向直冲过去,"此处crash course=相撞轨道（collision course）；⚠常见义""速成班""完全不同"
225,难句,One could argue that LTCM's biggest mistake was forgetting Keynes' admonition that the markets can remain irrational longer than an investor can remain solvent.,可以说LTCM最大的错误就是忘了凯恩斯的告诫：市场保持非理性的时间，可以比投资者保持偿付能力的时间更久。,admonition that...=同位语从句；remain+形容词=保持某状态；凯恩斯名言
225,生词,Keynes' admonition,告诫；警示,admonish（告诫）的名词
225,生词,every bump in the proverbial road,俗话所说的；谚语里那种,"标记后面的比喻是套用俗语的说法（""路上的颠簸""）"
225,多义,pinpoint problems,精确定位（问题）,pin（针）+point（点）→像针尖一样精准找到
225,术语,quant models eventually decay into mediocrity,（模型）衰减,量化术语：策略盈利能力随时间衰退（alpha decay）
225,术语,a data edge,数据优势,靠独有数据源或更好的数据收集/清洗/存储获得的竞争优势
225,词组,These advantages eventually are competed or regulated away,被竞争耗尽；被监管消除,"动词+away=把优势一点点""磨掉""直至消失"
226,生词,It is a truism in economics that ...,不言自明的道理；老生常谈,true+-ism：人尽皆知、无需论证的道理
226,难句,"It is a truism in economics that, if higher-than-average profit margins can be had in some activity, more and more players will compete until the margins compress and normalize at levels more typical in the broader marketplace.",经济学里有条不言自明的道理：如果某项活动能获得高于平均的利润率，就会有越来越多的玩家进来竞争，直到利润率被压缩、回落到整个市场更常见的水平。,It is a truism that...形式主语；that从句内嵌if条件句；can be had=可以获得
226,多义,the margins compress and normalize,（利润率）收窄压缩,此处不及物：利润率自行收窄；normalize=回归常态
226,生词,generate a diaspora of lieutenants,四散出去（自立门户）的一批人,"原指犹太人""大流散""（Diaspora）；此处喻门徒散出去另立山头"
226,词组,In any event,无论如何；不管怎样,= in any case
226,生词,more difficult for new entrants,新进入者,enter+-ant：刚进入该领域的新玩家
226,词组,they had to branch into other areas,拓展进入（新领域）,branch=树枝→像分枝一样延伸出去
226,多义,"their edge, which was largely related to a lack of competition, was eroded",（优势）被侵蚀,本义土壤被水流侵蚀→逐渐削弱
226,术语,lack-of-competition edge,缺乏竞争型优势,因暂时无人竞争而享有的超额利润；书中称其最转瞬即逝
226,术语,Structural edges,结构性优势,由市场结构（规则、费率、席位等）赋予的优势，常因监管而生、因监管而亡
226,词组,puts the wind in the sails of a market participant,为…扬帆助力；让…顺风顺水,风灌满帆→外部条件助推
227,多义,a trader in the pits of the New York Mercantile Exchange,（场内）交易池,"pit本义""坑""；旧时交易所公开喊价的场地；pit-traded=场内喊价交易的"
227,术语,market-making activities,做市,持续挂双边买卖报价、赚价差并提供流动性的行为
227,生词,payments by ECNs for order flow will dwindle,逐渐减少；日渐萎缩,
227,文化,"a ""trust, but verify"" basis",信任，但要核实,里根谈美苏军控时的名言（源自俄语谚语），现为尽调界口头禅
227,词组,should probably serve as a red flag,危险信号；警讯,红旗=示警标志
227,多义,this is a tricky proposition,棘手的事情；难办的问题,"此处=要处理的事，不是逻辑""命题""或""提议"""
227,生词,the mistakes or misdeeds in a quant's past,不端行为；劣迹,mis-（坏）+deed（行为）
227,难句,"The investor must determine whether the mistakes or misdeeds in a quant's past served to teach her a lesson, or whether they indicate a likely pattern of behavior that will repeat, even if not in exactly the same way.",投资者必须判断：量化经理过去的错误或劣迹究竟是让她吸取了教训，还是预示着一种很可能重演（即便形式不完全相同）的行为模式。,whether A or whether B双选择宾语从句；serve to do=起到…的作用；even if not后省略主谓
227,术语,as a potential fiduciary acting on behalf of the investor,受托人,负有信义义务者：必须以客户利益最大化行事并披露利益冲突
227,多义,Fiduciaries are bound to act in their clients' best interest,负有义务的；必须,"be bound to此处=受约束必须做；⚠另一常见义""必定会"""
227,词组,to be very open and up front about any potential conflicts of interest,坦诚；直言不讳,另注意upfront fee=预付费用
227,生词,anything else that could impede their fulfilling their duties,妨碍；阻碍,⚠形近：impede妨碍/impel驱使/impute归咎
228,多义,someone intent on deceiving,一心想要（欺骗）的,"intent此处是形容词=执意的；名词义为""意图"""
228,生词,to be facile in answering questions about them,对答如流的,"本义""轻而易举的""（常含贬义""肤浅的""），此处=流利不费力"
228,生词,convincingly provide an alibi,不在场证明,"拉丁语""在别处""；刑侦用语"
228,词组,making up answers to questions about details on the fly,现编；即兴临场地,原指飞行中→不落地、边进行边处理；make up=编造
228,多义,questions he likely has not rehearsed beforehand,预先排练；打好腹稿,rehearsal=彩排；此处指提前准备好说辞
228,词组,these answers also have to be able to stand up on their own,站得住脚；经得起推敲,stand up (to scrutiny)=经受住检验
228,难句,"Though even less skilled quants might have answers at hand for higher-level questions about their strategies and process, even someone intent on deceiving rarely thinks through low-level details sufficiently to be facile in answering questions about them.",尽管技艺较差的量化经理也可能对策略和流程的高层次问题有现成答案，但即便是存心欺骗的人，也很少会把低层细节想得足够透彻，以至于能流利回答关于细节的提问。,Though让步；intent on deceiving后置定语；sufficiently to be facile=充分到足以…的程度
228,生词,who her dissertation committee included,博士论文,专指学位论文；dissertation committee=论文答辩委员会
228,文化,verifiable with her alma mater,母校,"拉丁语""哺育之母""；美国高校语境常用"
228,词组,I would put forth that ...,提出（观点/主张）,= put forward
229,文化,Bernie Madoff and the other scandals ... in late 2008,麦道夫骗局,2008年末曝光的史上最大庞氏骗局（约650亿美元）；尽调话题必引案例
229,难句,Investors cannot validly claim that they understood how Madoff could have made such consistently positive returns based on the strategy he is said to have employed.,投资者无法理直气壮地宣称：基于麦道夫据称采用的那套策略，他们真的理解他是如何做出如此持续为正的回报的。,he is said to have employed=据说他曾采用（不定式完成式表早于主句的动作）；claim内嵌how从句
229,生词,"fraud, malfeasance, or other misbehavior",渎职；不法行为,法律用语：mal-（坏）+feasance（行为）
229,语法,"But, as trend following in general goes, so it is likely that the human and computerized trader both go.",趋势跟踪这个大类整体表现如何，人工和电脑趋势交易者多半也一起如何。,"as A goes, so goes B=A怎样B亦怎样（一荣俱荣、一损俱损）"
230,词组,in line with the levels that the investor has determined are desirable,与…一致；符合,line=线→保持在同一条线上
230,难句,This is because this strategy tends to bet against the prevailing trend while remaining indifferent to the destabilizing effects of a large trend reversal on the relationships depended on by a relative alpha strategy.,这是因为该策略倾向于逆着现行趋势下注，同时并不受趋势大反转的冲击——而相对alpha策略所依赖的标的间关系恰恰会被这种大反转破坏。,while remaining...分词状语；depended on by...=过去分词短语后置定语（被相对alpha策略依赖的关系）
230,词组,for several quarters on end,连续（数季度）,"on end=接连不断地；⚠不是""最终"""
230,术语,they are subject to crowding risk,拥挤风险,太多资金挤在同类策略里，集体撤退时互相踩踏（如1998年8月、2007年8月）
230,生词,but also far from invulnerable,并非无懈可击,in-+vulnerable（易受伤的）；far from+形容词=远非
231,词组,grow their assets when assets are on offer,有人送上门的；可供获取的,"资金""送上门""时经理往往忍不住扩大规模"
231,多义,these considerations closely mirror the taxonomy,与…如出一辙；正好呼应,mirror作动词=像镜子一样映照/对应
231,词组,distinctions along the lines of the three portfolio considerations,按照…的思路（划分的）,"line=思路/路线；也常表""类似于…的"""
231,词组,extract and piece together information,拼凑出（完整图景）,像拼图一样把零散信息拼成整体
232,多义,Once quants have been vetted,审查；考察合格,"vet作动词=严格审核背景/资质；⚠名词义""兽医""无关"
232,词组,I asked him how on earth they had done so well,到底；究竟是怎么,on earth置于疑问词后加强语气
232,词组,both concise and seemingly on target,切中要害；说到点子上,target=靶子；正中靶心
232,文化,There is no secret sauce.,秘方；独门绝技,"美式说法（源自快餐店""秘制酱料""）：制胜诀窍"
233,生词,relentlessly work to improve everything we do,不懈地；毫不松劲地,relent=松劲/心软→relentless不松懈的
237,文化,I'm so fast that last night I turned off the switch in my hotel room and was in bed before the room was dark.,我快到昨晚关掉旅馆房间的灯之后、房间还没黑我就已经躺上床了。,"拳王阿里的著名吹牛名言；作者借它引出""高速/高频""交易主题"
237,词组,with markets fresh off of a harrying near-Depression experience,刚刚经历完…,fresh off (of)=刚从…中出来
237,生词,a harrying near-Depression experience,折磨人的；令人疲于奔命的,harry动词=反复袭扰；near-Depression=近乎大萧条的（2008危机）
237,词组,a new breed of trading firms,新一类的；新品种的,breed=（培育出的）品种→某一类人/机构
237,难句,"In early 2009, with markets fresh off of a harrying near-Depression experience, news reports began to circulate that among the few winners in financial markets in 2008 was a new breed of trading firms—so secretive as to make quant trading shops look like glass houses—called high-frequency traders (HFTs).",2009年初，市场刚从一场折磨人的准大萧条中缓过来，新闻里开始流传：2008年金融市场的少数赢家中有一类新型交易公司——其隐秘程度让量化交易公司相比之下都像玻璃房一样透明——它们被称为高频交易商（HFT）。,circulate=（消息）流传；among the winners was a new breed=介词短语前置引起倒装；so secretive as to=神秘到足以…；两个破折号夹插入语
237,多义,"in the press, political and regulatory circles",界；圈子,circle=某一行业/领域的人群，如political circles政界
237,多义,"prompted a chorus of cries of ""no fair""",齐声；异口同声的一片（喊声）,本义合唱队→众口一词；no fair=（口语）不公平
237,词组,in an effort to add weight to Goldman's allegations,为…增加分量；佐证,weight=分量/说服力；allegation=（未经证实的）指控
237,生词,This was eye-catching for many,抓人眼球的,catch one's eye=引人注目
237,术语,"""manipulate markets in unfair ways""",操纵（市场）,market manipulation=市场操纵，证券监管核心罪名
238,词组,"But the damage was done, and the stage was set.",大幕已拉开；铺垫已就绪,舞台已搭好=后续事件的条件已经成熟
238,词组,wiped out most of the 600 point loss,抹平；一举收复（跌幅）,"wipe=擦→把跌幅""擦掉"""
238,生词,"for now, it suffices to say that ...",足矣；只需说,sufficient（足够的）的动词；it suffices to say=只消说这一点就够了
238,生词,the kinds of quant strategies we explicated in Part Two,详细阐释,ex-+plic（折叠）→展开说明；⚠形近explicit（明确的）
238,生词,quant trading is not some monolithic idea,铁板一块的；单一同质的,mono-（单一）+lith（石头）：像一整块巨石
238,多义,contains an enormously diverse constituency,（构成整体的）群体,"此处=组成人群，不是""选区""；⚠形近constituent（成分股）"
238,生词,"HFT is not a well-defined, homogenous activity",同质的；清一色的,homo-（相同）+gen（种类）；反义heterogeneous（异质的）
239,词组,will no doubt scoff at the notion that ...,嗤之以鼻；讥笑,scoff at the notion=对这种说法不屑一顾
239,多义,it allows us to have a common footing when discussing the topic,立足点；共同基础,foot→footing=站稳的基础；on an equal footing=平起平坐
239,文化,"""But I know it when I see it. . . .""",（虽然定义不了）但我一看便知。,"美国最高法院大法官Potter Stewart 1964年论""何为淫秽物品""的著名判词，后被广泛借用于一切难下定义之物"
239,生词,in industry lingo,行话；黑话,非正式说法，=jargon
239,多义,their buying and selling activity tends to exactly offset,正好相互抵消,off+set：一买一卖正好对冲归零；名词义=抵消项
239,难句,"However many shares or contracts were bought of a given instrument had to have been sold as well; otherwise, there would be a net position at the end of the day.",某一标的当天买了多少股或多少张合约，就必须同样卖出多少；否则日终就会留下净头寸。,However many X were bought整体作主语=凡买入的那么多；had to have been sold=必须也已经卖出（完成式表逻辑必然）
240,多义,have pegged the profitability of an HFT strategy ... at approximately $0.001 per share,把…估定为；测算为,"peg at=把数值""钉""在某水平；⚠另一义：钉子/联系汇率制（currency peg）"
240,多义,This fee translates to about $0.006 per share,折合为；相当于,"数字换算高频用法，不是""翻译"""
240,生词,It is instructive to compare this to SEC regulatory fees,有启发的；能说明问题的,instruct（教导）→给人启示的
240,多义,they are actually just the revenue side of the ledger,账本；总账,"只算了账本的收入一侧（尚未扣成本）；区块链""分布式账本""同词"
240,术语,an extraordinarily successful outlier,离群值；异常值,统计术语：远离样本主体的数据点；引申=远超同侪的个例
240,词组,To put this in perspective,作个对照；放进参照系看,perspective=透视/视角：和参照物一比才知大小
240,多义,"accounts for, say, 5 percent of the U.S. equity market's volumes",比如说；假设,"插入语用法=for example；⚠不是动词""说"""
240,难句,"And since there are a large number of firms competing, even a successful one that accounts for, say, 5 percent of the U.S. equity market's volumes (which would make it an extraordinarily successful outlier) is making something like $65 million per year in revenues, before accounting for the extensive technological, compliance, and human resource costs that are required to compete.",而且由于竞争者众多，即便一家成功到占美股成交量（比如说）5%的公司——这已算极其成功的离群值——一年营收也不过6500万美元左右，这还没计入参与竞争所必需的庞大技术、合规和人力成本。,主干=even a successful one is making...；括号与say均为插入语；accounts for=占比，而句末accounting for=计入（同词组两义对照）
241,生词,astounding,令人震惊的,astound = 使大为惊讶（语气比 surprise 强）
241,词组,in the grand scheme of things,从全局来看；放在大格局里看,
241,生词,minuscule,极其微小的,⚠拼写是 minu- 不是 mini-
241,多义,the pie for which they are competing,"他们所争夺的""蛋糕""（可分的总利润）",pie 比喻可供瓜分的总收益
241,词组,drive up competition,推高/加剧竞争,drive up = 抬升（价格、竞争程度等）
241,多义,a contraction in the field,行业收缩,contract 动词=收缩/订约；此处名词=（行业）萎缩
241,生词,profits that have been hyperbolized in the press,被媒体夸大渲染的利润,hyperbole = 夸张修辞
241,生词,the meager revenues,微薄的收入,
241,词组,separate truth from myth,把真相与迷思区分开,myth = 迷思/以讹传讹的认知
241,难句,"An interesting question, and one to which I have no particularly clever answer, is why so much money and so many smart people are so focused on this niche, considering the relatively diminutive size of the pie for which they are competing.",一个有趣的问题——对此我也没有特别高明的答案——是：考虑到他们争夺的蛋糕相对如此之小，为什么会有这么多资金和这么多聪明人如此专注于这个细分领域。,主语=question；and one to which... 是插入的同位语（one = a question）；considering... = 让步状语；for which... 定语从句修饰 pie
243,文化,In skating over thin ice our safety is in our speed.,在薄冰上滑行，安全全在于速度。,"爱默生（Ralph Waldo Emerson）名言，作章首题词点出""速度""主题"
243,生词,Foremost among these,其中最重要的是,fore(前)+most；first and foremost = 首要的是
243,生词,These two concepts are conflated,这两个概念被混为一谈,conflate = 把不同事物混同；⚠形近 inflate 使膨胀
243,生词,reasonably savvy investors,相当在行的投资者,savvy = 精明内行的；tech-savvy = 懂技术的
243,词组,gives rise very naturally to the second,非常自然地催生了后者,give rise to = 引起/导致
243,多义,cousins but not synonymous,近亲但并非同义,cousin 比喻两个相似但不同的事物；synonymous = 同义的
243,文化,carrier pigeons,信鸽,1815年伦敦罗斯柴尔德银行用信鸽先获知拿破仑滑铁卢战败、做空法国债券大赚的著名典故
243,词组,got his start in 1845,起家；开始发迹,get one's start = 开启事业（路透社创始人靠信鸽网络起家）
243,难句,"It refers to the need, on the part of various types of traders, to access the markets with minimal delays, and to be able to act on decisions with minimal delays.",它指的是各类交易者以最小延迟接入市场、并能以最小延迟执行决策的需求。,主干 = the need to access ... and to be able to act ...（两个不定式并列修饰 need）；on the part of...（就…一方而言）为插入语，先跳过
244,生词,Paris' bourses,（巴黎的）证券交易所,法语借词，多指欧洲大陆的交易所
244,术语,Passive orders are limit orders that cannot be immediately filled.,被动订单,无法立即成交、挂入订单簿等待的限价单
244,术语,the best offer on XYZ is 100 shares at $100.01,买价与卖价,bid = 买方出价；offer(=ask) = 卖方要价；best bid/offer = 最优买卖价
244,术语,a price/time priority,价格优先、时间优先,订单簿排序规则：价格更优者先成交，同价位先到先得
244,生词,the time at which they arrived at market is the tie-breaker,决胜规则；打破平局的依据,tie = 平局；同价位靠时间分先后
244,生词,Mockup of an Order Book,示意模型；仿真样例,mock = 模拟的
245,术语,Aggressive orders are immediately actionable orders.,主动订单,能立即成交的订单（市价单或以对手价挂出的限价单），与被动订单相对
245,多义,immediately actionable,可立即执行成交的,"action+able；法律语境另义""可起诉的""，商业语境""可落地执行的"""
245,词组,without regard to price,不考虑（价格）,= regardless of
245,多义,the sell order was exhausted,（卖单）被全部吃光,exhaust = 耗尽；⚠exhaustive 详尽的 / exhausting 令人疲惫的
246,术语,joining,加入最优价队列,join = 在现有最优买/卖价上追加挂单，排在队尾，永远是被动订单
246,多义,improving the best offer price from $100.02 to $100.01,改善最优报价,improve 此处=挂出比现有最优价更好的价格，使买卖价差收窄
246,术语,the first level of the order book,or the inside market,盘口第一档；最优买卖价 = best bid 与 best offer 构成的最内侧报价
246,术语,providing liquidity / taking liquidity,提供流动性 / 拿走流动性,挂单等待=提供、主动吃单=拿走；作者强调这与被动/主动订单并不完全等同
247,词组,on the wrong side of those moves,站在那波行情错误的一边,持仓方向与行情相反而受损
247,术语,peer-reviewed academic journals,同行评审的（学术期刊）,peer = 同行；学术论文的质量把关机制
247,生词,"immediacy, size, and a fair price",即时性,immediate → immediacy；流动性定义的三要素之一
247,多义,nominally reduces the number of units in the order book,名义上（减少）,nominal = 名义上的；名义效果与实际效果可能相反
247,难句,"On the other hand, aggressive orders to buy units at a time when there are many sellers might be extremely additive to liquidity, even if they technically remove units from the order book.",另一方面，在卖家众多之时主动买入的订单，即便技术上从订单簿中移走了筹码，也可能极大地增加流动性。,"主语=orders（带 to buy 不定式及 at a time when... 定语）；even if + technically = 让步""尽管严格来说""；additive to = 对…有增益"
248,生词,few self-respecting candidates,有自尊心的,自重的人不会去应聘明显低薪的职位
248,生词,make you rue buying those shares,后悔（买了那些股票）,rue = 懊悔（书面/文学色彩）
248,生词,A prospective seller,潜在的（卖家）,⚠形近：perspective 视角 / prosperous 繁荣的
248,词组,one can exit the trade at no cost,平仓离场,exit = 退出头寸；反义 enter a trade
248,术语,the mid-market price,中间价,最优买价与最优卖价的简单平均
248,词组,where does the need for speed come into play?,（速度需求）从哪里开始起作用,come into play = 开始发挥作用
249,术语,at the top of the queue / queue placement,（订单）队列；排队位次,同价位订单按到达时间排队；排首与排尾的收益差约1.7美分/股
249,生词,a truly staggering figure,令人咋舌的（数字）,"stagger 本义""踉跄""→使人震惊"
249,生词,examined empirically,以实证方式（检验）,empirical = 基于数据与观察的，与理论推演相对
249,难句,"So, yes, you did technically buy at the bid, but the bid immediately went down and the price you received immediately became the subsequent best offer.",所以，没错，严格说来你确实按买价买到了，但买价随即下移，你的成交价立刻变成了之后的最优卖价。,"did buy = 强调""确实买到""；technically = 严格从字面/技术上讲；说明排在队尾成交往往意味着买贵了"
250,生词,top-tier speed,顶级的；第一梯队的,tier = 层级
250,多义,the need for speed among passive orders is a function of:,是…的函数；由…决定,"function 由数学""函数""引申=取决于后列各因素"
250,难句,"It has been argued by some that long-term investors (who hold positions for years and hope for profits on the order of dollars per share) should not care about the loss of a penny or two per share by virtue of being a slow, passive trader.",有人主张：长线投资者（持仓数年、期望每股赚数美元量级）不必在意因为自己是又慢又被动的交易者而每股损失一两美分。,It has been argued by some that = 有人认为（形式主语）；括号定语从句先跳过；by virtue of being = 因为身为
251,多义,an order already resting in the limit order book,已驻留在订单簿上（等待成交）的,rest = 停留/搁置；resting order = 挂着未成交的订单
251,词组,others may beat you to that price,别人可能抢在你之前到达那个价位,beat sb to sth/to it = 抢先一步
251,词组,continues to lag behind other participants,持续落后于,lag = 滞后；jet lag（时差）同根
252,难句,"What's more, the greater the accuracy of the forecasts (from the alpha model) that drove the desire to trade in the first place, the larger our concern over slippage.",而且，当初驱动这笔交易的（阿尔法模型）预测越准确，我们对滑点就越担心。,"the + 比较级…, the + 比较级…结构；that drove... 定语从句修饰 forecasts；in the first place = 当初"
252,生词,at the most inopportune times,最不合时宜的时刻,in-(否定)+opportune(合时宜的)；市场偏爱在最要命时急动
252,词组,will no doubt cost me dearly,让我付出高昂代价,"dearly = 高价地；dear 旧义""昂贵的"""
253,词组,logically the first order of business,头等要务,order of business = 议事日程上的事项
253,术语,time-stamp and prioritize all inbound orders,打时间戳,记录消息到达的精确时刻；高频数据处理的关键环节
253,术语,a trading firm colocates its server,托管（服务器进交易所机房）,colocation = 把自家服务器放进交易所撮合引擎所在数据中心，最小化延迟
253,术语,cross-connect,交叉互连,托管服务器与撮合引擎之间的直连专线
253,术语,proximity hosting,邻近托管,不进交易所机房、但把服务器放在其附近的折中托管方式
253,多义,The difference ... can be material,重大的；有实质影响的,"material 作形容词=实质性的（财报""重大事项""同用法），不是""材料"""
254,术语,at the 99th percentile,第99百分位,统计术语：99%的观测值低于该点；同族 decile 十分位
254,多义,locate them on your own premises,自家场地/办公场所,premises 恒用复数=房屋及场地；⚠单数 premise = 前提，词义完全不同
254,词组,"expensive, mission critical servers",关键任务级的,mission-critical = 一旦故障就影响全局的
254,生词,consolidate the data,汇总；整合,把多个来源的数据合并到一处；consolidated = 合并后的
254,生词,visualized as a mesh,网状结构,mesh = 网眼/网格；形容交易所之间的互联拓扑
255,多义,are very keen to know,迫切想要（知道）,"keen 此处=渴望的；另义""敏锐的、锋利的"""
255,多义,Data can't be beamed through the air,以波束/无线方式传送,beam 名词=光束；动词=定向发射传输
255,生词,is somewhat circuitous,迂回绕路的,与 circuit（环路）同根；指光纤路径不走直线
255,多义,tracts of land,大片土地,"tract = 一片（土地）；另义""（消化/呼吸）道"""
256,文化,this arms race to zero,（延迟趋零的）军备竞赛,冷战术语借喻：各家竞相烧钱把延迟压到物理极限
256,词组,as the pursuit of minimum latency is less-than-affectionately known,被人不无揶揄地称作,less than + 褒义词 = 委婉否定（毫不…）
256,生词,Spread Networks' unveiling,揭幕；发布,unveil = 揭开面纱→首次公开亮相
256,词组,There is some light at the end of the tunnel,隧道尽头的曙光；转机在望,"习语=困境将尽；本句与光纤传""光""构成双关"
256,词组,The state of the art connection,最先进水平的,state-of-the-art 作定语=最尖端的
256,多义,There can be no dropped messages.,丢失（消息/数据包）,"drop 此处=传输中丢包，不是""掉落"""
257,术语,one consolidated order book,合并订单簿,把多个交易所的行情消息流汇总成一本总订单簿；美股市场碎片化下的核心工程问题
257,生词,an extremely sneaky problem,狡猾隐蔽的,sneak（溜进）→sneaky 鬼祟的；指问题不易察觉
257,术语,rates would be basically stationary,平稳的,统计术语：统计性质不随时间变化；⚠形近：stationery 文具
257,词组,tailor-made for this application,量身定制的,tailor = 裁缝
257,术语,the Poisson-distribution,泊松分布,描述单位时间内随机事件发生次数的概率分布；以19世纪法国统计学家泊松命名
257,术语,This results in a positive feedback loop,正反馈循环,一人交易引发他人交易、行为相互放大的机制
257,语法,the very action of one person trading causes another to take action,正是一个人交易这一行为本身会引发另一人采取行动,very 作形容词=正是、恰恰；the action of sb doing = 某人做某事这一行为
257,生词,To further elaborate,详细阐述；展开说明,动词；elaborate on sth = 就…展开细说
258,多义,"we see 863, about five times the expectation",期望值,"统计义：理论预期数值；不是""期待"""
258,生词,Events in this realm happen far less than 1 percent of the time,领域；范围,
258,术语,the tails of the distribution,分布的尾部,概率分布两端极端值区域；尾部行为=极端事件的规律
258,语法,"the busiest 234,000 milliseconds worth of data",相当于23.4万个毫秒的数据量,数量 + worth of + 名词 = 价值/相当于该数量的…
258,难句,"Whereas the tails of the distribution of messages per 10-seconds are relatively well-behaved, the tails of the distribution of messages per millisecond are incredibly badly behaved.","按10秒计的消息分布尾部相对""乖巧""，而按毫秒计的消息分布尾部则极其""顽劣""。",whereas 引导对比从句=而/然而；well-/badly behaved 拟人：指极端值是否可控可预测
259,多义,engineer a system to be responsive at a given timescale,响应迅速的,"指系统能在给定时间尺度内做出反应；不是""态度积极回应的"""
259,术语,a seasonality of busyness within each day,季节性（周期性规律）,统计术语：随时间的规律性起伏；此处指日内忙闲周期
259,多义,the period just before the close is the busiest,收盘,the close/the open = 收盘/开盘；动词名词化
259,词组,just to name a few,仅举几例,列举后的收尾用语
259,语法,Compounding the problem is the fact that there is a seasonality of busyness within each day.,雪上加霜的是，每天日内还存在忙闲的周期性规律。,现在分词短语前置引起倒装：Compounding the problem is X = 使问题更严重的是X；正常语序为 The fact that... compounds the problem
259,语法,if this wasn't enough of a challenge already,仿佛这挑战还不够大似的,enough of a + 名词 = 程度足够称得上…；反讽语气引出更多困难
260,多义,attempting to control for risk factors,控制（变量/风险因子）,"统计术语：在分析中剔除某因素的影响；不是""控制住某物"""
260,术语,index arbitrage is a widely known HFT strategy,指数套利,交易指数产品（ETF/期货）与其成分股组合之间价差的策略
260,术语,after accounting for expense ratios,费用率,基金/ETF每年收取的费用占资产的比例
260,术语,a bottom-up estimate of the value of the S&P index,自下而上的（估算）,由个体成分逐个加总得出整体；反义 top-down 自上而下
260,语法,theoretically free money is to be had,可以到手；有得赚,be to be had = 存在可得的机会；There is money to be had 同款结构
260,多义,As a sidebar,顺带一提,本义报刊正文旁的边栏小文，引申=题外话
260,术语,under the Market Access Rule,市场准入规则,SEC 2011年规则：要求券商对客户订单做盘前风控检查并全权控制风控软件
260,词组,each trade is (a) within the means of the trader,在…财力范围之内,means 此处=财力；live within one's means = 量入为出
260,生词,compliant with regulatory requirements,合规的,comply→compliant；名词 compliance = 合规
260,难句,"If, however, you find that the actual value of the SPY ETF, after accounting for expense ratios and other similar structural differences between the ETF and a basket of stocks, is trading at a different value, then theoretically free money is to be had by virtue of buying whichever side is undervalued and selling short whichever side is overvalued.",然而，如果你发现SPY ETF的实际价格——在扣除费用率及ETF与一篮子股票间其他类似结构性差异之后——正处在另一个价位，那么理论上就有白捡的钱：买入被低估的一边、卖空被高估的一边即可。,主干 If you find that X is trading at a different value… then money is to be had；after accounting for... 为长插入语；whichever side = 无论哪一边
261,术语,the trader's buying power,购买力；可用下单额度,账户中可动用（含保证金授信）的最大下单金额
261,术语,engaged in what is called naked access,裸接入,客户绕过券商风控服务器直连交易所下单的做法；2011年被SEC禁止
261,多义,This added hop (in network engineering terms),（网络）一跳,网络工程术语：数据经过的一个中转节点；每多一跳就多一份延迟
261,多义,a risk check provided by the broker generally resides on a broker's server,驻留于；存放在,"reside 本义""居住""；引申=（软件/数据）位于某服务器上"
261,术语,cares a lot more about issues like scalability,可扩展性,系统在业务量增大时仍维持性能的能力；scale（规模）派生
261,术语,the tick-to-trade total latency,行情到下单的总延迟,从收到行情（tick）到发出订单（trade）的全部耗时；顶级HFT要求低至10微秒
261,词组,some HFT firms opted to send their trades directly to the exchange,选择（做某事）,opt = 做出选择；名词 option
261,词组,some brokers made a business of providing naked access,把…做成一门生意,
261,词组,build out their own broker-dealer units,建起；从头建设,build out = 从无到有建设整套体系
262,生词,the incredibly difficult problems enumerated above,列举,e-(出)+numer(数)：一一数出
262,术语,A typical build versus buy decision is made,自建还是外购,IT/企业决策术语：自行开发还是购买商用方案
262,文化,"""HFT-in-a-Box"" solutions",开箱即用的整套方案,X-in-a-box = 美式商业说法：打包好、即插即用的解决方案
262,生词,when the opportunities to add value are the most plentiful,丰富的；大量的,plenty 的形容词
262,多义,Responsible people engineer for the 99th percentile.,按…目标来设计（系统）,engineer 作动词=用工程方法设计打造；engineer for X = 以满足X为设计标准
262,生词,detractors of HFT,贬低者；唱衰者,detract（贬损）+ -or；指批评方
263,词组,the near-death experience of Knight Capital in 2012,濒死经历,比喻公司险些倒闭；骑士资本2012年因软件bug半小时巨亏
263,词组,It was a mistake of its own doing.,自己造成的,doing 此处=所作所为；= 咎由自取
263,词组,secure emergency funding to stay afloat,维持不倒；免于破产,afloat = 漂浮着；公司语境=不沉没倒闭
263,多义,had to secure emergency funding,设法获得；筹到,"secure 作动词=（费力）弄到手；不是""安全"""
263,词组,at the expense of a large portion of the value of its business,以…为代价,expense = 代价/花费
263,文化,No mom and pop investors ... were harmed.,散户；小老百姓,美式说法：mom-and-pop store 夫妻小店→泛指普通小投资者
263,生词,"no pensioners, no market systems were harmed",领养老金的人,pension（养老金）+ -er
263,词组,in pursuit of what amounts to a $0.001 per share profit expectation,为了追逐,pursue→pursuit
263,词组,what amounts to a $0.001 per share profit expectation,实际上等于；说白了就是,amount to = 总计达/相当于
263,术语,the expected profit margin of a successful U.S. equity high-frequency trader,利润率,单位交易中利润所占比例；此处成功HFT每股仅赚0.1美分
263,生词,inconsequential and totally fair,无足轻重的,"consequence（重要性）+否定前缀；⚠不是""不合逻辑的"""
265,文化,"If you have a mouse in your hand, you are too late!",手里还握着鼠标，你就已经太迟了！,章首题词（Blair Hull）：高频时代人工点鼠标下单毫无速度竞争力
265,术语,contractual market maker (CMM),契约型做市商,与券商签约、承诺成交其客户订单流的HFT做市商；本章四类HFT策略之一
266,语法,either goes unfilled until a later time,一直未能成交,go + 过去分词/形容词 = 处于…状态（go unnoticed/unpaid 同款）
266,词组,for the sole reason that customer B wants to sell them,仅仅因为,sole = 唯一的
266,多义,provide liquidity to those who have a utility for it,效用,"经济学义：使用价值；不是""公用事业""或""工具程序"""
266,词组,at the whims of retail customers,随…的心血来潮而变,whim = 一时兴起；at the whim(s) of = 任由…摆布
266,多义,market makers get paid to warehouse the risk in the interim,暂存；囤放（风险）,"warehouse 作动词=入库存放；比喻做市商替市场""仓储""风险以赚取报酬"
266,词组,in the interim,在此期间；过渡期内,interim = 间隔期；an interim CEO = 代理CEO
266,术语,sometimes referred to as order flow internalizers,订单流内部化,券商/做市商不把客户订单送交易所、而在内部自行撮合成交的模式
266,生词,this is aptly known as autofill,恰如其分地,apt（贴切的）+ -ly
267,词组,the CMM is piggybacking on whatever the prevailing best offer was,搭便车；借力,本义骑在别人背上；引申=借用现成的东西
267,词组,it is not at all obvious that the customer is any worse off,处境更差,better off / worse off = 境况更好/更糟
267,词组,when facing off against retail order flow,与…对阵交锋,face-off 本义冰球比赛开球对峙
267,术语,unlikely to be any significant price impact,价格冲击,订单本身推动价格变动的效应；散户小单冲击小
267,术语,"here, a perverse incentive may exist",扭曲的激励,perverse = 反常悖理的；指制度安排反而诱导做坏事
267,词组,"At the very least, it is quite an interesting situation.",至少可以说,比 at least 语气更强
267,生词,a Fictitious Ticker,虚构的,与 fiction 同根；⚠形近：factitious 人为做作的
268,多义,until the buy order was almost exhausted,被消耗殆尽,"exhaust 此处=用光（订单量被吃完）；不是""筋疲力尽"""
268,生词,the offered side of the book is likely to replenish,重新补满；补挂,re- + plen（满）+ -ish：再次填满
268,生词,at an untenably high price,站不住脚的；难以维持的,ten-（持有）：撑不住的；untenably high = 高得离谱难以维持
268,生词,It may incentivize the CMM to act in a way that is adverse to the customer,激励；诱使,incentive（激励）动词化；商业英语高频
268,多义,"this is, at the very least, an interesting dynamic",动态机制；互动格局,"dynamic 作名词=各方互动形成的态势；不是形容词""有活力的"""
268,难句,"In other words, the CMM could use a horribly ineffective execution strategy for the first 9,500 shares, specifically designed to get the customer the worst possible price (especially on the last few hundred shares), so that the CMM can come in and take those last few hundred shares into his own inventory at an untenably high price.",换言之，CMM可以对前9500股故意采用一套极其低效的执行策略——专门设计来让客户拿到最差的价格（尤其最后几百股）——好让自己进场，以高得离谱的价格把最后那几百股收进自己的库存。,主干 the CMM could use a strategy... so that...（目的状语从句）；specifically designed to... 为过去分词短语后置修饰 strategy
269,词组,Knight's brush with bankruptcy unfolded in merely a half hour,与…擦肩；险些遭遇,"a brush with death/bankruptcy = 一次与死亡/破产的""擦碰"""
269,词组,not intended to put CMMs out of business,使停业倒闭,out of business = 歇业
269,术语,particularly lit exchanges,明池交易所,lit（点亮的）：报价公开可见的交易所；反义 dark pool 暗池
269,术语,compete with other participants for better queue placement,排队位次,同价位订单按先来后到排队成交；位次越靠前越有利
269,术语,Noncontractual market making (NCMM),非契约型做市,不靠合约获取订单流、在公开订单簿挂单赚价差和返佣的做市策略
269,术语,incentivized to provide liquidity by virtue of liquidity provision rebates,流动性提供返佣,交易所向挂单成交方（流动性提供者）支付的返佣（maker rebate）
269,词组,a fast NCMM can still turn a profit,实现盈利,turn 此处=做出/产生
270,生词,"This is the embodiment of ""buy low, sell high""",化身；集中体现,embody（体现）→embodiment；the embodiment of X = X的具象版
270,词组,"buy low, sell ever-so-slightly higher, very soon, and repeatedly",极其轻微地,ever so + 形容词/副词 = 非常（英式口语）；连字符连写作定语
270,词组,in the absence of a very short-term trend,在没有…的情况下,absence = 缺席→不存在
270,词组,this is no small feat in the first place,绝非易事,feat = 壮举；no small = 相当大的（反语强调）
270,词组,"As an aside, NCMMs do usually have access to dark exchanges as well",顺带一提,aside 名词=旁白/题外话
270,词组,manage and dispose of the inventory,处理掉；脱手,⚠dispose of = 清掉/卖掉；≠ be disposed to（倾向于）
270,多义,an imaginary company that is a peer of XYZ,同业可比公司,peer = 同侪；金融语境=同行业对标公司（peer group 可比组）
270,难句,"A NCMM who cannot access information about the futures market in a timely manner will likely end up failing to cancel his passive offers at the top of the order book, which will cause him to experience adverse selection in the fills he receives on his sell-trades.",一个无法及时获取期货市场信息的NCMM，很可能到头来没能撤掉挂在订单簿最前排的被动卖单，结果在这些卖单的成交中遭受逆向选择。,主语后接 who 定语从句；end up doing = 最终落得；which 引导非限定性从句指代前面整件事
271,术语,We define structural correlation as a correlation that exists because it must.,结构性相关,因产品结构必然存在的相关性（如跟踪同一指数的期货与ETF）；区别于统计上碰巧的相关
271,多义,for the passive orders ... to cancel and ratchet upward,棘轮式逐级上移,ratchet = 棘轮（只进不退的齿轮）；ratchet up = 一格一格上调
271,词组,a sufficiently fast arbitrageur can pick off a slow-to-cancel passive order,逐个猎杀；抢吃,本义狙击手逐个点名射杀；此处=专挑撤单慢的挂单下手
271,多义,the trader has virtually guaranteed himself a 0.4 percent profit,几乎；实际上,"virtually = 差不多等于；不是""虚拟地"""
271,多义,a large order to buy the futures suddenly hits the market,突然进场；砸入市场,hit 此处=（订单/消息）抵达并冲击市场
271,生词,"when they converge, he reaps the profit",收获,本义收割庄稼；reap what you sow = 种瓜得瓜
271,词组,In order to qualify as a true arbitrage,够格算作；符合…的条件,"qualify 此处=达到标准；不是""取得资格证书"""
271,难句,"In order to qualify as a true arbitrage, a trade must capture an inefficiency in the marketplace that causes the price of an instrument (or derived version of the instrument) to be different in different locations (e.g., exchanges) or formats (e.g., an ETF versus the stocks that constitute that same ETF) at precisely the same moment.",要够格称为真正的套利，一笔交易必须捕捉这样一种市场低效：它使同一标的（或其衍生形式）在同一时刻、于不同场所（如不同交易所）或不同形态（如ETF与构成该ETF的成分股）出现不同的价格。,主干 a trade must capture an inefficiency；that 定语从句修饰 inefficiency；cause sth to be different in A or B 结构中 A、B 各带括号内例证
272,术语,index that can be created synthetically by buying its constituents,合成地,合成头寸=用其他工具组合复制出等价暴露；此处指用成分股拼出指数
272,术语,Another type of arbitrage is venue arbitrage,场所套利,"同一标的在不同交易所出现价差时的套利；venue 本义""场地""→交易场所"
272,生词,To address this extremely obvious inequity,不公,⚠形近三连：inequity 不公平 / inequality 不平等 / iniquity 邪恶
272,术语,fill both such customer orders at the best mid-price,中间价,最优买价与卖价的中点；按中间价撮合对买卖双方都公平
272,文化,$100 bills don't get left on the street for very long,百元大钞不会在街上躺太久,有效市场经典比喻：白捡的钱很快会被人捡走
272,生词,If the price discrepancy is very large,差异；不符,"指两个数值间的出入；⚠比 difference 更强调""对不上"""
272,生词,trying to make it marginally better,略微地,margin（边缘）→marginal（边际的）→marginally；边际改善
272,多义,impossible to do both legs of the arbitrage trade,（交易的）一条腿,交易术语：组合交易的一个方向；套利两条腿=一买一卖
272,术语,betting on a lead-lag relationship between the instruments,领先-滞后关系,一个价格先动、另一个跟着动的统计关系；先动者为 lead、后动者为 lag
273,词组,lock in a profit,锁定利润,lock in = 把（利润/价格）锁死不再受后续波动影响
273,多义,its odds are not substantially better than even,其胜算并不比五五开好多少,"even 此处=对半、五五开（赔率相等），不是""甚至"""
273,术语,fast alpha,快阿尔法策略,在日内极短时间尺度上用价格类信号获取超额收益的HFT策略
273,术语,to be fully priced-in,被完全消化进价格,price in = 信息被市场吸收、反映到价格之中
273,术语,after-hours or pretrading sessions,盘后或盘前时段,正规交易时间之外流动性较差的交易时段
273,生词,the beginning of a decoupling,脱钩的开始,de-(解除)+couple(成对)：原本联动的两者不再联动
273,难句,"Whereas arbitrage strategies are taking advantage of price discrepancies between instruments that are structurally correlated, fast alpha strategies are sometimes looking to profit from price discrepancies on a statistical basis.",套利策略利用的是结构上相关联的标的之间的价差，而快阿尔法策略有时想赚的是统计意义上的价差。,"Whereas A, B = 对比句式""A如何，而B如何""；structurally vs on a statistical basis 是全段核心对比"
274,术语,directional types of forecasts,方向性预测,押价格涨跌方向（而非价差收敛）的预测或头寸
274,词组,this is still a matter of chance,这仍是碰运气的事,= 纯属偶然、听天由命
274,术语,capture small pullbacks in a trend,捕捉趋势中的小幅回调,pullback = 回调：趋势途中短暂的反向波动
274,术语,get passive orders to the top of the book,把被动单排到订单簿队列最前端,book = 订单簿；排在队首才能优先成交
274,生词,any delay ... can be detrimental,任何延迟都可能有害,detriment = 损害；to the detriment of = 有损于
275,术语,risk factors,风险因子,解释一批股票共同涨跌的系统性变量（如市值、行业）
275,多义,neutralizing their exposure to the size factor,把对市值因子的敞口做中性化,neutralize = 对冲抵消使归零；neutral（中性）的动词形态
275,术语,the size factor,规模因子（市值因子）,按市值大小区分股票收益差异的经典风险因子
275,多义,the way that this risk factor expresses itself in the markets,该风险因子在市场中的显现方式,"express oneself 此处=表现/显现出来，不是""表达自己"""
275,难句,The kinds of considerations that apply to arbitrageurs relate to sizing their bets to ensure that the temporary variances in the spread between their longs and shorts do not put them out of business.,适用于套利者的考量在于控制下注规模，确保多空价差的暂时波动不会让他们破产出局。,主干=considerations relate to sizing；ensure that 从句里 variances 是主语、put ... out of business 是谓语
276,术语,legging risk,腿差风险,套利的两条腿无法同时成交，先成交的一腿暴露在市场风险之中
276,多义,whatever is accumulated must soon thereafter be dispensed,累积起来的仓位必须很快处置掉,dispense = 分发/处置；⚠dispense with = 省掉、免除
276,术语,they diversify their risk across names,把风险分散到不同标的上,diversify = 分散投资；名词 diversification
276,术语,Equal weighting positions,等权重配置头寸,每个头寸分配相同权重的简单组合构建法
276,词组,rarely factor in,很少被纳入考虑,"factor in = 把…算进来；此处不及物=""参与进来"""
276,生词,why would the very active traders eschew them?,为何最活跃的交易者反而弃用它们,eschew = 刻意回避、弃用（正式词）
276,生词,This seems paradoxical,这看似自相矛盾,paradox = 悖论；paradoxical = 看似矛盾的
276,术语,bid/offer spreads and liquidity taking fees,买卖价差和吃流动性手续费,bid=买价 offer/ask=卖价；两者之差是做市商的主要利润来源
276,多义,a profit net of transaction costs,扣除交易成本后的净利润,net of X = 刨去X之后；net 的介词性用法
276,难句,"As such, if the market moves adversely to the first leg of the trade before the second leg can be put on, not only might the opportunity disappear, but money can easily be lost.",因此，若第二条腿还没建上、市场就朝第一条腿的不利方向变动，那么不仅机会可能消失，钱也很容易亏掉。,not only 提到句首引起倒装（might the opportunity disappear）；后半句 but 呼应
277,生词,This is a tautology,这是一句同义反复,tautology = 逻辑上必然为真的废话；S&P 500 = S&P 500
277,语法,It does not take someone particularly clever to say that ...,说出…并不需要多聪明的人,it takes sb/sth to do = 做成某事需要…；否定式=谁都说得出
277,难句,But it is something else entirely to be able to profit from the extremely fleeting instances where there is a divergence.,但能从出现背离的那些转瞬即逝的时刻中获利，完全是另一回事。,"it is one thing ... it is something else (entirely) to do = ""…是一回事，能做到…是另一回事""句式的后半"
279,词组,The criticisms of HFT seem to gravitate around four major ideas,批评大都聚拢在四大论点上,gravitate = 受引力吸引→自然汇聚/倾向于
279,文化,a two-tiered system of haves and have-nots,"有产者与""无产者""的双层体系",英语固定说法：the haves 占优者/富人，the have-nots 弱势者/穷人
279,生词,two-tiered system,双层的；分成两个等级的,tier = 层级；two-tiered = 分成高低两档的
279,词组,separating fact from fiction,把事实与虚构区分开,固定搭配；fact/fiction 押头韵
280,多义,a legitimate shot at getting a fair deal,获得公平交易的正当机会,shot = 机会（口语）；have a shot at = 有机会一试
280,词组,speed advantages are earned competitively on a level playing field,公平的竞技场；公平竞争环境,球场平整则双方无优劣→机会均等，本章高频比喻
280,生词,The markets are more egalitarian today,如今市场更加平等,egalitarian = 平等主义的；词根同 equal
280,生词,firms who were more proximate to the physical exchange,离实体交易所更近的公司,proximate = 邻近的；词根同 approximate/proximity
280,词组,bigger by orders of magnitude,大好几个数量级,order of magnitude = 数量级（相差10倍为一级）
280,词组,the state of markets in years gone by,过去岁月里的市场状况,gone by = 逝去的；= in the past
281,词组,Brooks' comments can be taken to mean that ...,可以被理解为…的意思,take X to mean Y = 把X理解为Y
281,词组,being earlier to the table on a good idea,"比别人更早""上桌""抓住好主意",牌桌/饭桌比喻：先到者占先机
281,多义,by virtue of having the highest payroll,凭着最高的工资总额,payroll = 薪资总支出/工资名册；球队语境=全队薪资
281,词组,top-of-the-line hardware,顶配的；最高档的,line = 产品线；产品线顶端=旗舰级
281,生词,NYSE was in violation of extant rules,违反现行规则,extant = 现存的、仍然有效的（正式词）；⚠形近：extent 程度
281,词组,the issue has been put to bed,这事已经了结,put to bed = 处理完毕、翻篇（原指哄孩子睡觉/报纸付印）
281,多义,have sunk millions ... into infrastructure,把数百万资金砸进基础设施,sink 此处=投入（往往有去无回）；sunk cost 沉没成本同源
281,词组,have absolutely nothing to show for it except red ink,除了亏损什么成果都拿不出来,have nothing to show for X = 付出了X却毫无成果
281,文化,except red ink,亏损；赤字,会计传统：账本上亏损用红墨水记→red ink = 亏损
281,多义,which entitle it to low-risk profits,使其有资格坐享低风险利润,entitle sb to sth = 赋予资格/权利；title 头衔→授予名分
281,多义,that's true for almost any venture,几乎任何事业都是如此,venture = 有风险的事业/项目；venture capital 风险投资同源
282,多义,in the business of facilitating investor orders,以促成投资者订单成交为业,facilitate = 为…提供便利；此处指做对手盘帮投资者成交
282,术语,they take the opposite side of these orders,充当这些订单的对手盘,做市核心：你买我卖、你卖我买
282,多义,is useful but only at the margin,有用，但只是在边际上,经济学用语：只带来一点点增量改善；margin 此处≠保证金
282,词组,does not move the needle,起不到什么实质影响,仪表指针都不动一下→影响微乎其微
282,术语,a single medium-sized retail U.S. equity brokerage firm,一家中等规模的美国股票零售经纪公司,brokerage = 经纪业务/经纪商；broker 经纪人
282,难句,"It is incorrect to claim that a trader who does not want to accumulate a significant net position, and who prefers to end the day with no positions at all, would be competing with an investor who has a time horizon measured in weeks, months, or years.",说一个不想积累明显净头寸、且宁愿日终清仓的交易者会与持仓周期以周、月、年计的投资者构成竞争，这是不对的。,claim that 从句的主语 a trader 带两个 who 定语从句，谓语 would be competing 隔得很远；读长句先找主谓
283,词组,it ties in with the definition of alpha given in Chapter 3,与第3章给出的阿尔法定义相呼应,tie in with = 与…紧密关联/相衔接
283,词组,"other investors, in aggregate, follow in your footsteps",其他投资者（整体上）步你的后尘,踩着你的脚印走→随后做出同样的事
283,多义,a correct anticipation of the future aggregate behavior,对未来整体行为的正确预判,"anticipate = 抢先预料并做好准备，比 predict 多一层""提前行动"""
283,多义,a topic that understandably generates a lot of heat,一个可以理解地引发大量激烈争论的话题,heat 此处=火药味/激烈情绪，不是温度
283,词组,it also generates very little by way of credible examples,却几乎拿不出什么可信的例子,by way of = 作为/以…形式；little by way of X = 拿得出手的X很少
283,术语,quote stuffing,报价填塞,瞬间挂出并撤销海量订单以扰乱他人判断的涉嫌操纵行为；stuff = 塞满
283,词组,bully slower investors into giving up profits,逼迫较慢的投资者交出利润,bully sb into doing = 恃强凌弱地逼某人做某事
283,多义,Facebook's troubled IPO in 2012,Facebook 2012年状况百出的IPO,troubled = 麻烦缠身的、多灾多难的
283,文化,Goldman Sachs sending the Feds after Sergey Aleynikov,高盛让联邦执法人员去抓Aleynikov,the Feds = 美国联邦执法机构（FBI等）的口语称呼；send sb after sb = 派人追捕
284,文化,gave people ... an aha moment,"让人们有了""恍然大悟""的一刻","aha = 拟声词""啊哈""；aha moment = 顿悟时刻"
284,生词,the indubitable Goldman claimed that ...,不容置疑的高盛声称…,in+dubitable（可怀疑的）=无可置疑的；此处语带讽刺
284,生词,the subject of the public's ire against HFTs,公众怒火的对象,ire = 愤怒（文雅正式词）
284,多义,A pet phrase of HFT's detractors is latency arbitrage,批评者的口头禅,pet 作形容词=最钟爱的；类似 pet project 心头好项目
284,术语,latency arbitrage,延迟套利,利用不同参与者看到行情存在时间差来获利的（被批评者渲染的）策略
284,多义,a stylized strategy that is supposed to demonstrate ...,一个程式化/理想化描述的策略,stylized = 抽象简化、非写实的；统计学 stylized facts 典型化事实
284,生词,a predatory algorithm,掠夺性算法,predator 捕食者→predatory 掠夺成性的
284,术语,see a customer order before it hits the tape,在客户订单进入公开成交纪录之前看到它,tape = 行情纸带→如今指公开的成交/报价数据流
284,术语,Contractual market makers (CMMs) / NCMMs,契约做市商 / 非契约做市商,CMM 与交易所签约、负有报价义务并可见客户订单流；NCMM 无义务、仅凭订单簿被动挂单
285,词组,If we grant the premise,如果我们姑且接受这个前提,"grant 此处=（为讨论）姑且认可，不是""授予"""
285,术语,the national best bid-offer (NBBO),全国最优买卖报价,美股各交易所报价汇总后的全国最优买一/卖一价
285,术语,before it is reflected in the centralized tape,在其反映到合并行情带之前,把所有交易所的成交与报价合并发布的官方数据流
285,生词,There is no conceivable way that ...,不存在任何可以想象的方式,conceive 构想→conceivable 可想象的；反义 inconceivable
285,词组,we marvel at his speed,我们惊叹于他的速度,marvel at = 对…啧啧称奇
285,文化,Usain Bolt ... Patrick Makau (record-holder for fastest marathon),博尔特与马拉松纪录保持者马考的类比,短跑冠军与马拉松冠军不同赛道、无从比较→HFT与养老金投资者并不构成竞争
285,生词,those traders would outwit the less capable,智胜能力较差的人,out-前缀=胜过（outrun 跑赢、outperform 业绩跑赢）
285,词组,it is probable he will go through all the trouble,他多半会不嫌麻烦地去做,go through the trouble (of) = 不辞辛劳去办
285,难句,However—and this is the central flaw in the claim being addressed—the customer's order has to already be in the queue at a given exchange for an HFT with a direct data feed to see it.,然而——这正是该指控的核心漏洞——客户的订单必须已经进入某交易所的队列，拥有直连数据源的HFT才可能看到它。,"破折号插入语先跳过；for sb to do = 不定式的逻辑主语：""要让HFT看到，订单必须已在队列里"""
286,多义,It also appears lost on those pointing to the Facebook IPO ...,那些人似乎完全没领会到…,be lost on sb = （道理/讽刺）对某人不起作用、某人体会不到
286,多义,some bad actor in the HFT world,HFT圈里的某个坏分子,actor 此处=行为者，不是演员；bad actor = 恶意行为人
286,术语,the Hunt brothers cornered and manipulated the silver markets,逼仓；囤积垄断（白银市场）,"corner 作动词=囤积某商品逼空市场；与名词""角落""义区分"
286,文化,the Hunt brothers ... beginning in the 1970s,亨特兄弟,"1970年代末囤积白银逼仓、1980年""白银星期四""崩盘的著名操纵案；当时用的不过是电话"
286,词组,"For that matter, should telephones be banned?",同理；真要这么说的话,for that matter = 就此而言（把同一逻辑推及另一事物）
286,生词,the contention that HFTs manipulate markets,HFT操纵市场这一论点,"contend 主张→contention 论点；⚠另一义""争夺""（in contention）"
286,术语,known as cancellation rates,撤单率,挂单中被撤销的比例；HFT撤单率高是被攻击的焦点
286,生词,it is of inferior quality,质量低劣的,inferior (to) = 较差的；反义 superior
286,难句,It also appears lost on those pointing to the Facebook IPO as evidence of an HFT manipulation problem that the price dropped and remained well below the IPO price at least up until the time of this writing.,"那些拿Facebook IPO当作""HFT操纵""证据的人似乎也没想到：股价当时就跌破发行价，且直到本书写作时仍远低于发行价。",it 是形式主语，真主语是句末 that 从句；pointing to ... 是现在分词作后置定语修饰 those
287,术语,Time priority markets (such as the U.S. equity markets),时间优先市场,同价格挂单按时间先后成交的市场规则（价格优先、时间优先）
287,词组,a passive trader be fast on his feet,反应敏捷,"本义""脚下利索""；引申=随机应变快"
287,术语,if he doesn't want to get picked off,"不想被""狙击""吃掉",pick off = 逐个射杀→行情变化后没来得及撤的旧报价被人有利成交
287,术语,Decimalization of stocks,股票报价十进制化,2001年美股最小报价单位从1/16美元改为1美分，报价更密、更新更频繁
287,术语,Fragmentation in the U.S. equity market,美股市场的碎片化,同一只股票分散在十几家交易所同时交易的市场结构
287,术语,once they get filled on the size they are willing to trade,一旦按其愿意交易的数量成交,fill = 成交/执行订单；a fill = 一笔成交
287,多义,cancel the extra orders or risk being run over by active traders,"否则就冒被主动交易者""碾过""的风险",run over = 碾压；risk doing = 冒…的风险
287,生词,the liquidity being provided is merely a mirage,所提供的流动性只是海市蜃楼,mirage = 幻象（法语借词）；批评者称HFT流动性是虚的
287,术语,The average NBBO quote on SPY,SPY（跟踪标普500的ETF）,全球成交量最大的股票类标的，代码 SPY
287,多义,"which buys the HFT time (to do what, I'm not sure)",为HFT争取时间,"buy time = 争取/拖延时间，不是""购买时间"""
288,术语,the same microbursting problem,微突发问题,行情消息量在毫秒级瞬间暴增、堵塞系统的现象
288,生词,their data quality had deteriorated so much,数据质量已严重恶化,deteriorate = 恶化、变坏
288,生词,if exchanges were being hampered by HFTs,如果交易所真被HFT拖累,hamper = 妨碍、束缚
288,多义,"they warn, sanction, and if necessary ban traders",警告、处罚、必要时封禁交易者,"⚠sanction 正反同词：此处=处罚/制裁；另一义""批准、认可"""
288,术语,a variety of robustness checks,稳健性检验,换方法/换样本重跑模型，验证结论是否依然成立
288,术语,difference-in-differences tests,双重差分检验（DID）,计量经济学方法：用处理组与对照组前后变化之差识别因果效应
288,难句,"Requiring that a liquidity-providing passive trader allow himself to be picked off, in order to solve a nonexistent problem, doesn't seem likely to be an effective improvement to the current market structure.","为了解决一个根本不存在的问题而要求提供流动性的被动交易者甘愿被人""狙击""，这不太可能是对现行市场结构的有效改进。",动名词短语 Requiring that ... 作主语；require that + (should) allow 为虚拟语气省略 should；in order to 是插入状语
289,多义,The effect of HFT is more pronounced,更显著的,"此处形容词=明显的、突出的；不是""发音清晰的"""
289,生词,curtailing the frequency and severity of end-of-day manipulation,遏制；削减,curtail manipulation = 遏制操纵行为
289,术语,our findings are robust to different measures,（结论）稳健的；不随口径改变,统计术语：换一种度量方式结论依然成立；robustness = 稳健性
289,生词,computer software has glitches,（软件）小故障,glitch = 程序小毛病、突发差错
289,多义,lead to speculation that HFTs are to blame,猜测；揣测,"此处=猜测；⚠另一常见义""投机"""
289,词组,an abundance of evidence to the contrary,与此相反的（证据）,后置修饰=相反方向的；on the contrary（恰恰相反）是句间转折
289,生词,exonerated HFTs about as clearly as could be done,还…以清白；洗脱罪责,ex-（出）+onus（负担）：卸下罪责
289,词组,made no dent in the perception,丝毫未能撼动（那种看法）,dent=凹痕；make a dent in = 对…产生一点影响
289,多义,was probed in August 2010 for a bug,被（监管）调查,"此处动词=调查；另义""探针、探测器"""
289,多义,every HFT problem or computer hiccup,（电脑）小差错,"本义""打嗝""→引申为短暂的小故障"
289,术语,another fat finger error,胖手指错误,交易行话：下单时手误敲错价格或数量（如把1股60万日元敲成60万股1日元）
289,难句,"Indeed, it remains fairly widely asserted that the Flash Crash was a computer-driven event, despite both an abundance of evidence to the contrary and none in favor of such a theory.","事实上，""闪电崩盘是计算机驱动的事件""这一说法仍被广泛断言，尽管反面证据比比皆是、而支持这一说法的证据一条也没有。",it 是形式主语；despite both A and B：A=大量反证，B=none（省略 evidence）＝零支持证据
290,术语,wrongly entered the 6-digit SEDOL identifier,SEDOL 证券识别码,伦敦证交所的证券唯一编码；类似美国的 CUSIP
290,词组,It is clearly a matter of real concern worth putting in context,放到背景中去看待,in context = 结合背景；out of context = 断章取义
290,多义,heightened short-term volatility,升高了的；加剧的,"heighten = 提高、加剧；不是""身高"""
290,词组,geopolitical problems weighing on the markets,压制；拖累（市场）,"财经高频：利空因素""压在""市场上"
290,词组,The 1929 market crash that kicked off the Great Depression,引发；拉开…的序幕,源自足球开球；kickoff 名词=开局
290,生词,the decades-long stagnation in Japan's economy,（经济）停滞,stagnant = 停滞的（本义指死水不流动）
290,词组,are all by orders of magnitude more significant drivers,高出几个数量级地,order of magnitude = 数量级（相差10倍为一级）
290,术语,real money investors,真金白银型投资者,行话：养老金、共同基金等不加杠杆的传统长线资金
290,难句,"The 1929 market crash that kicked off the Great Depression, the spike in inflation and bond yields that crushed most assets in the 1970s, ..., and the problems in Greek and other Eurozone sovereigns are all by orders of magnitude more significant drivers of volatility than HFT will likely ever be.",从引发大萧条的1929年股灾、1970年代压垮多数资产的通胀与债券收益率飙升……到希腊等欧元区主权国家的问题，这些因素作为波动的驱动力都比高频交易可能达到的程度高出几个数量级。,超长并列主语（六七个名词短语各带定语从句）+ are all drivers；than HFT will likely ever be = 比较从句省略表语（significant）
291,术语,they tend to take home no overnight positions,隔夜头寸,高频交易商一般日内平仓、不留仓过夜
291,难句,"If the critics are right, we should see the open:close volatility increase at least as much as the close:close volatility, since that's the only time that HFTs could possibly affect prices.",如果批评者说得对，我们应当看到开盘至收盘的波动率涨幅至少与收盘至收盘的波动率涨幅相当，因为开盘时段是高频交易唯一可能影响价格的时间。,see + 宾语 + 不带 to 的不定式（see X increase）；at least as much as = 至少不小于…的比较结构
292,多义,an even more stark contrast,鲜明的；赤裸裸的,"stark contrast = 强烈反差；另义""荒凉的、光秃秃的"""
292,多义,intraday volatility has actually contracted,收缩；缩小,"此处动词=收缩；⚠不是""合同""（名词义）"
292,生词,far outstripping intraday volatility increases,远远超过,out- 前缀=胜过；对比 outpace、outperform 同构
292,术语,the median movements of the S&P,中位数,与 average（均值）相对：中位数不受极端值拉动
293,多义,a grave statistical error,严重的（错误）,"此处形容词=严重的、重大的；⚠名词义""坟墓"""
293,词组,mistake coincidence for causation,把巧合误当成因果,"mistake A for B = 把A错认成B；统计学经典警句""相关不等于因果"""
293,生词,the most damning argument against HFTs,最具杀伤力的；定罪性的,damn（诅咒/判罪）→damning evidence = 足以定罪的证据
293,生词,precludes one from drawing such a conclusion,排除…的可能；使无法,preclude sb from doing = 从逻辑上使某人无法做
293,生词,the probability ... is effectively nil,零；无,英式用法：等于零（比分、概率常用）；effectively = 实际上
293,难句,"Even if we make a grave statistical error and mistake coincidence for causation, the most damning argument against HFTs could be that, in the 20 instances where the market moved at least 4 percent in an intraday period over the last five and a half years, HFTs may have contributed to those large moves to some unknowable degree.","即使我们犯下严重的统计错误、把巧合误当因果，对高频交易最狠的指控也不过是：在过去五年半盘中波动至少4%的那20次事件里，高频交易商可能以某种无从知晓的程度对那些大幅波动""有所贡献""。",could be that 引导表语从句；从句内 in the 20 instances... 长状语前置，真正主干是 HFTs may have contributed；to some unknowable degree = 程度状语
294,多义,posting limit orders,挂（限价）单,post 此处=把订单挂进订单簿；区别于 post a loss（录得亏损）
294,术语,a friction that must be overcome before the market can move,摩擦,市场微观结构术语：阻碍价格移动或交易达成的因素
294,多义,Illiquidity breeds volatility,滋生；催生,"此处=引发、孕育；不是""繁殖、品种"""
294,词组,This fact seems lost on HFT's opponents,对…不起作用；未被…领会,be lost on sb = 某人完全没听进去/体会不到
294,生词,in times of duress,（市场）承压时期,duress = 胁迫、高压；under duress = 被迫
294,文化,These events occurred on May 29 1962.,这些事件发生在1962年5月29日。,"作者先详细描述崩盘再揭晓年份：1962年也发生过""闪崩""，证明没有计算机和高频交易市场照样会崩"
294,生词,the markets were already jittery,神经紧张的；惶惶不安的,jitters = 紧张不安；数据抖动也叫 jitter
294,多义,a brewing sovereign debt crisis,正在酝酿中的,"brew 本义""酿造/泡茶""→（危机、风暴）酝酿"
294,术语,sovereign debt crisis in Europe,主权债务,国家政府发行的债务；指2010年欧债危机
294,多义,a very tentative economic recovery,乏力的；不稳固的,"本义""试探性的""→（复苏）初步而脆弱"
295,生词,the volatility that ensued,随之而来,ensuing = 接踵而至的；正式书面语
295,多义,their 75000 contract order became the center of a snowball,雪球（效应）,连锁反应越滚越大；snowball 也可作动词=滚雪球式增长
295,生词,what transpired afterward has no bearing on that fact,发生,"正式语=happen；另义""透露出来"""
295,词组,has no bearing on that fact,与…毫无关系；不影响,"bearing 此处=关联；⚠不是""轴承""或""方位"""
295,词组,"statistical correlations dictated that other, similar stocks should follow suit",跟着做；效仿,源自纸牌：跟出同花色（suit=花色）
295,生词,the propagation of these volatile moves,扩散；传播,propagate = 传播/繁殖；此处指波动跨市场蔓延
295,词组,really picked up steam in the late 1990s,加速发展；势头渐猛,蒸汽机比喻：蓄足蒸汽跑得更快
295,术语,the declaration of Self Help,自救声明,Reg NMS 条款：某市场中心出故障时，其他交易所可宣布与其断开、不再向其发送订单
295,多义,was alleged to have problems with its technology,据称；被指称,alleged/allegedly = 据称的（未经证实）；法律语境高频
295,难句,"Third, the interconnectedness of instruments across various exchanges and instrument classes (e.g., S&P futures to S&P exchange-traded funds [ETFs] to the constituents of these ETFs, to the names that are peers of those constituents) in U.S. equities had a role in the propagation of these volatile moves across the marketplace.",第三，美股中跨交易所、跨品种类别的工具之间的互联性——例如从标普期货到跟踪标普的ETF，再到这些ETF的成分股，再到与成分股同类的其他个股——在这些剧烈波动向整个市场蔓延的过程中起了作用。,主语=interconnectedness，被超长括号举例插入切断，主干是 had a role in...；names 此处=个股
296,术语,the stub quotes issue,存根报价,做市商为履行报价义务挂出的远离市价的占位报价（如1美分）；闪崩时被真实成交造成荒谬价格
296,词组,they often screw up spectacularly once in a while,搞砸,口语；spectacularly = 壮观地（此处带讽刺：砸得很壮观）
296,术语,any required ex post enforcement,事后的（执法）,拉丁语；对应 ex ante（事前）；经济学论文常用
296,文化,people who make dumb trades tend to lose money for themselves (e.g. Knight Capital),骑士资本,2012年8月因部署错误代码45分钟亏损约4.6亿美元的著名做市商事故
296,生词,its being infuriating has nothing to do with HFT,令人愤怒的,fury（暴怒）→infuriate（激怒）；its being infuriating = 动名词复合结构
296,术语,an op-ed piece in the New York Times,评论版文章；专栏评论,opposite the editorial page 的缩写：报纸上刊登的观点文章
296,生词,a brilliant Nobel-laureate economist,获奖者,laurel（月桂）→桂冠得主；Nobel laureate = 诺奖得主
296,生词,despite all the rhetoric to the contrary,言辞；论调,常含贬义：唱高调的说辞；rhetorical question = 反问
296,难句,"I don't care about the fact, and it is a clear and indisputable fact despite all the rhetoric to the contrary, that HFTs actually provide an enormous amount of liquidity to the marketplace, which facilitates the trading activities of a great number of other types of players.",我不想拿这个事实说事——尽管各种论调唱反调，这是清楚且无可辩驳的事实——即高频交易商确实为市场提供了海量流动性，为许多其他类型参与者的交易活动提供了便利。,the fact ... that 同位语从句被超长插入语（and it is ... to the contrary）劈开；which 指代前面整个提供流动性的事实
297,词组,The first question that is begged when someone raises the banner of social value,（自然）引出的问题,"现代用法=引出问题；传统逻辑学义为""循环论证"""
297,词组,raises the banner of social value,高举…的大旗,banner = 旗帜、横幅
297,生词,so long as they do not impinge on the rights of others,侵犯；妨碍,名词 impingement；后文 the impingement of others' pursuits 同根
297,生词,its fallacious presumptions,谬误的；靠不住的,fallacy = 谬论；⚠形近 fabulous（极好的）
297,词组,the hot-headed talk from some outmoded corners,头脑发热的；冲动的,与后文 even-headed（头脑冷静的）形成对照
297,生词,outmoded corners of the marketplace,过时的；跟不上时代的,out + mode（模式）＝已出局的老一套；corner = 角落里的势力
297,词组,The SEC's report on the Flash Crash was even-keeled,四平八稳的；持中客观的,keel = 船的龙骨；船身放平→立场平稳不偏激
297,多义,surprisingly even-headed and downright thoughtful,十足地；简直,副词加强语气=完全、彻底
297,术语,a financial transaction tax (FTT),金融交易税,按成交金额对每笔交易征税的方案；作者称之为最愚蠢的监管构想之一
297,生词,volumes are likely to plummet,暴跌；直线下降,plumb（铅锤）同源：像铅锤一样直坠
297,术语,Banks' prime brokerage units,主经纪商业务,投行向对冲基金提供托管、融资融券、清算等一揽子服务的部门
298,多义,Futures volumes were off 98 percent,下跌了（98%）,off 表跌幅：be off X% = 较之前下降X%
298,生词,It was repealed in 1991,废除（法律）,专指废止法律法规；⚠形近 repel（击退）
298,生词,bogus AAA ratings,假冒的；伪造的,口语常用：bogus claims = 虚假声明
298,生词,it was in the form of vilification,污名化；恶意诋毁,vilify = 诋毁；vile = 卑劣的
298,生词,I don't care much about the bluster in the press,咆哮；虚张声势的叫嚣,也指狂风呼啸；blustery day = 大风天
298,生词,rather than heeding the biased voices,听从；理会,take heed of = 留心；heedless = 不加注意的
298,词组,we should be very wary of the unintended consequences,警惕；提防,⚠形近 weary（疲惫的）
298,词组,the unintended consequences of taking bad advice,意外后果；始料未及的副作用,政策讨论高频短语：好心办坏事的连带效应
298,术语,"Circuit breakers, which have long been proposed",熔断机制,涨跌超限即暂停交易的制度；本义电路断路器
298,多义,would be borne by pensions,由…承担,bear（承担）的过去分词；⚠borne（承担）≠born（出生）
298,难句,"We got paid pretty well, and if not being liked by someone who trusts what he reads in the news to be the whole story is the cost of that compensation, I'll take that trade every day.","我们的报酬相当不错，如果""被那些把新闻里读到的东西当成全部真相的人讨厌""就是这份报酬的代价，那这笔交易我天天都愿意做。","if 从句主语是超长动名词短语 not being liked by...；trust X to be Y = 相信X就是Y；take that trade = 交易员口吻""这买卖我干"""
299,词组,would go a very long way toward eliminating one of the most severe inefficiencies,对…大有帮助,go a long way = 起很大作用、成效显著
299,术语,ISO orders,跨市场扫单,intermarket sweep order：Reg NMS 下允许无视其他交易所报价直接成交的订单类型；普通投资者基本用不了
299,词组,"which are, for all practical purposes, unavailable to most investors",从实际效果看；实际上等于,= 就一切实际目的而言
299,生词,it behooves regulators to begin to arm themselves with technology,理应；有必要,固定句型 it behooves sb to do = 某人理当做某事
299,多义,any irregularities caused by their trading,违规行为；异常情况,"复数=违规/不轨行为；不是几何意义的""不规则"""
299,生词,people are prosecuted for calling in fake bomb threats,起诉；检控,⚠形近 persecute（迫害）
299,语法,"Just as people are prosecuted for calling in fake bomb threats, so should people be prosecuted for manipulation, front-running, and other bad behaviors.",正如打假炸弹威胁电话的人会被起诉，市场上搞操纵、抢跑等恶劣行为的人也应当被起诉。,"Just as ... so + 助动词倒装（so should people be...）= ""正如…也应当…"""
299,文化,to work as coal miners and chimney sweeps,扫烟囱工,工业革命时期英美常用童工钻进烟囱清扫；与童工下矿并列为需要立法禁止的历史恶行
299,多义,there's no cure for the vices of humanity,恶习；恶行,"此处名词=罪恶；⚠另义""副的""（vice president）、""老虎钳"""
299,多义,leaving the souvenir behind,"留下""纪念品""",幽默反讽：指狗在别人草坪上留下的粪便
300,生词,hurting others through malice and carelessness,恶意,malicious = 恶意的；与 carelessness（疏忽）相对成对出现
300,术语,"far longer than we've had computers, ECNs, or dark fiber",暗光纤,已铺设但未启用的光纤；高频商租用可获得专属低延迟线路
300,生词,continue to arise due to other factors since the advent of HFT,出现；问世,the advent of X = X的到来（原指基督降临节 Advent）
300,难句,"To take the attention off of the humans that engage in the activities that are harmful, and to focus on the instrument they use to cause harm, is folly.",把注意力从从事有害活动的人身上移开、转而盯着他们用来作恶的工具，是愚蠢的。,"两个不定式短语并列作主语，谓语是 is folly；instrument 此处=工具（呼应""电脑只是工具""的论点）"
303,生词,All evolution in thought and conduct must at first appear as heresy and misconduct.,异端邪说,萧伯纳名言；heretic = 异教徒、离经叛道者
303,语法,these strategies are not so much black boxes as much as systematic implementations of the kinds of things that human traders and investors have always done,与其说是A，不如说是B,not so much A as B 固定结构：否定A、强调B才是本质
303,生词,the backlash against quants,强烈反弹；集体抵制,lash = 鞭打→back+lash = 反弹回击的浪潮
303,多义,in the case of job displacement,（岗位）被取代,"displace = 取代、挤走；不是物理学的""位移"""
303,多义,these types of players are bitter and vocal,大声疾呼的；直言抗议的,"此处=公开发声表达不满；不是""声乐的"""
303,多义,interesting trends that bear watching,值得关注,"bear 此处=值得、经得起（bear scrutiny 经得起推敲）；⚠与""熊市/忍受""义区分"
303,词组,technology at the disposal of even less sophisticated market participants,供…随意使用,"at one's disposal = 归某人支配；disposal 另义""处置"""
303,难句,"However, the level of transparency available today, coupled with the level of technology at the disposal of even less sophisticated market participants and observers, has led to a continuous pressure to ensure that markets are simply fair, not merely less unfair.","然而，如今可获得的透明度，加上连不那么老练的市场参与者和观察者都能用上的技术，带来一种持续的压力：要确保市场就是公平的，而不仅仅是""没那么不公平""。",coupled with 插入语不改变主语单复数（主语仍是 the level，故用 has led）；simply fair 与 less unfair 对比修辞
304,术语,that asymptotic limit of minimal latency,渐近的,数学术语：无限逼近而永不到达的极限；此处指延迟正逼近物理极限
304,语法,outsmarting one another rather than simply outrunning one another,以智取胜（而非仅仅比谁跑得快）,out-前缀+动词=在该方面胜过对方：outsmart 智胜、outrun 跑赢、outperform 跑赢业绩
304,生词,the (unfounded) criticisms of HFT,毫无根据的,found 此处=奠基（foundation 同根）→没有根基的
304,多义,the landscape remains wide open for innovation,格局；版图,"此处=行业格局；不是""风景""；wide open = 空间还很大"
304,生词,combine human subjectivity with the objectivity and consistency of machines,主观性,subjective 主观的 ↔ objective 客观的
304,术语,"extremely noisy, dirty data","噪声大且""脏""的数据",数据行话：noisy = 信噪比低；dirty = 有错漏、格式混乱、需清洗
305,多义,a few HFT firms venture into the asset management business,冒险进军,"venture 动词=冒险尝试；名词义""风险投资、企业"""
305,生词,the success of these ventures has not been heartening,令人振奋的,hearten = 鼓舞；⚠反义 disheartening = 令人沮丧的
305,术语,bulge-bracket asset gathering outfits,顶级大行的；头部机构的,华尔街行话：招股书上字体加大排最前的领衔承销商→泛指最大牌的投行/机构
305,术语,care more about asset gathering than generating alpha,重规模扩张（轻业绩）,贬义：以做大管理规模、多收管理费为目标，而非创造超额收益
305,文化,The quant liquidation of 2007,2007年量化大平仓,2007年8月多家量化基金被迫同步减仓、策略互相踩踏引发连环亏损的事件
305,术语,The implementation of the Dodd-Frank prohibition on proprietary trading by banks,多德-弗兰克法案,2010年美国金融改革法；其中沃尔克规则禁止银行自营交易，迫使大批量化人才流出投行
305,多义,are simply unemployed and have few prospects,前景；出路,"复数=就业与发展机会；不是""勘探"""
306,多义,any startups that are not headed by brand name quants,名声响亮的；自带招牌的,brand name 作定语=业内知名的；head 作动词=领衔
306,生词,hedge funds are demonized in the popular press,妖魔化,demon = 恶魔；popular press = 大众媒体
306,多义,"failed IPOs, and a host of other ailments",病症；（经济的）毛病,"本义""小病小恙""→引申为经济问题"
306,词组,have been foisted onto quants and HFTs without any regard for the facts,强加给；栽到…头上,foist sth on/onto sb = 把（不好的东西）硬塞给某人
306,多义,geopolitical events that have rattled markets,使动荡；使慌乱,"本义""咔哒作响、摇晃""→使心神不宁；rattled = 慌了阵脚的"
306,词组,years of repeated once-in-a-lifetime events,百年一遇的；一生一遇的,"与 repeated 连用构成反讽：号称""一生一遇""却接连上演"
306,难句,"For quants, this may be a period of natural selection, in which the weaker or less lucky firms are forced out of the business while the stronger or luckier firms can survive only if they evolve.",对量化机构而言，这或许是一个自然选择的时期：较弱或运气较差的公司被迫出局，而较强或较幸运的公司也唯有进化才能生存。,"in which 定语从句内部套 while 对比结构再加 only if 条件；natural selection = 达尔文进化论比喻，呼应本章""必须进化""的主题"
